0.000000,-12.797888,0.000000
0.000000,-14.447952,0.000000
0.000000,-13.982069,0.000000
0.000000,-10.279982,0.000000
0.000000,-13.891790,0.000000
0.000000,-1.789495,0.000000
0.000000,-12.701643,0.000000
0.000000,-10.572193,0.000000
0.000000,-8.656935,0.000000
0.000000,-4.431533,0.000000
0.000000,-19.009680,0.000000
0.000000,-3.117813,0.000000
0.000000,-3.643285,0.000000
0.000000,-3.644412,0.000000
0.000000,-13.744471,0.000000
0.000000,-1.940647,0.000000
0.000000,1.298649,0.000000
0.000000,-7.783748,0.000000
0.000000,-10.575642,0.000000
0.000000,-9.977484,0.000000
0.000000,4.522423,0.000000
0.000000,-1.229689,0.000000
0.000000,-7.267061,0.000000
0.000000,-4.811492,0.000000
0.000000,-8.679254,0.000000
0.000000,-9.500974,0.000000
0.000000,-14.677415,0.000000
0.000000,-12.721238,0.000000
0.000000,-13.014137,0.000000
0.000000,-8.299114,0.000000
0.000000,-8.537014,0.000000
0.000000,-21.268322,0.000000
0.000000,-40.853363,0.000000
0.000000,-26.317232,0.000000
0.000000,-30.163342,0.000000
0.000000,-25.755760,0.000000
0.000000,-29.768135,0.000000
0.000000,-35.405273,0.000000
0.000000,-39.122060,0.000000
0.000000,-39.806522,0.000000
0.000000,-34.526600,0.000000
0.000000,-36.751220,0.000000
0.000000,-29.510487,0.000000
0.000000,-40.382780,0.000000
0.000000,-46.790580,0.000000
0.000000,-48.677135,0.000000
0.000000,-53.676857,0.000000
0.000000,-49.949820,0.000000
0.000000,-52.527060,0.000000
0.000000,-54.979107,0.000000
0.000000,-57.537567,0.000000
0.000000,-54.811660,0.000000
0.000000,-54.865036,0.000000
0.000000,-52.527016,0.000000
0.000000,-53.120650,0.000000
0.000000,-51.932160,0.000000
0.000000,-49.178460,0.000000
0.000000,-51.286034,0.000000
0.000000,-45.984623,0.000000
0.000000,-45.760708,0.000000
0.000000,-46.834614,0.000000
0.000000,-43.721250,0.000000
0.000000,-47.861034,0.000000
0.000000,-36.736404,0.000000
0.000000,-6.216726,0.000000
0.000000,-4.817649,0.000000
0.000000,-8.114808,0.000000
0.000000,-6.630057,0.000000
0.000000,-13.125853,0.000000
0.000000,-16.228605,0.000000
0.000000,-9.818071,0.000000
0.000000,-9.793733,0.000000
0.000000,-11.037113,0.000000
0.000000,-15.902354,0.000000
0.000000,-13.154573,0.000000
0.000000,-8.667442,0.000000
0.000000,-15.794745,0.000000
0.000000,-7.993101,0.000000
0.000000,-8.139853,0.000000
0.000000,-8.784016,0.000000
0.000000,-0.287454,0.000000
0.000000,7.124434,0.000000
0.000000,4.934665,0.000000
0.000000,8.092195,0.000000
0.000000,2.263902,0.000000
0.000000,2.241486,0.000000
0.000000,9.024294,0.000000
0.000000,15.588819,0.000000
0.000000,11.712074,0.000000
0.000000,9.927854,0.000000
0.000000,9.679409,0.000000
0.000000,8.442900,0.000000
0.000000,7.990416,0.000000
0.000000,8.832334,0.000000
0.000000,8.358140,0.000000
0.000000,6.679712,0.000000
0.000000,16.890467,0.000000
0.000000,6.118510,0.000000
0.000000,5.472827,0.000000
0.000000,4.537128,0.000000
0.000000,4.612912,0.000000
0.000000,8.550413,0.000000
0.000000,10.003091,0.000000
0.000000,12.844457,0.000000
0.000000,13.432058,0.000000
0.000000,18.861465,0.000000
0.000000,17.245623,0.000000
0.000000,19.441132,0.000000
0.000000,21.261385,0.000000
0.000000,18.573088,0.000000
0.000000,17.401134,0.000000
0.000000,17.840849,0.000000
0.000000,17.345730,0.000000
0.000000,18.039108,0.000000
0.000000,19.252644,0.000000
0.000000,18.786139,0.000000
0.000000,16.873144,0.000000
0.000000,20.221981,0.000000
0.000000,20.788460,0.000000
0.000000,19.757494,0.000000
0.000000,19.704130,0.000000
0.000000,18.490221,0.000000
0.000000,16.476423,0.000000
0.000000,17.074575,0.000000
0.000000,18.846716,0.000000
0.000000,18.143280,0.000000
0.000000,22.848295,0.000000
0.000000,18.592857,0.000000
0.000000,17.747444,0.000000
0.000000,17.443417,0.000000
0.000000,18.430893,0.000000
0.000000,17.425730,0.000000
0.000000,18.160677,0.000000
0.000000,18.013660,0.000000
0.000000,17.872322,0.000000
0.000000,17.298368,0.000000
0.000000,20.666265,0.000000
0.000000,17.883030,0.000000
0.000000,14.335624,0.000000
0.000000,19.841404,0.000000
0.000000,18.849298,0.000000
0.000000,19.438316,0.000000
0.000000,20.877718,0.000000
0.000000,15.513313,0.000000
0.000000,16.529324,0.000000
0.000000,16.294650,0.000000
0.000000,16.142157,0.000000
0.000000,17.154219,0.000000
0.000000,14.545198,0.000000
0.000000,13.556277,0.000000
0.000000,9.685690,0.000000
0.000000,7.432030,0.000000
0.000000,23.291082,0.000000
0.000000,12.944025,0.000000
0.000000,12.106869,0.000000
0.000000,9.446404,0.000000
0.000000,12.037560,0.000000
0.000000,12.052587,0.000000
0.000000,12.036092,0.000000
0.000000,7.778847,0.000000
0.000000,17.579226,0.000000
0.000000,3.768384,0.000000
0.000000,-2.658997,0.000000
0.000000,-9.949939,0.000000
0.000000,-12.294815,0.000000
0.000000,-14.775709,0.000000
0.000000,-13.872553,0.000000
0.000000,-8.716115,0.000000
0.000000,-10.913676,0.000000
0.000000,-15.202881,0.000000
0.000000,-8.983617,0.000000
0.000000,-15.541229,0.000000
0.000000,-15.532781,0.000000
0.000000,-15.649873,0.000000
0.000000,-16.460026,0.000000
0.000000,-22.953938,0.000000
0.000000,-18.123604,0.000000
0.000000,-12.374686,0.000000
0.000000,-10.904462,0.000000
0.000000,-19.990025,0.000000
0.000000,-22.537292,0.000000
0.000000,-26.643341,0.000000
0.000000,-24.872164,0.000000
0.000000,-31.460020,0.000000
0.000000,-29.925476,0.000000
0.000000,-43.753403,0.000000
0.000000,-48.169930,0.000000
0.000000,-47.153070,0.000000
0.000000,-48.575810,0.000000
0.000000,-57.683105,0.000000
0.000000,-51.692665,0.000000
0.000000,-63.065710,0.000000
0.000000,-64.084980,0.000000
0.000000,-64.172650,0.000000
0.000000,-60.145008,0.000000
0.000000,-59.101078,0.000000
0.000000,-58.465046,0.000000
0.000000,-59.710197,0.000000
0.000000,-60.572870,0.000000
0.000000,-67.513150,0.000000
0.000000,-68.757706,0.000000
0.000000,-68.795010,0.000000
0.000000,-64.927345,0.000000
0.000000,-65.902504,0.000000
0.000000,-58.056760,0.000000
0.000000,-63.189636,0.000000
0.000000,-60.742123,0.000000
0.000000,-60.876290,0.000000
0.000000,-57.774563,0.000000
0.000000,-57.348740,0.000000
0.000000,-43.375465,0.000000
0.000000,-45.713650,0.000000
0.000000,-41.817493,0.000000
0.000000,-44.392666,0.000000
0.000000,-46.744152,0.000000
0.000000,-46.977215,0.000000
0.000000,-57.723350,0.000000
0.000000,-54.248070,0.000000
0.000000,-49.289190,0.000000
0.000000,-43.823980,0.000000
0.000000,-39.869152,0.000000
0.000000,-9.663348,0.000000
0.000000,-1.398972,0.000000
0.000000,-0.013842,0.000000
0.000000,-2.172901,0.000000
0.000000,-5.737144,0.000000
0.000000,-10.346114,0.000000
0.000000,-8.660601,0.000000
0.000000,-5.404845,0.000000
0.000000,-9.427047,0.000000
0.000000,-19.265825,0.000000
0.000000,-14.184883,0.000000
0.000000,-10.468565,0.000000
0.000000,-7.096176,0.000000
0.000000,-7.155674,0.000000
0.000000,-4.648817,0.000000
0.000000,1.560534,0.000000
0.000000,1.012091,0.000000
0.000000,12.989198,0.000000
0.000000,29.044538,0.000000
0.000000,28.151468,0.000000
0.000000,21.693739,0.000000
0.000000,23.948112,0.000000
0.000000,22.492067,0.000000
0.000000,28.174263,0.000000
0.000000,30.912806,0.000000
0.000000,28.774342,0.000000
0.000000,30.326122,0.000000
0.000000,30.929573,0.000000
0.000000,33.618073,0.000000
0.000000,27.772575,0.000000
0.000000,38.126205,0.000000
0.000000,29.528938,0.000000
0.000000,37.084240,0.000000
0.000000,36.138760,0.000000
0.000000,35.755634,0.000000
0.000000,38.536716,0.000000
0.000000,51.644500,0.000000
0.000000,50.874546,0.000000
0.000000,45.633700,0.000000
0.000000,44.857132,0.000000
0.000000,43.374332,0.000000
0.000000,43.175087,0.000000
0.000000,40.340180,0.000000
0.000000,43.714855,0.000000
0.000000,47.668020,0.000000
0.000000,44.481792,0.000000
0.000000,31.107613,0.000000
0.000000,32.152570,0.000000
0.000000,38.288593,0.000000
0.000000,18.142822,0.000000
0.000000,40.741350,0.000000
0.000000,41.909286,0.000000
0.000000,41.622177,0.000000
0.000000,46.067660,0.000000
0.000000,47.978703,0.000000
0.000000,52.212990,0.000000
0.000000,48.407333,0.000000
0.000000,45.154705,0.000000
0.000000,44.788670,0.000000
0.000000,49.673313,0.000000
0.000000,43.624550,0.000000
0.000000,42.762123,0.000000
0.000000,40.199660,0.000000
0.000000,48.074170,0.000000
0.000000,49.461987,0.000000
0.000000,48.526276,0.000000
0.000000,48.435947,0.000000
0.000000,49.597850,0.000000
0.000000,50.589134,0.000000
0.000000,49.154396,0.000000
0.000000,49.645820,0.000000
0.000000,48.380173,0.000000
0.000000,50.442635,0.000000
0.000000,49.952137,0.000000
0.000000,48.055893,0.000000
0.000000,35.116910,0.000000
0.000000,37.358273,0.000000
0.000000,38.202760,0.000000
0.000000,40.465960,0.000000
0.000000,39.970787,0.000000
0.000000,32.028183,0.000000
0.000000,35.378345,0.000000
0.000000,42.291435,0.000000
0.000000,43.381030,0.000000
0.000000,35.843000,0.000000
0.000000,32.803444,0.000000
0.000000,34.171220,0.000000
0.000000,35.079630,0.000000
0.000000,34.156345,0.000000
0.000000,36.230870,0.000000
0.000000,34.176426,0.000000
0.000000,30.756460,0.000000
0.000000,32.634040,0.000000
0.000000,31.796410,0.000000
0.000000,30.461275,0.000000
0.000000,29.240839,0.000000
0.000000,31.429302,0.000000
0.000000,31.170485,0.000000
0.000000,28.780266,0.000000
0.000000,21.872719,0.000000
0.000000,20.402544,0.000000
0.000000,19.751429,0.000000
0.000000,20.383917,0.000000
0.000000,23.839352,0.000000
0.000000,19.250353,0.000000
0.000000,22.683979,0.000000
0.000000,20.897938,0.000000
0.000000,19.076510,0.000000
0.000000,10.678188,0.000000
0.000000,7.500633,0.000000
0.000000,6.680292,0.000000
0.000000,8.635451,0.000000
0.000000,9.523505,0.000000
0.000000,8.370414,0.000000
0.000000,11.807682,0.000000
0.000000,11.103504,0.000000
0.000000,9.206278,0.000000
0.000000,9.686720,0.000000
0.000000,10.844575,0.000000
0.000000,13.328656,0.000000
0.000000,14.270308,0.000000
0.000000,14.451037,0.000000
0.000000,16.162395,0.000000
0.000000,16.157520,0.000000
0.000000,16.793259,0.000000
0.000000,13.751561,0.000000
0.000000,13.367996,0.000000
0.000000,14.774670,0.000000
0.000000,14.795359,0.000000
0.000000,13.132369,0.000000
0.000000,19.070745,0.000000
0.000000,19.180561,0.000000
0.000000,21.077349,0.000000
0.000000,29.601048,0.000000
0.000000,7.513357,0.000000
0.000000,-4.185183,0.000000
0.000000,-16.951305,0.000000
0.000000,-16.607845,0.000000
0.000000,-15.971285,0.000000
0.000000,-23.276447,0.000000
0.000000,-22.038310,0.000000
0.000000,-17.959290,0.000000
0.000000,-35.412323,0.000000
0.000000,-18.773987,0.000000
0.000000,-30.741760,0.000000
0.000000,-27.125988,0.000000
0.000000,-30.912767,0.000000
0.000000,-19.743927,0.000000
0.000000,-24.268194,0.000000
0.000000,-30.708235,0.000000
0.000000,-39.133446,0.000000
0.000000,-40.817950,0.000000
0.000000,-51.282627,0.000000
0.000000,-55.705660,0.000000
0.000000,-53.569202,0.000000
0.000000,-47.666023,0.000000
0.000000,-51.649920,0.000000
0.000000,-55.416973,0.000000
0.000000,-53.278297,0.000000
0.000000,-53.063110,0.000000
0.000000,-55.726210,0.000000
0.000000,-59.261208,0.000000
0.000000,-59.583904,0.000000
0.000000,-59.306133,0.000000
0.000000,-59.828396,0.000000
0.000000,-63.230526,0.000000
0.000000,-65.838290,0.000000
0.000000,-63.838980,0.000000
0.000000,-63.977030,0.000000
0.000000,-65.426170,0.000000
0.000000,-62.603603,0.000000
0.000000,-67.326500,0.000000
0.000000,-54.443920,0.000000
0.000000,-59.911137,0.000000
0.000000,-52.647910,0.000000
0.000000,-57.138786,0.000000
0.000000,-57.832016,0.000000
0.000000,-58.730595,0.000000
0.000000,-49.998890,0.000000
0.000000,-40.473915,0.000000
0.000000,-32.338310,0.000000
0.000000,-21.326391,0.000000
0.000000,-16.162144,0.000000
0.000000,-15.644540,0.000000
0.000000,-13.393263,0.000000
0.000000,-25.216686,0.000000
0.000000,-16.155476,0.000000
0.000000,-18.401150,0.000000
0.000000,-11.372663,0.000000
0.000000,-10.120879,0.000000
0.000000,-14.762564,0.000000
0.000000,-8.767939,0.000000
0.000000,-9.942517,0.000000
0.000000,-5.008954,0.000000
0.000000,2.859277,0.000000
0.000000,9.146357,0.000000
0.000000,2.976639,0.000000
0.000000,12.459691,0.000000
0.000000,12.411860,0.000000
0.000000,30.368670,0.000000
0.000000,28.621714,0.000000
0.000000,31.684122,0.000000
0.000000,33.699406,0.000000
0.000000,29.741102,0.000000
0.000000,30.949999,0.000000
0.000000,14.205604,0.000000
0.000000,32.275036,0.000000
0.000000,45.559475,0.000000
0.000000,43.663650,0.000000
0.000000,38.005200,0.000000
0.000000,41.443684,0.000000
0.000000,39.608833,0.000000
0.000000,44.074203,0.000000
0.000000,47.719975,0.000000
0.000000,48.021780,0.000000
0.000000,49.772083,0.000000
0.000000,48.282078,0.000000
0.000000,48.515100,0.000000
0.000000,49.178352,0.000000
0.000000,48.374530,0.000000
0.000000,48.946384,0.000000
0.000000,50.632046,0.000000
0.000000,50.379837,0.000000
0.000000,49.134987,0.000000
0.000000,48.573320,0.000000
0.000000,45.844860,0.000000
0.000000,44.151700,0.000000
0.000000,48.633090,0.000000
0.000000,26.091530,0.000000
0.000000,24.581814,0.000000
0.000000,18.864632,0.000000
0.000000,16.644106,0.000000
0.000000,21.505922,0.000000
0.000000,18.755535,0.000000
0.000000,18.767675,0.000000
0.000000,21.951496,0.000000
0.000000,19.286842,0.000000
0.000000,46.125410,0.000000
0.000000,44.400430,0.000000
0.000000,43.547512,0.000000
0.000000,47.230390,0.000000
0.000000,45.815956,0.000000
0.000000,47.853123,0.000000
0.000000,46.347057,0.000000
0.000000,48.896416,0.000000
0.000000,50.001186,0.000000
0.000000,48.634796,0.000000
0.000000,49.370575,0.000000
0.000000,51.383940,0.000000
0.000000,50.162550,0.000000
0.000000,50.227757,0.000000
0.000000,48.694360,0.000000
0.000000,50.110470,0.000000
0.000000,50.279877,0.000000
0.000000,49.101760,0.000000
0.000000,48.819187,0.000000
0.000000,51.266502,0.000000
0.000000,52.212627,0.000000
0.000000,52.359737,0.000000
0.000000,50.635124,0.000000
0.000000,50.151756,0.000000
0.000000,50.193184,0.000000
0.000000,48.737156,0.000000
0.000000,51.873066,0.000000
0.000000,50.783550,0.000000
0.000000,51.441540,0.000000
0.000000,51.808960,0.000000
0.000000,51.300518,0.000000
0.000000,50.631462,0.000000
0.000000,48.832760,0.000000
0.000000,52.225666,0.000000
0.000000,52.059460,0.000000
0.000000,52.910282,0.000000
0.000000,46.682080,0.000000
0.000000,50.332115,0.000000
0.000000,52.150883,0.000000
0.000000,47.004288,0.000000
0.000000,42.318516,0.000000
0.000000,45.532127,0.000000
0.000000,44.329903,0.000000
0.000000,34.580105,0.000000
0.000000,36.499714,0.000000
0.000000,38.086246,0.000000
0.000000,35.166775,0.000000
0.000000,29.986528,0.000000
0.000000,31.238276,0.000000
0.000000,27.889395,0.000000
0.000000,28.027517,0.000000
0.000000,25.316442,0.000000
0.000000,33.348946,0.000000
0.000000,32.869366,0.000000
0.000000,34.896460,0.000000
0.000000,32.716400,0.000000
0.000000,23.426424,0.000000
0.000000,21.553122,0.000000
0.000000,21.266771,0.000000
0.000000,20.937946,0.000000
0.000000,13.498755,0.000000
0.000000,16.569447,0.000000
0.000000,12.240275,0.000000
0.000000,13.440845,0.000000
0.000000,17.607462,0.000000
0.000000,14.954558,0.000000
0.000000,19.940348,0.000000
0.000000,13.734892,0.000000
0.000000,17.952248,0.000000
0.000000,17.623081,0.000000
0.000000,16.051064,0.000000
0.000000,19.096850,0.000000
0.000000,15.640868,0.000000
0.000000,12.681992,0.000000
0.000000,15.004453,0.000000
0.000000,15.849790,0.000000
0.000000,24.895498,0.000000
0.000000,18.541700,0.000000
0.000000,16.476171,0.000000
0.000000,20.189518,0.000000
0.000000,13.604857,0.000000
0.000000,13.655673,0.000000
0.000000,12.294312,0.000000
0.000000,15.989784,0.000000
0.000000,17.944150,0.000000
0.000000,22.036139,0.000000
0.000000,23.064604,0.000000
0.000000,18.139688,0.000000
0.000000,15.742816,0.000000
0.000000,9.340872,0.000000
0.000000,5.096420,0.000000
0.000000,1.376678,0.000000
0.000000,-5.516164,0.000000
0.000000,-10.023886,0.000000
0.000000,-18.798900,0.000000
0.000000,-18.312220,0.000000
0.000000,-20.180454,0.000000
0.000000,-18.717780,0.000000
0.000000,-20.315197,0.000000
0.000000,-24.655582,0.000000
0.000000,-32.011917,0.000000
0.000000,-31.697536,0.000000
0.000000,-30.971046,0.000000
0.000000,-47.508770,0.000000
0.000000,-48.151955,0.000000
0.000000,-48.440887,0.000000
0.000000,-45.514520,0.000000
0.000000,-58.994953,0.000000
0.000000,-56.156350,0.000000
0.000000,-57.154720,0.000000
0.000000,-53.451675,0.000000
0.000000,-53.313755,0.000000
0.000000,-53.453270,0.000000
0.000000,-52.744022,0.000000
0.000000,-56.633347,0.000000
0.000000,-58.246223,0.000000
0.000000,-58.708210,0.000000
0.000000,-55.274160,0.000000
0.000000,-60.263596,0.000000
0.000000,-54.279400,0.000000
0.000000,-57.240730,0.000000
0.000000,-56.801810,0.000000
0.000000,-58.569010,0.000000
0.000000,-58.503357,0.000000
0.000000,-50.004220,0.000000
0.000000,-45.215515,0.000000
0.000000,-40.787730,0.000000
0.000000,-31.086594,0.000000
0.000000,-35.965137,0.000000
0.000000,-35.191124,0.000000
0.000000,-23.387972,0.000000
0.000000,-13.296502,0.000000
0.000000,-27.570396,0.000000
0.000000,-29.446037,0.000000
0.000000,-35.529842,0.000000
0.000000,-36.920082,0.000000
0.000000,-43.549570,0.000000
0.000000,-32.693400,0.000000
0.000000,-32.873990,0.000000
0.000000,-15.796793,0.000000
0.000000,-13.982263,0.000000
0.000000,-14.483837,0.000000
0.000000,-8.593693,0.000000
0.000000,-8.035637,0.000000
0.000000,-4.811716,0.000000
0.000000,-3.369002,0.000000
0.000000,9.400343,0.000000
0.000000,24.818287,0.000000
0.000000,31.592628,0.000000
0.000000,30.258322,0.000000
0.000000,32.015965,0.000000
0.000000,28.788406,0.000000
0.000000,37.977030,0.000000
0.000000,38.474564,0.000000
0.000000,39.115177,0.000000
0.000000,40.852646,0.000000
0.000000,41.116425,0.000000
0.000000,27.474106,0.000000
0.000000,39.059357,0.000000
0.000000,42.070774,0.000000
0.000000,40.519100,0.000000
0.000000,44.606155,0.000000
0.000000,45.897260,0.000000
0.000000,45.437004,0.000000
0.000000,30.091026,0.000000
0.000000,45.096260,0.000000
0.000000,43.218540,0.000000
0.000000,46.283096,0.000000
0.000000,43.512833,0.000000
0.000000,49.652683,0.000000
0.000000,48.391167,0.000000
0.000000,52.328083,0.000000
0.000000,52.140266,0.000000
0.000000,52.157158,0.000000
0.000000,51.103800,0.000000
0.000000,52.038670,0.000000
0.000000,52.698900,0.000000
0.000000,54.077362,0.000000
0.000000,53.694786,0.000000
0.000000,50.100353,0.000000
0.000000,54.695240,0.000000
0.000000,54.912598,0.000000
0.000000,54.085020,0.000000
0.000000,52.438270,0.000000
0.000000,50.473938,0.000000
0.000000,52.004710,0.000000
0.000000,54.367710,0.000000
0.000000,52.776836,0.000000
0.000000,46.525300,0.000000
0.000000,46.082253,0.000000
0.000000,41.438595,0.000000
0.000000,37.152060,0.000000
0.000000,39.838387,0.000000
0.000000,31.110044,0.000000
0.000000,38.738720,0.000000
0.000000,42.661064,0.000000
0.000000,41.182854,0.000000
0.000000,42.796482,0.000000
0.000000,39.678610,0.000000
0.000000,32.460050,0.000000
0.000000,27.214499,0.000000
0.000000,30.710453,0.000000
0.000000,31.607292,0.000000
0.000000,30.298620,0.000000
0.000000,30.257500,0.000000
0.000000,32.503384,0.000000
0.000000,28.699245,0.000000
0.000000,24.983310,0.000000
0.000000,26.339453,0.000000
0.000000,25.847126,0.000000
0.000000,23.782568,0.000000
0.000000,30.942469,0.000000
0.000000,21.049683,0.000000
0.000000,22.366987,0.000000
0.000000,17.094933,0.000000
0.000000,14.016604,0.000000
0.000000,13.665789,0.000000
0.000000,12.616675,0.000000
0.000000,14.046043,0.000000
0.000000,11.963980,0.000000
0.000000,11.299037,0.000000
0.000000,9.971735,0.000000
0.000000,10.323788,0.000000
0.000000,9.371791,0.000000
0.000000,8.265415,0.000000
0.000000,7.851333,0.000000
0.000000,3.870501,0.000000
0.000000,6.474669,0.000000
0.000000,10.795125,0.000000
0.000000,9.595951,0.000000
0.000000,7.435757,0.000000
0.000000,3.306487,0.000000
0.000000,2.687316,0.000000
0.000000,-8.232374,0.000000
0.000000,-6.664444,0.000000
0.000000,-4.775624,0.000000
0.000000,-1.981564,0.000000
0.000000,-16.205904,0.000000
0.000000,-28.664965,0.000000
0.000000,-18.380050,0.000000
0.000000,-25.224281,0.000000
0.000000,-46.981842,0.000000
0.000000,-38.323500,0.000000
0.000000,-45.787594,0.000000
0.000000,-49.567550,0.000000
0.000000,-45.950294,0.000000
0.000000,-45.714684,0.000000
0.000000,-47.462810,0.000000
0.000000,-46.981503,0.000000
0.000000,-53.751640,0.000000
0.000000,-52.872902,0.000000
0.000000,-61.905200,0.000000
0.000000,-58.782780,0.000000
0.000000,-57.686726,0.000000
0.000000,-57.343143,0.000000
0.000000,-61.069110,0.000000
0.000000,-64.418686,0.000000
0.000000,-65.112650,0.000000
0.000000,-60.114540,0.000000
0.000000,-63.641323,0.000000
0.000000,-61.182114,0.000000
0.000000,-63.057280,0.000000
0.000000,-64.948820,0.000000
0.000000,-54.419220,0.000000
0.000000,-55.009525,0.000000
0.000000,-44.563538,0.000000
0.000000,-33.835920,0.000000
0.000000,-27.194910,0.000000
0.000000,-29.989096,0.000000
0.000000,-45.986750,0.000000
0.000000,-42.419030,0.000000
0.000000,-37.669365,0.000000
0.000000,-32.780110,0.000000
0.000000,-32.396767,0.000000
0.000000,-12.470634,0.000000
0.000000,-20.093592,0.000000
0.000000,-12.674818,0.000000
0.000000,-14.085330,0.000000
0.000000,-9.930833,0.000000
0.000000,-13.071916,0.000000
0.000000,-11.882998,0.000000
0.000000,-9.107606,0.000000
0.000000,-12.138879,0.000000
0.000000,-4.914395,0.000000
0.000000,-5.730025,0.000000
0.000000,-1.241436,0.000000
0.000000,1.917750,0.000000
0.000000,-0.476501,0.000000
0.000000,1.906238,0.000000
0.000000,2.764398,0.000000
0.000000,-2.017629,0.000000
0.000000,-2.122687,0.000000
0.000000,0.610929,0.000000
0.000000,11.269730,0.000000
0.000000,18.100706,0.000000
0.000000,17.684582,0.000000
0.000000,24.548677,0.000000
0.000000,27.211273,0.000000
0.000000,22.855440,0.000000
0.000000,26.446497,0.000000
0.000000,18.524403,0.000000
0.000000,19.157148,0.000000
0.000000,21.471731,0.000000
0.000000,31.356176,0.000000
0.000000,33.521374,0.000000
0.000000,32.069454,0.000000
0.000000,31.822304,0.000000
0.000000,29.415182,0.000000
0.000000,24.893560,0.000000
0.000000,25.558880,0.000000
0.000000,33.783188,0.000000
0.000000,37.292550,0.000000
0.000000,40.982338,0.000000
0.000000,40.977970,0.000000
0.000000,40.537178,0.000000
0.000000,39.385760,0.000000
0.000000,46.951960,0.000000
0.000000,50.770927,0.000000
0.000000,53.254883,0.000000
0.000000,56.726936,0.000000
0.000000,55.570830,0.000000
0.000000,52.026535,0.000000
0.000000,53.360027,0.000000
0.000000,55.177390,0.000000
0.000000,55.696423,0.000000
0.000000,55.637184,0.000000
0.000000,55.913260,0.000000
0.000000,43.924370,0.000000
0.000000,55.948174,0.000000
0.000000,56.143780,0.000000
0.000000,55.614650,0.000000
0.000000,54.735450,0.000000
0.000000,55.105213,0.000000
0.000000,56.827080,0.000000
0.000000,55.775814,0.000000
0.000000,51.252823,0.000000
0.000000,42.622063,0.000000
0.000000,33.900936,0.000000
0.000000,32.997986,0.000000
0.000000,36.573640,0.000000
0.000000,32.219063,0.000000
0.000000,37.542213,0.000000
0.000000,31.344261,0.000000
0.000000,34.511253,0.000000
0.000000,39.095562,0.000000
0.000000,39.780480,0.000000
0.000000,40.731750,0.000000
0.000000,38.501137,0.000000
0.000000,30.128464,0.000000
0.000000,33.747810,0.000000
0.000000,29.843182,0.000000
0.000000,29.979761,0.000000
0.000000,25.696861,0.000000
0.000000,25.151237,0.000000
0.000000,25.197445,0.000000
0.000000,25.195374,0.000000
0.000000,26.454632,0.000000
0.000000,18.261604,0.000000
0.000000,21.002869,0.000000
0.000000,15.165354,0.000000
0.000000,16.457014,0.000000
0.000000,15.551918,0.000000
0.000000,5.052984,0.000000
0.000000,6.328575,0.000000
0.000000,5.609159,0.000000
0.000000,8.641420,0.000000
0.000000,3.850306,0.000000
0.000000,7.068981,0.000000
0.000000,8.002850,0.000000
0.000000,10.255932,0.000000
0.000000,7.609456,0.000000
0.000000,3.621123,0.000000
0.000000,2.433972,0.000000
0.000000,4.972611,0.000000
0.000000,3.621791,0.000000
0.000000,15.951580,0.000000
0.000000,5.939905,0.000000
0.000000,4.909791,0.000000
0.000000,3.220062,0.000000
0.000000,3.965492,0.000000
0.000000,4.770382,0.000000
0.000000,-2.005708,0.000000
0.000000,3.786218,0.000000
0.000000,4.885617,0.000000
0.000000,3.380714,0.000000
0.000000,6.299891,0.000000
0.000000,5.880010,0.000000
0.000000,6.601469,0.000000
0.000000,5.752377,0.000000
0.000000,1.963168,0.000000
0.000000,4.167030,0.000000
0.000000,5.247731,0.000000
0.000000,2.252893,0.000000
0.000000,-3.060775,0.000000
0.000000,0.662338,0.000000
0.000000,2.783347,0.000000
0.000000,-1.912275,0.000000
0.000000,-6.421283,0.000000
0.000000,-12.575906,0.000000
0.000000,-10.501290,0.000000
0.000000,-7.766635,0.000000
0.000000,-0.238366,0.000000
0.000000,3.398704,0.000000
0.000000,2.115166,0.000000
0.000000,-22.069662,0.000000
0.000000,-29.076668,0.000000
0.000000,-33.960323,0.000000
0.000000,-44.411278,0.000000
0.000000,-44.200363,0.000000
0.000000,-44.279957,0.000000
0.000000,-44.785736,0.000000
0.000000,-42.368156,0.000000
0.000000,-47.803253,0.000000
0.000000,-56.766560,0.000000
0.000000,-62.447150,0.000000
0.000000,-64.024730,0.000000
0.000000,-61.580605,0.000000
0.000000,-64.184326,0.000000
0.000000,-60.102130,0.000000
0.000000,-64.270080,0.000000
0.000000,-65.683270,0.000000
0.000000,-60.914330,0.000000
0.000000,-59.550170,0.000000
0.000000,-59.808784,0.000000
0.000000,-57.661472,0.000000
0.000000,-57.530280,0.000000
0.000000,-62.022484,0.000000
0.000000,-62.732960,0.000000
0.000000,-69.973470,0.000000
0.000000,-70.318535,0.000000
0.000000,-69.707825,0.000000
0.000000,-71.066750,0.000000
0.000000,-64.210260,0.000000
0.000000,-56.423410,0.000000
0.000000,-53.310772,0.000000
0.000000,-52.525494,0.000000
0.000000,-52.820640,0.000000
0.000000,-47.664413,0.000000
0.000000,-45.835514,0.000000
0.000000,-47.469770,0.000000
0.000000,-23.102192,0.000000
0.000000,-29.807032,0.000000
0.000000,-21.561531,0.000000
0.000000,-12.042615,0.000000
0.000000,-15.025281,0.000000
0.000000,-12.828469,0.000000
0.000000,-13.853663,0.000000
0.000000,-9.877459,0.000000
0.000000,-2.159042,0.000000
0.000000,0.878976,0.000000
0.000000,-0.890993,0.000000
0.000000,-1.509506,0.000000
0.000000,2.382317,0.000000
0.000000,15.639822,0.000000
0.000000,24.626678,0.000000
0.000000,23.729177,0.000000
0.000000,23.483717,0.000000
0.000000,26.106308,0.000000
0.000000,26.426687,0.000000
0.000000,26.288494,0.000000
0.000000,27.453377,0.000000
0.000000,23.133356,0.000000
0.000000,23.903933,0.000000
0.000000,26.225437,0.000000
0.000000,26.859983,0.000000
0.000000,21.717682,0.000000
0.000000,23.843490,0.000000
0.000000,24.906902,0.000000
0.000000,30.485710,0.000000
0.000000,29.659956,0.000000
0.000000,36.293220,0.000000
0.000000,41.616990,0.000000
0.000000,35.461086,0.000000
0.000000,40.984756,0.000000
0.000000,41.921314,0.000000
0.000000,40.924763,0.000000
0.000000,43.406593,0.000000
0.000000,49.865635,0.000000
0.000000,51.909706,0.000000
0.000000,50.559155,0.000000
0.000000,53.825012,0.000000
0.000000,55.884610,0.000000
0.000000,58.118187,0.000000
0.000000,54.555880,0.000000
0.000000,51.367325,0.000000
0.000000,51.282284,0.000000
0.000000,51.731197,0.000000
0.000000,50.058460,0.000000
0.000000,51.550488,0.000000
0.000000,48.081110,0.000000
0.000000,52.787308,0.000000
0.000000,52.460530,0.000000
0.000000,52.781445,0.000000
0.000000,59.121260,0.000000
0.000000,58.173990,0.000000
0.000000,54.362550,0.000000
0.000000,53.647170,0.000000
0.000000,56.245003,0.000000
0.000000,54.906250,0.000000
0.000000,45.663452,0.000000
0.000000,47.807125,0.000000
0.000000,36.847775,0.000000
0.000000,38.397125,0.000000
0.000000,34.763603,0.000000
0.000000,37.736526,0.000000
0.000000,36.894460,0.000000
0.000000,34.126865,0.000000
0.000000,34.428894,0.000000
0.000000,29.819986,0.000000
0.000000,38.880947,0.000000
0.000000,32.538567,0.000000
0.000000,36.150870,0.000000
0.000000,39.652760,0.000000
0.000000,31.833555,0.000000
0.000000,32.201874,0.000000
0.000000,25.146618,0.000000
0.000000,19.621592,0.000000
0.000000,16.545140,0.000000
0.000000,17.269022,0.000000
0.000000,18.833889,0.000000
0.000000,14.973313,0.000000
0.000000,23.573810,0.000000
0.000000,17.361559,0.000000
0.000000,15.034798,0.000000
0.000000,18.703308,0.000000
0.000000,12.913794,0.000000
0.000000,11.649544,0.000000
0.000000,11.840035,0.000000
0.000000,14.181932,0.000000
0.000000,7.101086,0.000000
0.000000,10.535066,0.000000
0.000000,10.270930,0.000000
0.000000,10.801738,0.000000
0.000000,10.939782,0.000000
0.000000,10.626368,0.000000
0.000000,9.586625,0.000000
0.000000,5.568711,0.000000
0.000000,8.209858,0.000000
0.000000,10.115564,0.000000
0.000000,5.454215,0.000000
0.000000,8.208232,0.000000
0.000000,5.695456,0.000000
0.000000,7.029652,0.000000
0.000000,7.351046,0.000000
0.000000,5.715529,0.000000
0.000000,4.192954,0.000000
0.000000,3.886546,0.000000
0.000000,2.279144,0.000000
0.000000,1.873362,0.000000
0.000000,0.520237,0.000000
0.000000,0.385423,0.000000
0.000000,-1.683199,0.000000
0.000000,-1.450619,0.000000
0.000000,-2.884885,0.000000
0.000000,-1.994298,0.000000
0.000000,-2.318679,0.000000
0.000000,1.341466,0.000000
0.000000,-0.873396,0.000000
0.000000,0.174102,0.000000
0.000000,-1.053580,0.000000
0.000000,-0.818138,0.000000
0.000000,-0.112401,0.000000
0.000000,-0.924417,0.000000
0.000000,-0.544579,0.000000
0.000000,0.176365,0.000000
0.000000,-0.853194,0.000000
0.000000,-1.589787,0.000000
0.000000,-0.143649,0.000000
0.000000,0.382287,0.000000
0.000000,-0.701250,0.000000
0.000000,2.009769,0.000000
0.000000,-0.216611,0.000000
0.000000,-0.798874,0.000000
0.000000,-1.117399,0.000000
0.000000,-1.827163,0.000000
0.000000,0.259192,0.000000
0.000000,-1.771468,0.000000
0.000000,-0.619151,0.000000
0.000000,-0.661596,0.000000
0.000000,-0.361573,0.000000
0.000000,6.581354,0.000000
0.000000,5.412805,0.000000
0.000000,-0.603787,0.000000
0.000000,-11.565317,0.000000
0.000000,-7.246600,0.000000
0.000000,-5.090286,0.000000
0.000000,-6.999164,0.000000
0.000000,-10.366132,0.000000
0.000000,-24.176752,0.000000
0.000000,-38.344257,0.000000
0.000000,-37.581890,0.000000
0.000000,-37.708683,0.000000
0.000000,-45.596653,0.000000
0.000000,-42.857090,0.000000
0.000000,-33.400700,0.000000
0.000000,-21.682735,0.000000
0.000000,-16.587828,0.000000
0.000000,-51.279186,0.000000
0.000000,-35.532608,0.000000
0.000000,-27.893211,0.000000
0.000000,-29.578667,0.000000
0.000000,-31.077637,0.000000
0.000000,-54.526527,0.000000
0.000000,-60.071194,0.000000
0.000000,-64.308190,0.000000
0.000000,-63.833090,0.000000
0.000000,-66.621870,0.000000
0.000000,-52.414430,0.000000
0.000000,-59.380165,0.000000
0.000000,-60.579056,0.000000
0.000000,-61.171570,0.000000
0.000000,-29.177994,0.000000
0.000000,-56.274403,0.000000
0.000000,-33.463640,0.000000
0.000000,-43.827080,0.000000
0.000000,-22.027130,0.000000
0.000000,-11.602828,0.000000
0.000000,5.159027,0.000000
0.000000,3.174619,0.000000
0.000000,0.598136,0.000000
0.000000,-12.736082,0.000000
0.000000,0.174893,0.000000
0.000000,-4.628267,0.000000
0.000000,4.814086,0.000000
0.000000,0.140525,0.000000
0.000000,3.713232,0.000000
0.000000,13.069153,0.000000
0.000000,5.798085,0.000000
0.000000,16.752539,0.000000
0.000000,10.924261,0.000000
0.000000,11.450306,0.000000
0.000000,7.110193,0.000000
0.000000,6.300413,0.000000
0.000000,13.474341,0.000000
0.000000,13.339385,0.000000
0.000000,13.940778,0.000000
0.000000,16.804985,0.000000
0.000000,18.962109,0.000000
0.000000,14.758464,0.000000
0.000000,13.342849,0.000000
0.000000,19.202910,0.000000
0.000000,25.714449,0.000000
0.000000,28.539785,0.000000
0.000000,23.404630,0.000000
0.000000,28.346457,0.000000
0.000000,32.603123,0.000000
0.000000,30.895710,0.000000
0.000000,29.431238,0.000000
0.000000,25.912966,0.000000
0.000000,28.024475,0.000000
0.000000,27.460386,0.000000
0.000000,22.411688,0.000000
0.000000,27.713554,0.000000
0.000000,34.680580,0.000000
0.000000,34.903070,0.000000
0.000000,40.636036,0.000000
0.000000,40.012173,0.000000
0.000000,31.921444,0.000000
0.000000,28.207980,0.000000
0.000000,41.224110,0.000000
0.000000,48.740932,0.000000
0.000000,46.810658,0.000000
0.000000,54.386540,0.000000
0.000000,53.849130,0.000000
0.000000,51.685978,0.000000
0.000000,54.495670,0.000000
0.000000,53.112373,0.000000
0.000000,54.163326,0.000000
0.000000,52.815002,0.000000
0.000000,53.474216,0.000000
0.000000,50.677880,0.000000
0.000000,54.617043,0.000000
0.000000,54.125675,0.000000
0.000000,44.256600,0.000000
0.000000,39.087986,0.000000
0.000000,33.558445,0.000000
0.000000,16.413050,0.000000
0.000000,31.430730,0.000000
0.000000,25.542630,0.000000
0.000000,29.224241,0.000000
0.000000,29.807283,0.000000
0.000000,27.763418,0.000000
0.000000,24.392632,0.000000
0.000000,32.199600,0.000000
0.000000,29.378057,0.000000
0.000000,24.296236,0.000000
0.000000,21.475660,0.000000
0.000000,22.608816,0.000000
0.000000,27.773300,0.000000
0.000000,28.142344,0.000000
0.000000,34.676994,0.000000
0.000000,37.682760,0.000000
0.000000,38.572280,0.000000
0.000000,28.364270,0.000000
0.000000,24.244942,0.000000
0.000000,27.175053,0.000000
0.000000,29.403640,0.000000
0.000000,27.026295,0.000000
0.000000,25.807838,0.000000
0.000000,19.879164,0.000000
0.000000,20.046629,0.000000
0.000000,15.394290,0.000000
0.000000,8.176608,0.000000
0.000000,10.088318,0.000000
0.000000,3.827184,0.000000
0.000000,1.039451,0.000000
0.000000,-3.636650,0.000000
0.000000,-1.195849,0.000000
0.000000,-4.273602,0.000000
0.000000,-3.054493,0.000000
0.000000,-10.005033,0.000000
0.000000,-7.485493,0.000000
0.000000,-9.363349,0.000000
0.000000,-14.113977,0.000000
0.000000,-1.550826,0.000000
0.000000,-1.579397,0.000000
0.000000,-0.966955,0.000000
0.000000,-5.307742,0.000000
0.000000,-5.673552,0.000000
0.000000,-18.678497,0.000000
0.000000,-16.062435,0.000000
0.000000,-12.434387,0.000000
0.000000,-20.095062,0.000000
0.000000,-26.759940,0.000000
0.000000,-41.551964,0.000000
0.000000,-31.366476,0.000000
0.000000,-40.933613,0.000000
0.000000,-46.436290,0.000000
0.000000,-45.911537,0.000000
0.000000,-45.317550,0.000000
0.000000,-47.757670,0.000000
0.000000,-36.599970,0.000000
0.000000,-44.452305,0.000000
0.000000,-40.741130,0.000000
0.000000,-42.182915,0.000000
0.000000,-42.939060,0.000000
0.000000,-43.219185,0.000000
0.000000,-44.605183,0.000000
0.000000,-46.803460,0.000000
0.000000,-50.330124,0.000000
0.000000,-52.220776,0.000000
0.000000,-55.108036,0.000000
0.000000,-57.143566,0.000000
0.000000,-56.133366,0.000000
0.000000,-57.182870,0.000000
0.000000,-53.733562,0.000000
0.000000,-53.845430,0.000000
0.000000,-58.229580,0.000000
0.000000,-52.844265,0.000000
0.000000,-58.166534,0.000000
0.000000,-57.154602,0.000000
0.000000,-59.457615,0.000000
0.000000,-58.285168,0.000000
0.000000,-56.954650,0.000000
0.000000,-56.526695,0.000000
0.000000,-52.019210,0.000000
0.000000,-51.859160,0.000000
0.000000,-54.077618,0.000000
0.000000,-50.608356,0.000000
0.000000,-51.882324,0.000000
0.000000,-51.603930,0.000000
0.000000,-46.747640,0.000000
0.000000,-51.531475,0.000000
0.000000,-39.566140,0.000000
0.000000,-41.473602,0.000000
0.000000,-48.039055,0.000000
0.000000,-45.191010,0.000000
0.000000,-36.670227,0.000000
0.000000,-27.127716,0.000000
0.000000,-38.114120,0.000000
0.000000,-40.720066,0.000000
0.000000,-35.939396,0.000000
0.000000,-20.368067,0.000000
0.000000,-21.405119,0.000000
0.000000,-20.454487,0.000000
0.000000,-8.821264,0.000000
0.000000,-14.221268,0.000000
0.000000,-12.900124,0.000000
0.000000,-5.520529,0.000000
0.000000,1.870384,0.000000
0.000000,7.587040,0.000000
0.000000,2.783831,0.000000
0.000000,1.597169,0.000000
0.000000,-2.374803,0.000000
0.000000,8.684093,0.000000
0.000000,4.340569,0.000000
0.000000,3.914583,0.000000
0.000000,12.153431,0.000000
0.000000,17.934671,0.000000
0.000000,17.131380,0.000000
0.000000,11.498081,0.000000
0.000000,14.089090,0.000000
0.000000,16.866650,0.000000
0.000000,16.121973,0.000000
0.000000,15.146409,0.000000
0.000000,14.584300,0.000000
0.000000,13.065476,0.000000
0.000000,15.669015,0.000000
0.000000,16.234875,0.000000
0.000000,15.702403,0.000000
0.000000,15.852532,0.000000
0.000000,17.320944,0.000000
0.000000,15.718621,0.000000
0.000000,20.114975,0.000000
0.000000,16.420158,0.000000
0.000000,12.461449,0.000000
0.000000,15.678183,0.000000
0.000000,16.181227,0.000000
0.000000,14.960339,0.000000
0.000000,15.383368,0.000000
0.000000,13.523502,0.000000
0.000000,14.207707,0.000000
0.000000,9.645685,0.000000
0.000000,8.506375,0.000000
0.000000,-1.942308,0.000000
0.000000,9.998388,0.000000
0.000000,8.646789,0.000000
0.000000,5.397138,0.000000
0.000000,4.330740,0.000000
0.000000,5.655851,0.000000
0.000000,11.675740,0.000000
0.000000,13.277504,0.000000
0.000000,14.107397,0.000000
0.000000,12.658121,0.000000
0.000000,12.424386,0.000000
0.000000,11.473133,0.000000
0.000000,8.823665,0.000000
0.000000,10.806900,0.000000
0.000000,7.409653,0.000000
0.000000,9.683154,0.000000
0.000000,11.247268,0.000000
0.000000,16.406853,0.000000
0.000000,18.229939,0.000000
0.000000,21.274757,0.000000
0.000000,20.696400,0.000000
0.000000,21.310812,0.000000
0.000000,22.156406,0.000000
0.000000,21.519540,0.000000
0.000000,21.991478,0.000000
0.000000,19.870932,0.000000
0.000000,22.268026,0.000000
0.000000,17.942194,0.000000
0.000000,18.611597,0.000000
0.000000,17.871883,0.000000
0.000000,18.235489,0.000000
0.000000,18.787178,0.000000
0.000000,15.687498,0.000000
0.000000,17.741539,0.000000
0.000000,17.182379,0.000000
0.000000,19.685328,0.000000
0.000000,17.961374,0.000000
0.000000,18.438120,0.000000
0.000000,16.656322,0.000000
0.000000,14.777767,0.000000
0.000000,17.314869,0.000000
0.000000,16.202452,0.000000
0.000000,15.672970,0.000000
0.000000,15.766363,0.000000
0.000000,13.834357,0.000000
0.000000,14.304105,0.000000
0.000000,14.399860,0.000000
0.000000,14.997425,0.000000
0.000000,12.635021,0.000000
0.000000,20.622898,0.000000
0.000000,19.236128,0.000000
0.000000,18.564669,0.000000
0.000000,20.780730,0.000000
0.000000,21.016804,0.000000
0.000000,19.816668,0.000000
0.000000,20.082178,0.000000
0.000000,21.128069,0.000000
0.000000,17.207410,0.000000
0.000000,19.275848,0.000000
0.000000,16.190165,0.000000
0.000000,15.724462,0.000000
0.000000,13.903543,0.000000
0.000000,12.535633,0.000000
0.000000,22.148120,0.000000
0.000000,20.599838,0.000000
0.000000,17.119846,0.000000
0.000000,14.218579,0.000000
0.000000,16.923313,0.000000
0.000000,24.045305,0.000000
0.000000,18.040870,0.000000
0.000000,16.360638,0.000000
0.000000,17.453482,0.000000
0.000000,16.498394,0.000000
0.000000,13.951636,0.000000
0.000000,13.545468,0.000000
0.000000,12.763126,0.000000
0.000000,11.623722,0.000000
0.000000,12.858036,0.000000
0.000000,14.835303,0.000000
0.000000,13.394622,0.000000
0.000000,10.228428,0.000000
0.000000,24.785976,0.000000
0.000000,14.246007,0.000000
0.000000,12.021427,0.000000
0.000000,12.584138,0.000000
0.000000,14.525917,0.000000
0.000000,18.926483,0.000000
0.000000,15.560620,0.000000
0.000000,14.250446,0.000000
0.000000,12.131530,0.000000
0.000000,11.449538,0.000000
0.000000,19.379955,0.000000
0.000000,12.447319,0.000000
0.000000,13.696011,0.000000
0.000000,12.341813,0.000000
0.000000,14.909254,0.000000
0.000000,13.538057,0.000000
0.000000,15.548775,0.000000
0.000000,15.454905,0.000000
0.000000,12.010137,0.000000
0.000000,11.609379,0.000000
0.000000,11.722518,0.000000
0.000000,11.307096,0.000000
0.000000,15.329228,0.000000
0.000000,12.663816,0.000000
0.000000,9.748330,0.000000
0.000000,14.027033,0.000000
0.000000,17.620876,0.000000
0.000000,21.875257,0.000000
0.000000,30.262732,0.000000
0.000000,30.840582,0.000000
0.000000,27.763033,0.000000
0.000000,26.522615,0.000000
0.000000,28.473380,0.000000
0.000000,26.310623,0.000000
0.000000,27.638931,0.000000
0.000000,31.336262,0.000000
0.000000,23.895618,0.000000
0.000000,20.242863,0.000000
0.000000,33.111000,0.000000
0.000000,43.722893,0.000000
0.000000,36.385800,0.000000
0.000000,37.643040,0.000000
0.000000,36.430737,0.000000
0.000000,38.060520,0.000000
0.000000,47.187992,0.000000
0.000000,47.637077,0.000000
0.000000,42.853752,0.000000
0.000000,47.225610,0.000000
0.000000,50.490000,0.000000
0.000000,51.502163,0.000000
0.000000,53.961550,0.000000
0.000000,59.037403,0.000000
0.000000,58.734850,0.000000
0.000000,56.390823,0.000000
0.000000,54.743450,0.000000
0.000000,54.450653,0.000000
0.000000,49.185287,0.000000
0.000000,54.048770,0.000000
0.000000,54.147297,0.000000
0.000000,55.837677,0.000000
0.000000,50.506462,0.000000
0.000000,52.950848,0.000000
0.000000,56.422810,0.000000
0.000000,56.956570,0.000000
0.000000,56.638073,0.000000
0.000000,55.582940,0.000000
0.000000,33.332676,0.000000
0.000000,35.520622,0.000000
0.000000,42.838810,0.000000
0.000000,36.048622,0.000000
0.000000,31.957745,0.000000
0.000000,33.644090,0.000000
0.000000,29.741817,0.000000
0.000000,32.229656,0.000000
0.000000,36.425140,0.000000
0.000000,25.920645,0.000000
0.000000,20.786743,0.000000
0.000000,10.479861,0.000000
0.000000,22.910378,0.000000
0.000000,27.082384,0.000000
0.000000,26.633501,0.000000
0.000000,32.469310,0.000000
0.000000,33.884422,0.000000
0.000000,32.894794,0.000000
0.000000,31.207672,0.000000
0.000000,29.934944,0.000000
0.000000,27.374725,0.000000
0.000000,25.341087,0.000000
0.000000,25.628002,0.000000
0.000000,21.085135,0.000000
0.000000,25.171911,0.000000
0.000000,20.868484,0.000000
0.000000,20.256004,0.000000
0.000000,12.782289,0.000000
0.000000,15.355378,0.000000
0.000000,7.924197,0.000000
0.000000,0.979730,0.000000
0.000000,-0.223678,0.000000
0.000000,-1.323192,0.000000
0.000000,-4.996821,0.000000
0.000000,-9.745139,0.000000
0.000000,-12.614511,0.000000
0.000000,-21.222626,0.000000
0.000000,-17.576190,0.000000
0.000000,-18.178785,0.000000
0.000000,-21.536410,0.000000
0.000000,-35.533210,0.000000
0.000000,-43.882473,0.000000
0.000000,-38.811016,0.000000
0.000000,-41.460380,0.000000
0.000000,-34.407780,0.000000
0.000000,-33.626660,0.000000
0.000000,-34.709995,0.000000
0.000000,-39.892483,0.000000
0.000000,-41.744045,0.000000
0.000000,-55.231857,0.000000
0.000000,-48.208817,0.000000
0.000000,-52.054665,0.000000
0.000000,-49.795113,0.000000
0.000000,-42.673317,0.000000
0.000000,-41.585600,0.000000
0.000000,-48.476517,0.000000
0.000000,-51.805760,0.000000
0.000000,-58.076400,0.000000
0.000000,-59.203690,0.000000
0.000000,-51.544277,0.000000
0.000000,-52.990997,0.000000
0.000000,-54.508690,0.000000
0.000000,-53.092995,0.000000
0.000000,-51.499150,0.000000
0.000000,-49.804092,0.000000
0.000000,-42.267240,0.000000
0.000000,-42.677155,0.000000
0.000000,-54.132122,0.000000
0.000000,-52.238080,0.000000
0.000000,-46.255135,0.000000
0.000000,-35.262240,0.000000
0.000000,-42.969080,0.000000
0.000000,-40.686260,0.000000
0.000000,-28.180960,0.000000
0.000000,-32.761970,0.000000
0.000000,-29.511370,0.000000
0.000000,-29.114954,0.000000
0.000000,-11.054919,0.000000
0.000000,-8.512123,0.000000
0.000000,-6.501124,0.000000
0.000000,-8.217259,0.000000
0.000000,-5.574310,0.000000
0.000000,-3.332636,0.000000
0.000000,3.863025,0.000000
0.000000,6.038259,0.000000
0.000000,1.970949,0.000000
0.000000,21.316643,0.000000
0.000000,22.635721,0.000000
0.000000,20.792831,0.000000
0.000000,24.591604,0.000000
0.000000,26.055012,0.000000
0.000000,22.232286,0.000000
0.000000,27.744873,0.000000
0.000000,29.460290,0.000000
0.000000,30.978030,0.000000
0.000000,36.289550,0.000000
0.000000,31.196165,0.000000
0.000000,30.071840,0.000000
0.000000,31.149767,0.000000
0.000000,25.241634,0.000000
0.000000,25.662819,0.000000
0.000000,22.895529,0.000000
0.000000,21.642279,0.000000
0.000000,23.466890,0.000000
0.000000,26.704716,0.000000
0.000000,29.246070,0.000000
0.000000,33.740868,0.000000
0.000000,37.566910,0.000000
0.000000,46.030900,0.000000
0.000000,58.651990,0.000000
0.000000,55.453777,0.000000
0.000000,56.723217,0.000000
0.000000,55.487766,0.000000
0.000000,56.166477,0.000000
0.000000,53.759260,0.000000
0.000000,53.616600,0.000000
0.000000,55.602830,0.000000
0.000000,52.099255,0.000000
0.000000,48.529354,0.000000
0.000000,51.270397,0.000000
0.000000,52.207638,0.000000
0.000000,53.870453,0.000000
0.000000,51.859715,0.000000
0.000000,53.260242,0.000000
0.000000,52.634182,0.000000
0.000000,53.385200,0.000000
0.000000,51.901882,0.000000
0.000000,54.053944,0.000000
0.000000,52.774864,0.000000
0.000000,54.520134,0.000000
0.000000,55.615880,0.000000
0.000000,54.709198,0.000000
0.000000,54.200070,0.000000
0.000000,35.252240,0.000000
0.000000,35.463356,0.000000
0.000000,41.482235,0.000000
0.000000,35.842070,0.000000
0.000000,40.728664,0.000000
0.000000,39.070160,0.000000
0.000000,32.962370,0.000000
0.000000,40.610910,0.000000
0.000000,28.373447,0.000000
0.000000,23.968222,0.000000
0.000000,32.156845,0.000000
0.000000,35.257570,0.000000
0.000000,35.078144,0.000000
0.000000,40.130955,0.000000
0.000000,37.667730,0.000000
0.000000,36.084892,0.000000
0.000000,34.119476,0.000000
0.000000,34.406116,0.000000
0.000000,30.653822,0.000000
0.000000,31.850527,0.000000
0.000000,27.572565,0.000000
0.000000,31.147776,0.000000
0.000000,31.385618,0.000000
0.000000,31.304990,0.000000
0.000000,33.475418,0.000000
0.000000,32.633083,0.000000
0.000000,30.221190,0.000000
0.000000,32.501232,0.000000
0.000000,29.364153,0.000000
0.000000,30.413557,0.000000
0.000000,30.500292,0.000000
0.000000,31.021105,0.000000
0.000000,29.685495,0.000000
0.000000,30.630016,0.000000
0.000000,31.044209,0.000000
0.000000,29.354279,0.000000
0.000000,30.393126,0.000000
0.000000,28.405952,0.000000
0.000000,28.057795,0.000000
0.000000,25.869350,0.000000
0.000000,21.054886,0.000000
0.000000,28.008210,0.000000
0.000000,22.613022,0.000000
0.000000,26.265638,0.000000
0.000000,21.064700,0.000000
0.000000,17.868649,0.000000
0.000000,18.840017,0.000000
0.000000,17.215141,0.000000
0.000000,14.498256,0.000000
0.000000,7.146802,0.000000
0.000000,7.148375,0.000000
0.000000,-3.037650,0.000000
0.000000,-4.680436,0.000000
0.000000,-3.056889,0.000000
0.000000,-4.558735,0.000000
0.000000,-5.341424,0.000000
0.000000,-14.653493,0.000000
0.000000,-9.015590,0.000000
0.000000,-27.793194,0.000000
0.000000,-27.880144,0.000000
0.000000,-25.712849,0.000000
0.000000,-22.877674,0.000000
0.000000,-29.307793,0.000000
0.000000,-31.694426,0.000000
0.000000,-48.484722,0.000000
0.000000,-47.246670,0.000000
0.000000,-45.642128,0.000000
0.000000,-43.733890,0.000000
0.000000,-49.115215,0.000000
0.000000,-51.775490,0.000000
0.000000,-47.702280,0.000000
0.000000,-39.064960,0.000000
0.000000,-38.743010,0.000000
0.000000,-46.406002,0.000000
0.000000,-53.579220,0.000000
0.000000,-46.294556,0.000000
0.000000,-46.664600,0.000000
0.000000,-40.716606,0.000000
0.000000,-43.302197,0.000000
0.000000,-45.225970,0.000000
0.000000,-45.829060,0.000000
0.000000,-48.493977,0.000000
0.000000,-45.690630,0.000000
0.000000,-40.180570,0.000000
0.000000,-46.310830,0.000000
0.000000,-45.875023,0.000000
0.000000,-45.403584,0.000000
0.000000,-52.102657,0.000000
0.000000,-54.828000,0.000000
0.000000,-50.565304,0.000000
0.000000,-54.014107,0.000000
0.000000,-54.153915,0.000000
0.000000,-52.417390,0.000000
0.000000,-46.631424,0.000000
0.000000,-33.677956,0.000000
0.000000,-30.467272,0.000000
0.000000,-36.383442,0.000000
0.000000,-30.170105,0.000000
0.000000,-12.760119,0.000000
0.000000,-18.722525,0.000000
0.000000,-13.257902,0.000000
0.000000,-18.307213,0.000000
0.000000,-12.955220,0.000000
0.000000,2.797171,0.000000
0.000000,0.119577,0.000000
0.000000,0.582373,0.000000
0.000000,0.542342,0.000000
0.000000,4.489374,0.000000
0.000000,3.939963,0.000000
0.000000,12.140173,0.000000
0.000000,18.679320,0.000000
0.000000,30.279890,0.000000
0.000000,31.120520,0.000000
0.000000,28.536467,0.000000
0.000000,22.278791,0.000000
0.000000,30.908657,0.000000
0.000000,42.021698,0.000000
0.000000,49.580452,0.000000
0.000000,51.039170,0.000000
0.000000,54.298634,0.000000
0.000000,54.327790,0.000000
0.000000,55.048435,0.000000
0.000000,57.047188,0.000000
0.000000,57.570490,0.000000
0.000000,57.998180,0.000000
0.000000,61.384940,0.000000
0.000000,59.527588,0.000000
0.000000,57.789455,0.000000
0.000000,57.231953,0.000000
0.000000,56.248867,0.000000
0.000000,55.161777,0.000000
0.000000,56.360100,0.000000
0.000000,55.898804,0.000000
0.000000,56.340187,0.000000
0.000000,57.657368,0.000000
0.000000,55.850475,0.000000
0.000000,54.858547,0.000000
0.000000,55.036777,0.000000
0.000000,57.072140,0.000000
0.000000,56.302395,0.000000
0.000000,56.206375,0.000000
0.000000,57.137405,0.000000
0.000000,56.652985,0.000000
0.000000,56.980030,0.000000
0.000000,56.774513,0.000000
0.000000,56.914840,0.000000
0.000000,58.541954,0.000000
0.000000,57.347576,0.000000
0.000000,58.660490,0.000000
0.000000,56.787224,0.000000
0.000000,46.404354,0.000000
0.000000,46.025642,0.000000
0.000000,51.444870,0.000000
0.000000,47.563374,0.000000
0.000000,35.340874,0.000000
0.000000,24.260706,0.000000
0.000000,19.082508,0.000000
0.000000,29.834755,0.000000
0.000000,34.225983,0.000000
0.000000,32.179020,0.000000
0.000000,28.109203,0.000000
0.000000,22.736568,0.000000
0.000000,10.410818,0.000000
0.000000,-1.323671,0.000000
0.000000,1.056724,0.000000
0.000000,9.625725,0.000000
0.000000,1.262590,0.000000
0.000000,1.845119,0.000000
0.000000,3.913356,0.000000
0.000000,-4.106950,0.000000
0.000000,6.807365,0.000000
0.000000,4.457164,0.000000
0.000000,3.534932,0.000000
0.000000,-0.744033,0.000000
0.000000,-3.933631,0.000000
0.000000,-3.941527,0.000000
0.000000,-0.125717,0.000000
0.000000,1.155246,0.000000
0.000000,-1.490232,0.000000
0.000000,0.123634,0.000000
0.000000,-0.904849,0.000000
0.000000,-3.124296,0.000000
0.000000,-5.357678,0.000000
0.000000,-2.772667,0.000000
0.000000,-2.708450,0.000000
0.000000,-2.427046,0.000000
0.000000,0.809712,0.000000
0.000000,-2.934594,0.000000
0.000000,-3.431659,0.000000
0.000000,-2.873627,0.000000
0.000000,-3.492162,0.000000
0.000000,-11.297131,0.000000
0.000000,-3.652364,0.000000
0.000000,-5.226234,0.000000
0.000000,-1.471325,0.000000
0.000000,1.044405,0.000000
0.000000,-10.053424,0.000000
0.000000,-13.002605,0.000000
0.000000,-16.870306,0.000000
0.000000,-15.100729,0.000000
0.000000,-25.747381,0.000000
0.000000,-33.054184,0.000000
0.000000,-29.624239,0.000000
0.000000,-23.936360,0.000000
0.000000,-22.516438,0.000000
0.000000,-35.586790,0.000000
0.000000,-39.987812,0.000000
0.000000,-42.673218,0.000000
0.000000,-46.893997,0.000000
0.000000,-50.764282,0.000000
0.000000,-46.397312,0.000000
0.000000,-54.030285,0.000000
0.000000,-56.255444,0.000000
0.000000,-54.173992,0.000000
0.000000,-55.834710,0.000000
0.000000,-43.336178,0.000000
0.000000,-43.210910,0.000000
0.000000,-46.981018,0.000000
0.000000,-55.571850,0.000000
0.000000,-59.067425,0.000000
0.000000,-59.074780,0.000000
0.000000,-59.445892,0.000000
0.000000,-57.481903,0.000000
0.000000,-60.380620,0.000000
0.000000,-56.818718,0.000000
0.000000,-60.610455,0.000000
0.000000,-61.369995,0.000000
0.000000,-63.224266,0.000000
0.000000,-61.087227,0.000000
0.000000,-59.498863,0.000000
0.000000,-56.106083,0.000000
0.000000,-56.022540,0.000000
0.000000,-56.255020,0.000000
0.000000,-54.904476,0.000000
0.000000,-54.194767,0.000000
0.000000,-51.619430,0.000000
0.000000,-48.563690,0.000000
0.000000,-47.555400,0.000000
0.000000,-50.377117,0.000000
0.000000,-53.328230,0.000000
0.000000,-60.849540,0.000000
0.000000,-47.193726,0.000000
0.000000,-48.944286,0.000000
0.000000,-38.278477,0.000000
0.000000,-29.265015,0.000000
0.000000,-34.385200,0.000000
0.000000,-42.127300,0.000000
0.000000,-20.146553,0.000000
0.000000,-8.848193,0.000000
0.000000,-0.730759,0.000000
0.000000,-3.620354,0.000000
0.000000,3.937737,0.000000
0.000000,4.605946,0.000000
0.000000,4.318327,0.000000
0.000000,6.507490,0.000000
0.000000,7.140740,0.000000
0.000000,8.577077,0.000000
0.000000,11.150596,0.000000
0.000000,14.218208,0.000000
0.000000,11.238973,0.000000
0.000000,12.270915,0.000000
0.000000,8.755679,0.000000
0.000000,9.185370,0.000000
0.000000,7.668398,0.000000
0.000000,10.178056,0.000000
0.000000,12.959676,0.000000
0.000000,10.894747,0.000000
0.000000,15.902718,0.000000
0.000000,13.355549,0.000000
0.000000,15.037530,0.000000
0.000000,21.832478,0.000000
0.000000,25.848896,0.000000
0.000000,23.498545,0.000000
0.000000,22.817345,0.000000
0.000000,23.857330,0.000000
0.000000,24.623426,0.000000
0.000000,27.006998,0.000000
0.000000,30.248629,0.000000
0.000000,30.934896,0.000000
0.000000,33.081590,0.000000
0.000000,26.835138,0.000000
0.000000,32.862750,0.000000
0.000000,35.197983,0.000000
0.000000,33.669956,0.000000
0.000000,39.482445,0.000000
0.000000,36.312645,0.000000
0.000000,36.326240,0.000000
0.000000,37.890213,0.000000
0.000000,48.768990,0.000000
0.000000,50.516670,0.000000
0.000000,50.466446,0.000000
0.000000,50.540650,0.000000
0.000000,53.389410,0.000000
0.000000,53.887886,0.000000
0.000000,52.685013,0.000000
0.000000,53.695793,0.000000
0.000000,53.757595,0.000000
0.000000,55.149117,0.000000
0.000000,54.169180,0.000000
0.000000,54.002980,0.000000
0.000000,53.852097,0.000000
0.000000,52.041195,0.000000
0.000000,52.568615,0.000000
0.000000,52.073530,0.000000
0.000000,53.090015,0.000000
0.000000,52.954758,0.000000
0.000000,52.717537,0.000000
0.000000,53.186775,0.000000
0.000000,54.137375,0.000000
0.000000,54.059950,0.000000
0.000000,53.456417,0.000000
0.000000,54.708130,0.000000
0.000000,51.001430,0.000000
0.000000,53.656128,0.000000
0.000000,56.534256,0.000000
0.000000,55.252540,0.000000
0.000000,57.427982,0.000000
0.000000,51.428470,0.000000
0.000000,36.145000,0.000000
0.000000,37.240430,0.000000
0.000000,36.089478,0.000000
0.000000,32.908684,0.000000
0.000000,25.420225,0.000000
0.000000,29.119766,0.000000
0.000000,29.959757,0.000000
0.000000,28.544127,0.000000
0.000000,27.418127,0.000000
0.000000,37.418800,0.000000
0.000000,32.992020,0.000000
0.000000,18.450325,0.000000
0.000000,4.854954,0.000000
0.000000,-4.053220,0.000000
0.000000,-5.144861,0.000000
0.000000,-3.708322,0.000000
0.000000,-1.235631,0.000000
0.000000,-3.787227,0.000000
0.000000,-3.092851,0.000000
0.000000,-4.214847,0.000000
0.000000,-3.403735,0.000000
0.000000,-0.160092,0.000000
0.000000,-0.440727,0.000000
0.000000,0.104128,0.000000
0.000000,-0.323425,0.000000
0.000000,-0.363020,0.000000
0.000000,1.921843,0.000000
0.000000,3.229901,0.000000
0.000000,1.621734,0.000000
0.000000,2.772924,0.000000
0.000000,2.433867,0.000000
0.000000,2.367100,0.000000
0.000000,1.904464,0.000000
0.000000,-0.617409,0.000000
0.000000,0.857154,0.000000
0.000000,-1.978854,0.000000
0.000000,0.771315,0.000000
0.000000,1.737685,0.000000
0.000000,2.443546,0.000000
0.000000,6.254155,0.000000
0.000000,0.626388,0.000000
0.000000,-0.845063,0.000000
0.000000,-0.569311,0.000000
0.000000,0.618496,0.000000
0.000000,2.852420,0.000000
0.000000,-1.473094,0.000000
0.000000,-0.108453,0.000000
0.000000,-0.646570,0.000000
0.000000,-3.722330,0.000000
0.000000,-5.906607,0.000000
0.000000,-4.214472,0.000000
0.000000,-6.148487,0.000000
0.000000,-9.041335,0.000000
0.000000,-3.729084,0.000000
0.000000,-7.439389,0.000000
0.000000,-9.140100,0.000000
0.000000,-7.304413,0.000000
0.000000,-6.291025,0.000000
0.000000,-14.714948,0.000000
0.000000,-19.548080,0.000000
0.000000,-19.145092,0.000000
0.000000,-22.759169,0.000000
0.000000,-25.788153,0.000000
0.000000,-30.943903,0.000000
0.000000,-39.772050,0.000000
0.000000,-48.761696,0.000000
0.000000,-47.534218,0.000000
0.000000,-41.452500,0.000000
0.000000,-55.812206,0.000000
0.000000,-52.218494,0.000000
0.000000,-48.523960,0.000000
0.000000,-56.820244,0.000000
0.000000,-59.748436,0.000000
0.000000,-59.129265,0.000000
0.000000,-64.513930,0.000000
0.000000,-63.066120,0.000000
0.000000,-61.306595,0.000000
0.000000,-60.607260,0.000000
0.000000,-61.396645,0.000000
0.000000,-61.126650,0.000000
0.000000,-60.758130,0.000000
0.000000,-63.049854,0.000000
0.000000,-62.263480,0.000000
0.000000,-64.137830,0.000000
0.000000,-65.093170,0.000000
0.000000,-64.851590,0.000000
0.000000,-63.235527,0.000000
0.000000,-63.623074,0.000000
0.000000,-61.566060,0.000000
0.000000,-61.263206,0.000000
0.000000,-57.797100,0.000000
0.000000,-59.065887,0.000000
0.000000,-53.920980,0.000000
0.000000,-56.594560,0.000000
0.000000,-41.241960,0.000000
0.000000,-25.341223,0.000000
0.000000,-32.538510,0.000000
0.000000,-20.095234,0.000000
0.000000,-22.394350,0.000000
0.000000,-7.830553,0.000000
0.000000,-30.513700,0.000000
0.000000,-33.217410,0.000000
0.000000,-26.286219,0.000000
0.000000,-8.577358,0.000000
0.000000,-8.296736,0.000000
0.000000,-9.271365,0.000000
0.000000,-15.362900,0.000000
0.000000,-17.329071,0.000000
0.000000,-22.650501,0.000000
0.000000,-8.325436,0.000000
0.000000,-2.672410,0.000000
0.000000,-2.604691,0.000000
0.000000,-0.966673,0.000000
0.000000,5.920724,0.000000
0.000000,3.242961,0.000000
0.000000,7.272435,0.000000
0.000000,6.546696,0.000000
0.000000,16.397858,0.000000
0.000000,10.469292,0.000000
0.000000,6.513117,0.000000
0.000000,6.440342,0.000000
0.000000,2.765917,0.000000
0.000000,4.978375,0.000000
0.000000,2.637525,0.000000
0.000000,5.345877,0.000000
0.000000,5.170079,0.000000
0.000000,2.241234,0.000000
0.000000,6.111450,0.000000
0.000000,3.744208,0.000000
0.000000,4.407070,0.000000
0.000000,4.634313,0.000000
0.000000,6.260335,0.000000
0.000000,3.394665,0.000000
0.000000,4.770717,0.000000
0.000000,8.619595,0.000000
0.000000,4.018305,0.000000
0.000000,8.271847,0.000000
0.000000,10.015786,0.000000
0.000000,9.518689,0.000000
0.000000,11.171887,0.000000
0.000000,10.685120,0.000000
0.000000,12.343699,0.000000
0.000000,11.463148,0.000000
0.000000,8.417725,0.000000
0.000000,10.785082,0.000000
0.000000,11.415198,0.000000
0.000000,11.092726,0.000000
0.000000,9.557035,0.000000
0.000000,13.416101,0.000000
0.000000,17.241390,0.000000
0.000000,14.306885,0.000000
0.000000,9.841183,0.000000
0.000000,10.614360,0.000000
0.000000,7.848390,0.000000
0.000000,9.107381,0.000000
0.000000,17.454964,0.000000
0.000000,10.342068,0.000000
0.000000,18.235994,0.000000
0.000000,15.061670,0.000000
0.000000,17.565414,0.000000
0.000000,23.236399,0.000000
0.000000,17.614530,0.000000
0.000000,15.469955,0.000000
0.000000,21.243208,0.000000
0.000000,20.809362,0.000000
0.000000,23.326479,0.000000
0.000000,20.834349,0.000000
0.000000,20.241045,0.000000
0.000000,24.476095,0.000000
0.000000,26.525180,0.000000
0.000000,23.860327,0.000000
0.000000,27.075170,0.000000
0.000000,27.800272,0.000000
0.000000,28.203691,0.000000
0.000000,26.489521,0.000000
0.000000,25.246744,0.000000
0.000000,27.099070,0.000000
0.000000,25.091906,0.000000
0.000000,22.900356,0.000000
0.000000,23.557236,0.000000
0.000000,27.028760,0.000000
0.000000,28.693321,0.000000
0.000000,25.152230,0.000000
0.000000,30.174520,0.000000
0.000000,29.390903,0.000000
0.000000,30.941935,0.000000
0.000000,31.209110,0.000000
0.000000,28.886831,0.000000
0.000000,28.855453,0.000000
0.000000,28.747042,0.000000
0.000000,30.397623,0.000000
0.000000,26.010294,0.000000
0.000000,27.458080,0.000000
0.000000,28.690800,0.000000
0.000000,27.992376,0.000000
0.000000,26.107530,0.000000
0.000000,27.522484,0.000000
0.000000,29.371560,0.000000
0.000000,23.672976,0.000000
0.000000,24.541548,0.000000
0.000000,25.171206,0.000000
0.000000,24.607159,0.000000
0.000000,23.294743,0.000000
0.000000,24.355997,0.000000
0.000000,17.581015,0.000000
0.000000,14.944699,0.000000
0.000000,15.929863,0.000000
0.000000,19.457954,0.000000
0.000000,17.925810,0.000000
0.000000,13.685502,0.000000
0.000000,20.658808,0.000000
0.000000,23.373293,0.000000
0.000000,18.948427,0.000000
0.000000,11.988280,0.000000
0.000000,9.566583,0.000000
0.000000,10.721482,0.000000
0.000000,11.108481,0.000000
0.000000,7.980543,0.000000
0.000000,8.703278,0.000000
0.000000,6.500636,0.000000
0.000000,9.788670,0.000000
0.000000,6.967147,0.000000
0.000000,8.739552,0.000000
0.000000,7.658675,0.000000
0.000000,7.943475,0.000000
0.000000,7.706792,0.000000
0.000000,8.848760,0.000000
0.000000,8.143670,0.000000
0.000000,9.769501,0.000000
0.000000,9.203897,0.000000
0.000000,11.815805,0.000000
0.000000,11.948821,0.000000
0.000000,10.989173,0.000000
0.000000,12.281973,0.000000
0.000000,16.685762,0.000000
0.000000,10.449471,0.000000
0.000000,9.284657,0.000000
0.000000,10.270215,0.000000
0.000000,11.642060,0.000000
0.000000,7.293203,0.000000
0.000000,5.213011,0.000000
0.000000,2.704261,0.000000
0.000000,1.167804,0.000000
0.000000,-3.827829,0.000000
0.000000,-5.657341,0.000000
0.000000,-3.515718,0.000000
0.000000,-0.500952,0.000000
0.000000,-8.374331,0.000000
0.000000,-6.499753,0.000000
0.000000,3.264522,0.000000
0.000000,-3.199035,0.000000
0.000000,-18.919436,0.000000
0.000000,-16.489985,0.000000
0.000000,-25.162458,0.000000
0.000000,-26.569048,0.000000
0.000000,-32.165630,0.000000
0.000000,-35.003190,0.000000
0.000000,-46.655450,0.000000
0.000000,-48.037548,0.000000
0.000000,-42.792355,0.000000
0.000000,-38.882328,0.000000
0.000000,-46.304390,0.000000
0.000000,-45.577023,0.000000
0.000000,-51.950935,0.000000
0.000000,-49.326920,0.000000
0.000000,-56.700980,0.000000
0.000000,-46.763570,0.000000
0.000000,-56.854360,0.000000
0.000000,-60.053062,0.000000
0.000000,-61.884727,0.000000
0.000000,-62.868916,0.000000
0.000000,-61.121365,0.000000
0.000000,-55.756070,0.000000
0.000000,-56.088660,0.000000
0.000000,-54.168087,0.000000
0.000000,-55.389120,0.000000
0.000000,-49.477100,0.000000
0.000000,-50.992268,0.000000
0.000000,-52.487220,0.000000
0.000000,-38.553580,0.000000
0.000000,-35.882854,0.000000
0.000000,-36.062176,0.000000
0.000000,-24.656263,0.000000
0.000000,-11.080893,0.000000
0.000000,-12.381785,0.000000
0.000000,-10.269948,0.000000
0.000000,-8.721070,0.000000
0.000000,-0.685607,0.000000
0.000000,1.225731,0.000000
0.000000,4.533567,0.000000
0.000000,4.989642,0.000000
0.000000,6.230784,0.000000
0.000000,8.387723,0.000000
0.000000,17.445757,0.000000
0.000000,26.415940,0.000000
0.000000,30.589088,0.000000
0.000000,34.335644,0.000000
0.000000,36.078870,0.000000
0.000000,40.835526,0.000000
0.000000,41.495880,0.000000
0.000000,51.452496,0.000000
0.000000,57.976080,0.000000
0.000000,58.663536,0.000000
0.000000,55.208840,0.000000
0.000000,54.421560,0.000000
0.000000,56.315956,0.000000
0.000000,56.101840,0.000000
0.000000,56.676470,0.000000
0.000000,55.501380,0.000000
0.000000,58.088787,0.000000
0.000000,59.129040,0.000000
0.000000,59.713215,0.000000
0.000000,60.466010,0.000000
0.000000,48.757614,0.000000
0.000000,38.564034,0.000000
0.000000,34.888020,0.000000
0.000000,32.576042,0.000000
0.000000,30.916574,0.000000
0.000000,32.724907,0.000000
0.000000,29.791790,0.000000
0.000000,27.292467,0.000000
0.000000,22.617191,0.000000
0.000000,24.756226,0.000000
0.000000,29.311405,0.000000
0.000000,23.515142,0.000000
0.000000,19.142904,0.000000
0.000000,7.677277,0.000000
0.000000,-1.741366,0.000000
0.000000,-4.671911,0.000000
0.000000,-11.836864,0.000000
0.000000,0.977740,0.000000
0.000000,-4.920331,0.000000
0.000000,6.843509,0.000000
0.000000,-7.059104,0.000000
0.000000,-7.599302,0.000000
0.000000,-11.853716,0.000000
0.000000,-23.443910,0.000000
0.000000,-31.339888,0.000000
0.000000,-38.902120,0.000000
0.000000,-37.958534,0.000000
0.000000,-41.753338,0.000000
0.000000,-52.819520,0.000000
0.000000,-49.814083,0.000000
0.000000,-56.814053,0.000000
0.000000,-48.113136,0.000000
0.000000,-31.142967,0.000000
0.000000,-45.458897,0.000000
0.000000,-56.398605,0.000000
0.000000,-53.286823,0.000000
0.000000,-42.220436,0.000000
0.000000,-54.261740,0.000000
0.000000,-61.520348,0.000000
0.000000,-61.852013,0.000000
0.000000,-61.119730,0.000000
0.000000,-62.817444,0.000000
0.000000,-52.815727,0.000000
0.000000,-59.272180,0.000000
0.000000,-55.665596,0.000000
0.000000,-61.259390,0.000000
0.000000,-62.555250,0.000000
0.000000,-57.258250,0.000000
0.000000,-57.411617,0.000000
0.000000,-50.231426,0.000000
0.000000,-53.264767,0.000000
0.000000,-42.507675,0.000000
0.000000,-19.630854,0.000000
0.000000,-21.385254,0.000000
0.000000,-17.142344,0.000000
0.000000,-16.742247,0.000000
0.000000,-16.056503,0.000000
0.000000,-12.743312,0.000000
0.000000,-16.169312,0.000000
0.000000,-7.364622,0.000000
0.000000,-4.152599,0.000000
0.000000,-1.625930,0.000000
0.000000,-2.398916,0.000000
0.000000,-1.101103,0.000000
0.000000,-4.248972,0.000000
0.000000,-4.884030,0.000000
0.000000,-3.854056,0.000000
0.000000,-2.779006,0.000000
0.000000,-2.194142,0.000000
0.000000,-6.506197,0.000000
0.000000,-2.345076,0.000000
0.000000,-2.183343,0.000000
0.000000,-0.365705,0.000000
0.000000,-2.237395,0.000000
0.000000,1.002617,0.000000
0.000000,0.452749,0.000000
0.000000,0.576194,0.000000
0.000000,-1.570592,0.000000
0.000000,-2.265057,0.000000
0.000000,3.359270,0.000000
0.000000,4.816939,0.000000
0.000000,0.449981,0.000000
0.000000,6.792682,0.000000
0.000000,5.456745,0.000000
0.000000,5.037481,0.000000
0.000000,0.454270,0.000000
0.000000,-2.747378,0.000000
0.000000,3.981255,0.000000
0.000000,5.268705,0.000000
0.000000,5.096156,0.000000
0.000000,1.797564,0.000000
0.000000,5.104334,0.000000
0.000000,1.909035,0.000000
0.000000,-0.494847,0.000000
0.000000,0.321286,0.000000
0.000000,0.475965,0.000000
0.000000,5.019373,0.000000
0.000000,0.997444,0.000000
0.000000,3.562886,0.000000
0.000000,3.297291,0.000000
0.000000,1.089017,0.000000
0.000000,1.214527,0.000000
0.000000,3.554647,0.000000
0.000000,-1.525590,0.000000
0.000000,1.495627,0.000000
0.000000,-1.213310,0.000000
0.000000,-1.704231,0.000000
0.000000,0.141365,0.000000
0.000000,-1.163034,0.000000
0.000000,2.078174,0.000000
0.000000,-0.551869,0.000000
0.000000,0.317091,0.000000
0.000000,-1.656402,0.000000
0.000000,-3.408224,0.000000
0.000000,-2.202384,0.000000
0.000000,-2.821302,0.000000
0.000000,0.894168,0.000000
0.000000,-2.026488,0.000000
0.000000,-1.329256,0.000000
0.000000,-0.656056,0.000000
0.000000,-0.366613,0.000000
0.000000,-1.819857,0.000000
0.000000,-1.280182,0.000000
0.000000,-0.869263,0.000000
0.000000,-1.123566,0.000000
0.000000,-1.837596,0.000000
0.000000,-0.971680,0.000000
0.000000,-0.835604,0.000000
0.000000,0.019223,0.000000
0.000000,-2.601624,0.000000
0.000000,0.967904,0.000000
0.000000,-1.512096,0.000000
0.000000,-2.062298,0.000000
0.000000,-1.250419,0.000000
0.000000,0.610073,0.000000
0.000000,-1.228444,0.000000
0.000000,-0.391117,0.000000
0.000000,-1.691200,0.000000
0.000000,0.589841,0.000000
0.000000,0.074333,0.000000
0.000000,5.433969,0.000000
0.000000,0.253424,0.000000
0.000000,2.194999,0.000000
0.000000,1.998177,0.000000
0.000000,1.147042,0.000000
0.000000,1.341053,0.000000
0.000000,0.381322,0.000000
0.000000,-2.194257,0.000000
0.000000,-1.808725,0.000000
0.000000,-1.736079,0.000000
0.000000,-5.360704,0.000000
0.000000,0.442320,0.000000
0.000000,0.980896,0.000000
0.000000,-2.877149,0.000000
0.000000,0.390288,0.000000
0.000000,-0.674891,0.000000
0.000000,2.552694,0.000000
0.000000,0.361128,0.000000
0.000000,0.254385,0.000000
0.000000,1.782924,0.000000
0.000000,-0.177327,0.000000
0.000000,-0.236983,0.000000
0.000000,-1.095394,0.000000
0.000000,0.277118,0.000000
0.000000,0.111657,0.000000
0.000000,-5.056409,0.000000
0.000000,2.662934,0.000000
0.000000,0.766550,0.000000
0.000000,-1.383755,0.000000
0.000000,-0.405461,0.000000
0.000000,1.367433,0.000000
0.000000,0.871380,0.000000
0.000000,0.916268,0.000000
0.000000,0.865509,0.000000
0.000000,0.715369,0.000000
0.000000,1.486396,0.000000
0.000000,1.529401,0.000000
0.000000,2.286111,0.000000
0.000000,1.274463,0.000000
0.000000,2.472800,0.000000
0.000000,3.668122,0.000000
0.000000,2.321354,0.000000
0.000000,4.085265,0.000000
0.000000,7.960939,0.000000
0.000000,5.031047,0.000000
0.000000,4.881692,0.000000
0.000000,0.338694,0.000000
0.000000,3.335036,0.000000
0.000000,1.926005,0.000000
0.000000,3.337955,0.000000
0.000000,2.725945,0.000000
0.000000,1.129357,0.000000
0.000000,4.102951,0.000000
0.000000,1.590119,0.000000
0.000000,0.889941,0.000000
0.000000,2.322495,0.000000
0.000000,-2.675545,0.000000
0.000000,1.545837,0.000000
0.000000,1.727171,0.000000
0.000000,1.361000,0.000000
0.000000,0.704259,0.000000
0.000000,-1.806860,0.000000
0.000000,-2.351517,0.000000
0.000000,-1.400678,0.000000
0.000000,-1.325699,0.000000
0.000000,2.982129,0.000000
0.000000,3.544729,0.000000
0.000000,-1.742951,0.000000
0.000000,5.526757,0.000000
0.000000,1.919381,0.000000
0.000000,-1.329003,0.000000
0.000000,-0.472984,0.000000
0.000000,2.565553,0.000000
0.000000,4.375231,0.000000
0.000000,5.338210,0.000000
0.000000,3.679411,0.000000
0.000000,4.893960,0.000000
0.000000,4.783235,0.000000
0.000000,-1.255364,0.000000
0.000000,0.473622,0.000000
0.000000,-0.663981,0.000000
0.000000,1.469205,0.000000
0.000000,1.861061,0.000000
0.000000,1.695096,0.000000
0.000000,1.131649,0.000000
0.000000,1.283034,0.000000
0.000000,1.482499,0.000000
0.000000,2.302237,0.000000
0.000000,1.997887,0.000000
0.000000,2.641748,0.000000
0.000000,2.466107,0.000000
0.000000,3.392257,0.000000
0.000000,2.524286,0.000000
0.000000,2.415763,0.000000
0.000000,4.843924,0.000000
0.000000,1.243209,0.000000
0.000000,1.526243,0.000000
0.000000,1.564319,0.000000
0.000000,1.842951,0.000000
0.000000,1.713398,0.000000
0.000000,0.773838,0.000000
0.000000,3.469348,0.000000
0.000000,2.607036,0.000000
0.000000,2.326481,0.000000
0.000000,2.197004,0.000000
0.000000,2.235683,0.000000
0.000000,2.876068,0.000000
0.000000,0.130525,0.000000
0.000000,3.427990,0.000000
0.000000,3.852618,0.000000
0.000000,5.223253,0.000000
0.000000,4.021854,0.000000
0.000000,4.583194,0.000000
0.000000,4.923973,0.000000
0.000000,4.768372,0.000000
0.000000,5.610350,0.000000
0.000000,5.852456,0.000000
0.000000,6.120955,0.000000
0.000000,2.855173,0.000000
0.000000,4.272094,0.000000
0.000000,1.302798,0.000000
0.000000,0.177272,0.000000
0.000000,0.554921,0.000000
0.000000,4.782123,0.000000
0.000000,-1.490343,0.000000
0.000000,4.526666,0.000000
0.000000,4.911156,0.000000
0.000000,3.425280,0.000000
0.000000,4.511082,0.000000
0.000000,4.575327,0.000000
0.000000,3.074258,0.000000
0.000000,3.033755,0.000000
0.000000,2.514252,0.000000
0.000000,3.731826,0.000000
0.000000,4.420618,0.000000
0.000000,4.014105,0.000000
0.000000,5.464788,0.000000
0.000000,3.656502,0.000000
0.000000,4.162091,0.000000
0.000000,3.385499,0.000000
0.000000,3.759253,0.000000
0.000000,4.073207,0.000000
0.000000,2.870172,0.000000
0.000000,-1.017781,0.000000
0.000000,4.050482,0.000000
0.000000,2.475922,0.000000
0.000000,3.524455,0.000000
0.000000,2.767065,0.000000
0.000000,1.643204,0.000000
0.000000,0.397321,0.000000
0.000000,2.920891,0.000000
0.000000,-1.204179,0.000000
0.000000,3.539783,0.000000
0.000000,1.291541,0.000000
0.000000,1.280195,0.000000
0.000000,2.207882,0.000000
0.000000,1.091648,0.000000
0.000000,4.770266,0.000000
0.000000,2.191603,0.000000
0.000000,1.971410,0.000000
0.000000,6.144324,0.000000
0.000000,3.895374,0.000000
0.000000,2.509473,0.000000
0.000000,2.820225,0.000000
0.000000,-2.305892,0.000000
0.000000,-2.604595,0.000000
0.000000,2.229522,0.000000
0.000000,2.711901,0.000000
0.000000,2.208824,0.000000
0.000000,1.115368,0.000000
0.000000,3.965000,0.000000
0.000000,0.833129,0.000000
0.000000,2.701759,0.000000
0.000000,0.621642,0.000000
0.000000,3.824162,0.000000
0.000000,3.114745,0.000000
0.000000,3.744731,0.000000
0.000000,4.387640,0.000000
0.000000,3.478612,0.000000
0.000000,2.593557,0.000000
0.000000,2.807333,0.000000
0.000000,3.539495,0.000000
0.000000,2.822001,0.000000
0.000000,3.286111,0.000000
0.000000,4.327021,0.000000
0.000000,3.874309,0.000000
0.000000,2.576424,0.000000
0.000000,3.212870,0.000000
0.000000,3.078444,0.000000
0.000000,2.873734,0.000000
0.000000,3.509950,0.000000
0.000000,0.822465,0.000000
0.000000,3.219682,0.000000
0.000000,3.001162,0.000000
0.000000,2.673395,0.000000
0.000000,1.365655,0.000000
0.000000,2.847916,0.000000
0.000000,2.768962,0.000000
0.000000,1.815638,0.000000
0.000000,-1.183193,0.000000
0.000000,-2.446201,0.000000
0.000000,-1.771879,0.000000
0.000000,-2.704010,0.000000
0.000000,1.103285,0.000000
0.000000,-1.008361,0.000000
0.000000,-1.298498,0.000000
0.000000,-0.925034,0.000000
0.000000,-1.988571,0.000000
0.000000,-2.341549,0.000000
0.000000,-4.176889,0.000000
0.000000,-2.255245,0.000000
0.000000,-2.816372,0.000000
0.000000,-5.792466,0.000000
0.000000,-1.534905,0.000000
0.000000,-4.318050,0.000000
0.000000,-2.807831,0.000000
0.000000,-3.293686,0.000000
0.000000,-2.894678,0.000000
0.000000,-2.029101,0.000000
0.000000,-4.367950,0.000000
0.000000,0.999304,0.000000
0.000000,2.991879,0.000000
0.000000,8.972940,0.000000
0.000000,17.300600,0.000000
0.000000,7.996061,0.000000
0.000000,13.455726,0.000000
0.000000,21.593088,0.000000
0.000000,22.165310,0.000000
0.000000,27.166904,0.000000
0.000000,29.638360,0.000000
0.000000,20.354774,0.000000
0.000000,22.251007,0.000000
0.000000,18.747953,0.000000
0.000000,26.942144,0.000000
0.000000,29.345808,0.000000
0.000000,30.012615,0.000000
0.000000,29.118320,0.000000
0.000000,25.840153,0.000000
0.000000,38.007786,0.000000
0.000000,31.917463,0.000000
0.000000,34.913788,0.000000
0.000000,32.069897,0.000000
0.000000,32.993282,0.000000
0.000000,34.221806,0.000000
0.000000,31.684301,0.000000
0.000000,30.519459,0.000000
0.000000,34.439470,0.000000
0.000000,36.339040,0.000000
0.000000,35.941074,0.000000
0.000000,35.166760,0.000000
0.000000,41.976360,0.000000
0.000000,43.505768,0.000000
0.000000,37.129410,0.000000
0.000000,46.823807,0.000000
0.000000,53.520714,0.000000
0.000000,55.903670,0.000000
0.000000,60.044746,0.000000
0.000000,56.807316,0.000000
0.000000,56.124340,0.000000
0.000000,54.578690,0.000000
0.000000,55.974403,0.000000
0.000000,57.341602,0.000000
0.000000,59.129013,0.000000
0.000000,55.987797,0.000000
0.000000,56.650760,0.000000
0.000000,51.870760,0.000000
0.000000,51.315770,0.000000
0.000000,47.294514,0.000000
0.000000,47.652042,0.000000
0.000000,45.501170,0.000000
0.000000,46.085564,0.000000
0.000000,49.961433,0.000000
0.000000,52.347496,0.000000
0.000000,49.145730,0.000000
0.000000,50.209670,0.000000
0.000000,50.073050,0.000000
0.000000,51.646360,0.000000
0.000000,53.025776,0.000000
0.000000,53.424717,0.000000
0.000000,52.574657,0.000000
0.000000,55.127045,0.000000
0.000000,56.901527,0.000000
0.000000,58.098310,0.000000
0.000000,54.830710,0.000000
0.000000,56.441544,0.000000
0.000000,54.947510,0.000000
0.000000,56.119072,0.000000
0.000000,55.689840,0.000000
0.000000,52.607560,0.000000
0.000000,52.963750,0.000000
0.000000,51.162960,0.000000
0.000000,51.341260,0.000000
0.000000,53.122265,0.000000
0.000000,52.666990,0.000000
0.000000,53.843117,0.000000
0.000000,54.415024,0.000000
0.000000,55.786915,0.000000
0.000000,54.909046,0.000000
0.000000,50.717415,0.000000
0.000000,48.665066,0.000000
0.000000,45.811653,0.000000
0.000000,41.756298,0.000000
0.000000,42.810650,0.000000
0.000000,38.516890,0.000000
0.000000,36.671146,0.000000
0.000000,38.019516,0.000000
0.000000,12.155954,0.000000
0.000000,39.225360,0.000000
0.000000,43.583950,0.000000
0.000000,47.823690,0.000000
0.000000,48.198536,0.000000
0.000000,49.477314,0.000000
0.000000,47.375572,0.000000
0.000000,44.167390,0.000000
0.000000,39.645832,0.000000
0.000000,36.136600,0.000000
0.000000,36.818806,0.000000
0.000000,37.327490,0.000000
0.000000,30.589626,0.000000
0.000000,31.467623,0.000000
0.000000,31.631504,0.000000
0.000000,32.786910,0.000000
0.000000,27.007880,0.000000
0.000000,27.535400,0.000000
0.000000,26.118120,0.000000
0.000000,33.035040,0.000000
0.000000,33.342330,0.000000
0.000000,31.726862,0.000000
0.000000,28.809565,0.000000
0.000000,29.586536,0.000000
0.000000,29.233984,0.000000
0.000000,30.183704,0.000000
0.000000,29.188354,0.000000
0.000000,28.908615,0.000000
0.000000,22.443230,0.000000
0.000000,33.873070,0.000000
0.000000,31.675173,0.000000
0.000000,33.788822,0.000000
0.000000,32.938503,0.000000
0.000000,31.747911,0.000000
0.000000,32.787560,0.000000
0.000000,30.710281,0.000000
0.000000,31.390165,0.000000
0.000000,31.365402,0.000000
0.000000,31.656824,0.000000
0.000000,32.631560,0.000000
0.000000,31.993784,0.000000
0.000000,32.344357,0.000000
0.000000,34.850250,0.000000
0.000000,34.329445,0.000000
0.000000,34.660553,0.000000
0.000000,34.261540,0.000000
0.000000,32.828940,0.000000
0.000000,31.862540,0.000000
0.000000,34.406690,0.000000
0.000000,32.055560,0.000000
0.000000,32.422165,0.000000
0.000000,33.879078,0.000000
0.000000,31.486359,0.000000
0.000000,29.079409,0.000000
0.000000,28.145437,0.000000
0.000000,22.582355,0.000000
0.000000,28.355562,0.000000
0.000000,29.693016,0.000000
0.000000,25.343727,0.000000
0.000000,24.299755,0.000000
0.000000,22.859344,0.000000
0.000000,21.108278,0.000000
0.000000,20.573374,0.000000
0.000000,20.745210,0.000000
0.000000,17.652534,0.000000
0.000000,20.504017,0.000000
0.000000,19.029880,0.000000
0.000000,21.474236,0.000000
0.000000,20.743324,0.000000
0.000000,20.664515,0.000000
0.000000,25.070578,0.000000
0.000000,18.258923,0.000000
0.000000,20.939316,0.000000
0.000000,20.467577,0.000000
0.000000,21.149096,0.000000
0.000000,20.604870,0.000000
0.000000,11.346314,0.000000
0.000000,6.942355,0.000000
0.000000,3.757953,0.000000
0.000000,6.097227,0.000000
0.000000,4.863144,0.000000
0.000000,5.492051,0.000000
0.000000,7.467671,0.000000
0.000000,8.094826,0.000000
0.000000,2.738854,0.000000
0.000000,3.424346,0.000000
0.000000,0.625129,0.000000
0.000000,2.320525,0.000000
0.000000,6.065697,0.000000
0.000000,5.515276,0.000000
0.000000,2.040153,0.000000
0.000000,0.747934,0.000000
0.000000,1.018484,0.000000
0.000000,-2.937861,0.000000
0.000000,-1.891662,0.000000
0.000000,1.535671,0.000000
0.000000,-6.213352,0.000000
0.000000,0.507328,0.000000
0.000000,-2.151435,0.000000
0.000000,-2.148979,0.000000
0.000000,-4.096658,0.000000
0.000000,-8.477685,0.000000
0.000000,-8.053020,0.000000
0.000000,-8.343040,0.000000
0.000000,-10.061166,0.000000
0.000000,-10.484833,0.000000
0.000000,-9.777010,0.000000
0.000000,-12.300176,0.000000
0.000000,-12.411784,0.000000
0.000000,-14.984910,0.000000
0.000000,-16.663480,0.000000
0.000000,-18.038385,0.000000
0.000000,-15.192227,0.000000
0.000000,-15.458351,0.000000
0.000000,-12.521567,0.000000
0.000000,-14.249926,0.000000
0.000000,-18.471410,0.000000
0.000000,-15.451616,0.000000
0.000000,-8.263165,0.000000
0.000000,-8.898351,0.000000
0.000000,-8.797569,0.000000
0.000000,-20.731686,0.000000
0.000000,-19.839998,0.000000
0.000000,-10.875347,0.000000
0.000000,-17.819145,0.000000
0.000000,-16.956024,0.000000
0.000000,-19.880030,0.000000
0.000000,-18.379505,0.000000
0.000000,-11.619501,0.000000
0.000000,-16.953390,0.000000
0.000000,-19.584871,0.000000
0.000000,-12.271287,0.000000
0.000000,-9.008014,0.000000
0.000000,-13.164421,0.000000
0.000000,-11.054658,0.000000
0.000000,-10.197640,0.000000
0.000000,-11.662071,0.000000
0.000000,-14.612076,0.000000
0.000000,-17.622131,0.000000
0.000000,-19.681750,0.000000
0.000000,-17.633660,0.000000
0.000000,-6.808900,0.000000
0.000000,-15.543771,0.000000
0.000000,-18.340435,0.000000
0.000000,-22.715607,0.000000
0.000000,-22.448858,0.000000
0.000000,-33.521946,0.000000
0.000000,-26.095938,0.000000
0.000000,-30.288357,0.000000
0.000000,-40.407784,0.000000
0.000000,-44.410645,0.000000
0.000000,-47.948017,0.000000
0.000000,-46.384087,0.000000
0.000000,-42.184025,0.000000
0.000000,-36.096397,0.000000
0.000000,-38.280010,0.000000
0.000000,-47.570183,0.000000
0.000000,-46.811450,0.000000
0.000000,-43.515926,0.000000
0.000000,-41.763977,0.000000
0.000000,-45.585888,0.000000
0.000000,-46.887695,0.000000
0.000000,-47.899593,0.000000
0.000000,-51.833126,0.000000
0.000000,-50.118263,0.000000
0.000000,-50.994495,0.000000
0.000000,-53.334070,0.000000
0.000000,-52.982420,0.000000
0.000000,-54.842346,0.000000
0.000000,-57.646828,0.000000
0.000000,-55.722588,0.000000
0.000000,-57.933773,0.000000
0.000000,-60.114136,0.000000
0.000000,-59.889004,0.000000
0.000000,-58.174380,0.000000
0.000000,-57.564423,0.000000
0.000000,-50.650210,0.000000
0.000000,-48.286953,0.000000
0.000000,-50.806980,0.000000
0.000000,-53.886880,0.000000
0.000000,-51.850033,0.000000
0.000000,-53.792133,0.000000
0.000000,-52.425682,0.000000
0.000000,-57.332592,0.000000
0.000000,-57.178510,0.000000
0.000000,-55.231144,0.000000
0.000000,-62.974304,0.000000
0.000000,-62.404224,0.000000
0.000000,-54.975224,0.000000
0.000000,-50.075860,0.000000
0.000000,-59.766373,0.000000
0.000000,-61.618920,0.000000
0.000000,-60.915054,0.000000
0.000000,-61.113340,0.000000
0.000000,-58.795680,0.000000
0.000000,-60.796448,0.000000
0.000000,-64.811350,0.000000
0.000000,-61.226574,0.000000
0.000000,-59.575085,0.000000
0.000000,-60.450100,0.000000
0.000000,-60.751144,0.000000
0.000000,-62.788177,0.000000
0.000000,-59.846650,0.000000
0.000000,-63.583400,0.000000
0.000000,-62.504890,0.000000
0.000000,-65.085130,0.000000
0.000000,-67.986336,0.000000
0.000000,-65.324104,0.000000
0.000000,-57.876377,0.000000
0.000000,-60.095592,0.000000
0.000000,-60.765038,0.000000
0.000000,-54.903774,0.000000
0.000000,-59.520560,0.000000
0.000000,-51.809990,0.000000
0.000000,-52.317657,0.000000
0.000000,-49.426174,0.000000
0.000000,-54.569630,0.000000
0.000000,-35.141373,0.000000
0.000000,-30.440466,0.000000
0.000000,-24.675417,0.000000
0.000000,-22.978330,0.000000
0.000000,-24.682392,0.000000
0.000000,-27.140318,0.000000
0.000000,-17.892101,0.000000
0.000000,-3.955479,0.000000
0.000000,1.200155,0.000000
0.000000,-5.821206,0.000000
0.000000,-15.819757,0.000000
0.000000,-19.530563,0.000000
0.000000,-16.622623,0.000000
0.000000,-21.243212,0.000000
0.000000,-16.304031,0.000000
0.000000,-14.002894,0.000000
0.000000,-11.476348,0.000000
0.000000,-11.719375,0.000000
0.000000,-10.953287,0.000000
0.000000,-14.028576,0.000000
0.000000,-19.340902,0.000000
0.000000,-17.141903,0.000000
0.000000,-18.560055,0.000000
0.000000,-15.946579,0.000000
0.000000,-14.412373,0.000000
0.000000,-11.774224,0.000000
0.000000,-12.837356,0.000000
0.000000,-19.195677,0.000000
0.000000,-22.217834,0.000000
0.000000,-28.509872,0.000000
0.000000,-27.358553,0.000000
0.000000,-18.314215,0.000000
0.000000,-8.670094,0.000000
0.000000,-14.273793,0.000000
0.000000,-3.259751,0.000000
0.000000,1.577516,0.000000
0.000000,6.653057,0.000000
0.000000,1.956709,0.000000
0.000000,11.441937,0.000000
0.000000,10.045394,0.000000
0.000000,20.325504,0.000000
0.000000,18.944717,0.000000
0.000000,17.939808,0.000000
0.000000,24.524223,0.000000
0.000000,22.893390,0.000000
0.000000,28.070028,0.000000
0.000000,32.609623,0.000000
0.000000,30.004045,0.000000
0.000000,30.717037,0.000000
0.000000,36.803993,0.000000
0.000000,32.800385,0.000000
0.000000,38.768850,0.000000
0.000000,40.546432,0.000000
0.000000,39.204502,0.000000
0.000000,40.529340,0.000000
0.000000,43.625877,0.000000
0.000000,44.353130,0.000000
0.000000,43.898636,0.000000
0.000000,40.142838,0.000000
0.000000,35.262638,0.000000
0.000000,43.541363,0.000000
0.000000,49.425182,0.000000
0.000000,56.796700,0.000000
0.000000,56.601383,0.000000
0.000000,57.007736,0.000000
0.000000,55.996147,0.000000
0.000000,55.190296,0.000000
0.000000,58.365560,0.000000
0.000000,56.519680,0.000000
0.000000,55.115208,0.000000
0.000000,52.962250,0.000000
0.000000,56.419710,0.000000
0.000000,57.441788,0.000000
0.000000,56.304447,0.000000
0.000000,51.632970,0.000000
0.000000,52.362362,0.000000
0.000000,49.987183,0.000000
0.000000,53.104263,0.000000
0.000000,52.957436,0.000000
0.000000,50.531452,0.000000
0.000000,50.086980,0.000000
0.000000,49.548927,0.000000
0.000000,48.238457,0.000000
0.000000,47.003970,0.000000
0.000000,47.801876,0.000000
0.000000,47.413586,0.000000
0.000000,48.305504,0.000000
0.000000,47.759390,0.000000
0.000000,47.220882,0.000000
0.000000,47.788635,0.000000
0.000000,48.579270,0.000000
0.000000,46.583786,0.000000
0.000000,48.277410,0.000000
0.000000,51.996048,0.000000
0.000000,50.547382,0.000000
0.000000,50.087555,0.000000
0.000000,50.524937,0.000000
0.000000,49.881660,0.000000
0.000000,51.985577,0.000000
0.000000,52.940384,0.000000
0.000000,50.331410,0.000000
0.000000,49.897655,0.000000
0.000000,49.824455,0.000000
0.000000,51.311710,0.000000
0.000000,52.537110,0.000000
0.000000,50.883633,0.000000
0.000000,43.171238,0.000000
0.000000,44.288555,0.000000
0.000000,42.869545,0.000000
0.000000,41.293182,0.000000
0.000000,42.388775,0.000000
0.000000,39.946106,0.000000
0.000000,44.963990,0.000000
0.000000,38.431522,0.000000
0.000000,25.468288,0.000000
0.000000,39.786385,0.000000
0.000000,39.157738,0.000000
0.000000,34.055954,0.000000
0.000000,35.225327,0.000000
0.000000,30.371056,0.000000
0.000000,26.287600,0.000000
0.000000,30.123322,0.000000
0.000000,33.842087,0.000000
0.000000,39.914790,0.000000
0.000000,43.419390,0.000000
0.000000,41.490230,0.000000
0.000000,40.580970,0.000000
0.000000,40.162827,0.000000
0.000000,36.544155,0.000000
0.000000,8.571981,0.000000
0.000000,24.175056,0.000000
0.000000,22.899353,0.000000
0.000000,28.369480,0.000000
0.000000,22.979893,0.000000
0.000000,22.472650,0.000000
0.000000,23.310633,0.000000
0.000000,25.318941,0.000000
0.000000,3.549353,0.000000
0.000000,25.804737,0.000000
0.000000,23.823374,0.000000
0.000000,21.650880,0.000000
0.000000,21.572304,0.000000
0.000000,18.776760,0.000000
0.000000,23.293580,0.000000
0.000000,23.771042,0.000000
0.000000,22.907790,0.000000
0.000000,23.759558,0.000000
0.000000,24.242900,0.000000
0.000000,27.455767,0.000000
0.000000,22.990110,0.000000
0.000000,23.565584,0.000000
0.000000,16.146692,0.000000
0.000000,17.507904,0.000000
0.000000,17.816721,0.000000
0.000000,19.183191,0.000000
0.000000,18.758017,0.000000
0.000000,20.294455,0.000000
0.000000,19.992610,0.000000
0.000000,22.151293,0.000000
0.000000,21.531000,0.000000
0.000000,22.611820,0.000000
0.000000,21.275755,0.000000
0.000000,21.682457,0.000000
0.000000,19.871138,0.000000
0.000000,15.201622,0.000000
0.000000,10.487103,0.000000
0.000000,6.233654,0.000000
0.000000,-1.858299,0.000000
0.000000,-2.712048,0.000000
0.000000,2.705639,0.000000
0.000000,1.263096,0.000000
0.000000,-1.099630,0.000000
0.000000,-4.817622,0.000000
0.000000,1.421445,0.000000
0.000000,-2.045646,0.000000
0.000000,2.707394,0.000000
0.000000,3.158774,0.000000
0.000000,8.562302,0.000000
0.000000,-1.021280,0.000000
0.000000,5.840147,0.000000
0.000000,8.049825,0.000000
0.000000,9.072485,0.000000
0.000000,7.574134,0.000000
0.000000,6.185702,0.000000
0.000000,2.231330,0.000000
0.000000,5.061549,0.000000
0.000000,5.762500,0.000000
0.000000,8.777019,0.000000
0.000000,2.516828,0.000000
0.000000,2.321212,0.000000
0.000000,1.098742,0.000000
0.000000,0.582652,0.000000
0.000000,-0.265367,0.000000
0.000000,-1.616204,0.000000
0.000000,-1.421910,0.000000
0.000000,-3.124690,0.000000
0.000000,-4.797185,0.000000
0.000000,0.731766,0.000000
0.000000,-4.037456,0.000000
0.000000,-3.917287,0.000000
0.000000,-5.511371,0.000000
0.000000,-2.865559,0.000000
0.000000,-3.629253,0.000000
0.000000,-7.798331,0.000000
0.000000,-6.400174,0.000000
0.000000,-3.038069,0.000000
0.000000,-8.643538,0.000000
0.000000,-9.020242,0.000000
0.000000,-7.597641,0.000000
0.000000,-7.859921,0.000000
0.000000,-7.025046,0.000000
0.000000,-8.709606,0.000000
0.000000,-7.800837,0.000000
0.000000,-4.344584,0.000000
0.000000,-11.137489,0.000000
0.000000,-23.308220,0.000000
0.000000,-7.540293,0.000000
0.000000,-12.267859,0.000000
0.000000,-9.445591,0.000000
0.000000,-8.026595,0.000000
0.000000,-7.858106,0.000000
0.000000,-6.569031,0.000000
0.000000,-8.862777,0.000000
0.000000,-8.902165,0.000000
0.000000,-14.574210,0.000000
0.000000,-5.625275,0.000000
0.000000,-7.420249,0.000000
0.000000,-6.507794,0.000000
0.000000,-9.271825,0.000000
0.000000,-16.218885,0.000000
0.000000,-13.694160,0.000000
0.000000,-8.235261,0.000000
0.000000,-14.253716,0.000000
0.000000,-13.387971,0.000000
0.000000,-17.053152,0.000000
0.000000,-9.870470,0.000000
0.000000,-12.812501,0.000000
0.000000,-15.896615,0.000000
0.000000,-16.729586,0.000000
0.000000,-12.871469,0.000000
0.000000,-17.414587,0.000000
0.000000,-5.235259,0.000000
0.000000,0.651860,0.000000
0.000000,-2.308603,0.000000
0.000000,-6.327422,0.000000
0.000000,-4.069253,0.000000
0.000000,-6.907846,0.000000
0.000000,-8.059901,0.000000
0.000000,-7.253243,0.000000
0.000000,-2.530485,0.000000
0.000000,-3.481288,0.000000
0.000000,-9.906070,0.000000
0.000000,-3.792254,0.000000
0.000000,-4.396646,0.000000
0.000000,-10.226712,0.000000
0.000000,-28.266827,0.000000
0.000000,-24.793842,0.000000
0.000000,-37.449150,0.000000
0.000000,-43.585567,0.000000
0.000000,-45.493927,0.000000
0.000000,-41.430843,0.000000
0.000000,-47.625560,0.000000
0.000000,-52.062057,0.000000
0.000000,-50.852280,0.000000
0.000000,-49.971054,0.000000
0.000000,-45.762268,0.000000
0.000000,-51.428112,0.000000
0.000000,-57.716410,0.000000
0.000000,-55.776657,0.000000
0.000000,-57.709690,0.000000
0.000000,-57.004180,0.000000
0.000000,-59.455170,0.000000
0.000000,-58.359890,0.000000
0.000000,-60.396683,0.000000
0.000000,-59.613106,0.000000
0.000000,-54.655766,0.000000
0.000000,-58.439644,0.000000
0.000000,-57.691563,0.000000
0.000000,-58.551450,0.000000
0.000000,-57.638073,0.000000
0.000000,-58.698444,0.000000
0.000000,-51.944810,0.000000
0.000000,-52.834312,0.000000
0.000000,-56.830364,0.000000
0.000000,-64.754190,0.000000
0.000000,-65.721350,0.000000
0.000000,-63.972810,0.000000
0.000000,-64.225080,0.000000
0.000000,-67.375800,0.000000
0.000000,-64.666230,0.000000
0.000000,-67.935880,0.000000
0.000000,-68.547570,0.000000
0.000000,-71.393585,0.000000
0.000000,-71.617210,0.000000
0.000000,-70.619050,0.000000
0.000000,-71.149025,0.000000
0.000000,-72.716290,0.000000
0.000000,-73.636630,0.000000
0.000000,-72.914345,0.000000
0.000000,-73.283005,0.000000
0.000000,-67.137620,0.000000
0.000000,-66.900800,0.000000
0.000000,-64.703850,0.000000
0.000000,-64.997660,0.000000
0.000000,-65.506980,0.000000
0.000000,-53.820644,0.000000
0.000000,-55.478386,0.000000
0.000000,-46.507496,0.000000
0.000000,-51.513527,0.000000
0.000000,-50.890274,0.000000
0.000000,-51.628292,0.000000
0.000000,-57.979774,0.000000
0.000000,-60.243202,0.000000
0.000000,-57.090565,0.000000
0.000000,-54.376816,0.000000
0.000000,-52.376210,0.000000
0.000000,-53.705310,0.000000
0.000000,-51.562960,0.000000
0.000000,-53.963050,0.000000
0.000000,-48.726490,0.000000
0.000000,-32.935480,0.000000
0.000000,-34.892580,0.000000
0.000000,-31.613981,0.000000
0.000000,-11.566859,0.000000
0.000000,-1.815020,0.000000
0.000000,-6.256659,0.000000
0.000000,-9.355705,0.000000
0.000000,-16.570631,0.000000
0.000000,-14.659260,0.000000
0.000000,-11.047365,0.000000
0.000000,-13.518981,0.000000
0.000000,-13.048947,0.000000
0.000000,-9.010585,0.000000
0.000000,-14.216054,0.000000
0.000000,-9.049084,0.000000
0.000000,-15.685156,0.000000
0.000000,-7.895057,0.000000
0.000000,7.845083,0.000000
0.000000,3.360610,0.000000
0.000000,-0.566429,0.000000
0.000000,9.149241,0.000000
0.000000,-25.753979,0.000000
0.000000,4.797153,0.000000
0.000000,9.206925,0.000000
0.000000,5.869580,0.000000
0.000000,6.495768,0.000000
0.000000,9.132282,0.000000
0.000000,13.919322,0.000000
0.000000,9.632917,0.000000
0.000000,6.317925,0.000000
0.000000,4.094940,0.000000
0.000000,8.330587,0.000000
0.000000,8.984589,0.000000
0.000000,8.239525,0.000000
0.000000,13.401022,0.000000
0.000000,12.759943,0.000000
0.000000,13.439599,0.000000
0.000000,15.432382,0.000000
0.000000,11.389940,0.000000
0.000000,13.414914,0.000000
0.000000,12.816860,0.000000
0.000000,15.204460,0.000000
0.000000,15.969933,0.000000
0.000000,28.398281,0.000000
0.000000,30.768333,0.000000
0.000000,30.802340,0.000000
0.000000,31.020280,0.000000
0.000000,29.892200,0.000000
0.000000,20.697580,0.000000
0.000000,22.553291,0.000000
0.000000,30.406466,0.000000
0.000000,30.581200,0.000000
0.000000,29.001558,0.000000
0.000000,28.204556,0.000000
0.000000,32.975456,0.000000
0.000000,29.307234,0.000000
0.000000,27.230500,0.000000
0.000000,34.335980,0.000000
0.000000,32.512077,0.000000
0.000000,35.978670,0.000000
0.000000,36.169968,0.000000
0.000000,37.438150,0.000000
0.000000,39.535920,0.000000
0.000000,40.006737,0.000000
0.000000,44.217530,0.000000
0.000000,53.342090,0.000000
0.000000,43.394325,0.000000
0.000000,43.154285,0.000000
0.000000,50.116360,0.000000
0.000000,50.437080,0.000000
0.000000,53.676292,0.000000
0.000000,53.182410,0.000000
0.000000,53.803910,0.000000
0.000000,52.651775,0.000000
0.000000,54.690773,0.000000
0.000000,55.051950,0.000000
0.000000,54.187687,0.000000
0.000000,54.406643,0.000000
0.000000,56.709690,0.000000
0.000000,55.535484,0.000000
0.000000,55.459606,0.000000
0.000000,54.444107,0.000000
0.000000,52.780365,0.000000
0.000000,52.223250,0.000000
0.000000,52.972816,0.000000
0.000000,51.400757,0.000000
0.000000,50.539963,0.000000
0.000000,48.691370,0.000000
0.000000,47.562687,0.000000
0.000000,50.268906,0.000000
0.000000,45.302277,0.000000
0.000000,46.236763,0.000000
0.000000,47.027170,0.000000
0.000000,50.363113,0.000000
0.000000,48.544300,0.000000
0.000000,48.417297,0.000000
0.000000,51.942516,0.000000
0.000000,48.221130,0.000000
0.000000,49.114666,0.000000
0.000000,49.372158,0.000000
0.000000,49.917790,0.000000
0.000000,50.930330,0.000000
0.000000,50.514630,0.000000
0.000000,49.199890,0.000000
0.000000,49.443030,0.000000
0.000000,49.265335,0.000000
0.000000,49.501507,0.000000
0.000000,48.309616,0.000000
0.000000,48.202057,0.000000
0.000000,48.187256,0.000000
0.000000,43.116425,0.000000
0.000000,47.154827,0.000000
0.000000,47.653744,0.000000
0.000000,49.945538,0.000000
0.000000,43.086970,0.000000
0.000000,47.017070,0.000000
0.000000,46.335930,0.000000
0.000000,45.545185,0.000000
0.000000,45.314854,0.000000
0.000000,46.228413,0.000000
0.000000,50.630493,0.000000
0.000000,50.407463,0.000000
0.000000,47.900375,0.000000
0.000000,49.011215,0.000000
0.000000,49.882877,0.000000
0.000000,51.525650,0.000000
0.000000,42.201492,0.000000
0.000000,33.088300,0.000000
0.000000,33.308740,0.000000
0.000000,46.640785,0.000000
0.000000,39.174026,0.000000
0.000000,41.937717,0.000000
0.000000,36.403034,0.000000
0.000000,18.145466,0.000000
0.000000,35.506157,0.000000
0.000000,38.646360,0.000000
0.000000,41.995087,0.000000
0.000000,37.368280,0.000000
0.000000,15.579650,0.000000
0.000000,25.935806,0.000000
0.000000,32.464480,0.000000
0.000000,24.840504,0.000000
0.000000,28.335775,0.000000
0.000000,28.871872,0.000000
0.000000,32.035310,0.000000
0.000000,32.522594,0.000000
0.000000,27.015924,0.000000
0.000000,16.170103,0.000000
0.000000,6.977207,0.000000
0.000000,20.753315,0.000000
0.000000,20.307680,0.000000
0.000000,14.577817,0.000000
0.000000,10.671889,0.000000
0.000000,9.817402,0.000000
0.000000,9.690966,0.000000
0.000000,11.218976,0.000000
0.000000,14.654037,0.000000
0.000000,19.891897,0.000000
0.000000,14.432781,0.000000
0.000000,15.322353,0.000000
0.000000,10.177419,0.000000
0.000000,16.827826,0.000000
0.000000,13.492479,0.000000
0.000000,12.481728,0.000000
0.000000,9.579178,0.000000
0.000000,10.979166,0.000000
0.000000,11.342428,0.000000
0.000000,6.517356,0.000000
0.000000,-0.413237,0.000000
0.000000,3.330621,0.000000
0.000000,1.721712,0.000000
0.000000,5.023272,0.000000
0.000000,3.919157,0.000000
0.000000,7.587910,0.000000
0.000000,2.331168,0.000000
0.000000,0.530745,0.000000
0.000000,1.680323,0.000000
0.000000,-2.275803,0.000000
0.000000,1.113026,0.000000
0.000000,6.598057,0.000000
0.000000,-0.873769,0.000000
0.000000,-3.558345,0.000000
0.000000,-5.877543,0.000000
0.000000,-7.572598,0.000000
0.000000,-9.928206,0.000000
0.000000,-9.094766,0.000000
0.000000,-4.536205,0.000000
0.000000,-2.329247,0.000000
0.000000,-4.186251,0.000000
0.000000,-3.438372,0.000000
0.000000,-3.530688,0.000000
0.000000,-4.109091,0.000000
0.000000,-2.886766,0.000000
0.000000,-3.353856,0.000000
0.000000,0.170766,0.000000
0.000000,-7.587890,0.000000
0.000000,-0.361139,0.000000
0.000000,2.115621,0.000000
0.000000,-1.716765,0.000000
0.000000,-3.224459,0.000000
0.000000,-2.815546,0.000000
0.000000,-10.954021,0.000000
0.000000,-0.675858,0.000000
0.000000,-0.668728,0.000000
0.000000,-2.912202,0.000000
0.000000,-7.105658,0.000000
0.000000,-3.175387,0.000000
0.000000,-4.645263,0.000000
0.000000,-1.607450,0.000000
0.000000,-1.951128,0.000000
0.000000,-1.887817,0.000000
0.000000,-3.337702,0.000000
0.000000,-1.058263,0.000000
0.000000,-8.610637,0.000000
0.000000,-1.446898,0.000000
0.000000,-3.283483,0.000000
0.000000,-0.398105,0.000000
0.000000,-1.502604,0.000000
0.000000,-3.215107,0.000000
0.000000,-1.754001,0.000000
0.000000,-3.868884,0.000000
0.000000,-3.474600,0.000000
0.000000,-1.481609,0.000000
0.000000,-2.025430,0.000000
0.000000,-2.474781,0.000000
0.000000,4.760131,0.000000
0.000000,-1.993232,0.000000
0.000000,-0.215134,0.000000
0.000000,-6.722196,0.000000
0.000000,0.045128,0.000000
0.000000,-1.256690,0.000000
0.000000,-0.764549,0.000000
0.000000,-2.402633,0.000000
0.000000,-0.885331,0.000000
0.000000,2.463921,0.000000
0.000000,-2.363420,0.000000
0.000000,1.026494,0.000000
0.000000,-0.361846,0.000000
0.000000,0.824209,0.000000
0.000000,-1.014909,0.000000
0.000000,-0.366838,0.000000
0.000000,1.622755,0.000000
0.000000,-1.297494,0.000000
0.000000,2.306807,0.000000
0.000000,0.637448,0.000000
0.000000,-1.888540,0.000000
0.000000,-0.579055,0.000000
0.000000,-2.331602,0.000000
0.000000,0.712884,0.000000
0.000000,-3.008747,0.000000
0.000000,-0.720137,0.000000
0.000000,-2.635725,0.000000
0.000000,-0.599947,0.000000
0.000000,-3.199640,0.000000
0.000000,-3.008312,0.000000
0.000000,-6.198937,0.000000
0.000000,-4.221606,0.000000
0.000000,-3.700623,0.000000
0.000000,-4.578857,0.000000
0.000000,-3.378477,0.000000
0.000000,0.550062,0.000000
0.000000,-3.943756,0.000000
0.000000,2.947540,0.000000
0.000000,-3.384022,0.000000
0.000000,1.069076,0.000000
0.000000,-3.254637,0.000000
0.000000,4.097605,0.000000
0.000000,4.690119,0.000000
0.000000,2.194228,0.000000
0.000000,3.821774,0.000000
0.000000,-3.325746,0.000000
0.000000,1.500314,0.000000
0.000000,1.432577,0.000000
0.000000,2.139949,0.000000
0.000000,-6.220946,0.000000
0.000000,1.575895,0.000000
0.000000,2.212656,0.000000
0.000000,-3.541504,0.000000
0.000000,-2.961945,0.000000
0.000000,0.695642,0.000000
0.000000,2.544615,0.000000
0.000000,-4.188967,0.000000
0.000000,-8.647861,0.000000
0.000000,0.371477,0.000000
0.000000,-4.421131,0.000000
0.000000,1.062293,0.000000
0.000000,-4.208027,0.000000
0.000000,-5.222430,0.000000
0.000000,2.870368,0.000000
0.000000,1.605902,0.000000
0.000000,1.155722,0.000000
0.000000,0.926414,0.000000
0.000000,-3.883853,0.000000
0.000000,3.525480,0.000000
0.000000,0.390042,0.000000
0.000000,-3.355435,0.000000
0.000000,-6.532604,0.000000
0.000000,0.565605,0.000000
0.000000,2.047086,0.000000
0.000000,-5.347140,0.000000
0.000000,-4.760145,0.000000
0.000000,-5.501640,0.000000
0.000000,-6.053053,0.000000
0.000000,-6.771855,0.000000
0.000000,-10.024280,0.000000
0.000000,-8.370169,0.000000
0.000000,-11.045665,0.000000
0.000000,-7.037528,0.000000
0.000000,-4.595985,0.000000
0.000000,-15.321759,0.000000
0.000000,-6.125204,0.000000
0.000000,-4.627371,0.000000
0.000000,-5.062676,0.000000
0.000000,-4.791928,0.000000
0.000000,-7.322615,0.000000
0.000000,-6.489551,0.000000
0.000000,-3.988483,0.000000
0.000000,-14.637125,0.000000
0.000000,-18.388723,0.000000
0.000000,-14.668973,0.000000
0.000000,-15.620797,0.000000
0.000000,-12.923941,0.000000
0.000000,-12.751287,0.000000
0.000000,-26.288450,0.000000
0.000000,-20.472364,0.000000
0.000000,-19.797540,0.000000
0.000000,-19.412247,0.000000
0.000000,-34.846650,0.000000
0.000000,-36.909860,0.000000
0.000000,-41.251220,0.000000
0.000000,-40.871998,0.000000
0.000000,-46.902130,0.000000
0.000000,-37.886147,0.000000
0.000000,-43.208780,0.000000
0.000000,-50.239536,0.000000
0.000000,-57.572643,0.000000
0.000000,-58.064884,0.000000
0.000000,-58.389390,0.000000
0.000000,-58.572872,0.000000
0.000000,-68.592100,0.000000
0.000000,-64.767570,0.000000
0.000000,-67.779660,0.000000
0.000000,-61.982086,0.000000
0.000000,-52.133633,0.000000
0.000000,-56.154950,0.000000
0.000000,-56.989750,0.000000
0.000000,-51.168766,0.000000
0.000000,-50.613842,0.000000
0.000000,-60.910430,0.000000
0.000000,-61.790817,0.000000
0.000000,-65.930140,0.000000
0.000000,-71.005400,0.000000
0.000000,-65.326970,0.000000
0.000000,-48.271300,0.000000
0.000000,-53.831455,0.000000
0.000000,-39.639774,0.000000
0.000000,-54.551140,0.000000
0.000000,-63.443233,0.000000
0.000000,-63.728436,0.000000
0.000000,-56.247482,0.000000
0.000000,-40.928432,0.000000
0.000000,-49.421920,0.000000
0.000000,-41.584720,0.000000
0.000000,-37.262380,0.000000
0.000000,-22.064396,0.000000
0.000000,-30.510265,0.000000
0.000000,-20.220991,0.000000
0.000000,-12.371632,0.000000
0.000000,-13.430476,0.000000
0.000000,-18.929693,0.000000
0.000000,-23.941175,0.000000
0.000000,-18.199192,0.000000
0.000000,-3.499317,0.000000
0.000000,-9.902190,0.000000
0.000000,-7.446557,0.000000
0.000000,-8.086909,0.000000
0.000000,-7.478226,0.000000
0.000000,-10.704988,0.000000
0.000000,-1.908405,0.000000
0.000000,-1.224286,0.000000
0.000000,7.149372,0.000000
0.000000,6.094125,0.000000
0.000000,11.081977,0.000000
0.000000,6.149645,0.000000
0.000000,18.236824,0.000000
0.000000,14.913297,0.000000
0.000000,12.817313,0.000000
0.000000,14.970021,0.000000
0.000000,6.901545,0.000000
0.000000,3.780865,0.000000
0.000000,5.630104,0.000000
0.000000,14.704414,0.000000
0.000000,23.226215,0.000000
0.000000,28.127312,0.000000
0.000000,25.194061,0.000000
0.000000,24.269138,0.000000
0.000000,22.771101,0.000000
0.000000,29.676700,0.000000
0.000000,33.787296,0.000000
0.000000,38.334560,0.000000
0.000000,42.343796,0.000000
0.000000,51.144580,0.000000
0.000000,53.786427,0.000000
0.000000,56.942177,0.000000
0.000000,53.809296,0.000000
0.000000,50.669750,0.000000
0.000000,53.367930,0.000000
0.000000,53.612150,0.000000
0.000000,54.643284,0.000000
0.000000,53.079395,0.000000
0.000000,53.221485,0.000000
0.000000,51.787590,0.000000
0.000000,50.318240,0.000000
0.000000,53.005035,0.000000
0.000000,51.516530,0.000000
0.000000,31.149832,0.000000
0.000000,29.264547,0.000000
0.000000,26.370707,0.000000
0.000000,45.349495,0.000000
0.000000,37.045250,0.000000
0.000000,29.343770,0.000000
0.000000,32.844414,0.000000
0.000000,47.847800,0.000000
0.000000,29.305070,0.000000
0.000000,29.722527,0.000000
0.000000,49.113564,0.000000
0.000000,28.123024,0.000000
0.000000,27.615252,0.000000
0.000000,29.360080,0.000000
0.000000,44.158024,0.000000
0.000000,43.496690,0.000000
0.000000,46.668194,0.000000
0.000000,48.435364,0.000000
0.000000,47.254030,0.000000
0.000000,46.849400,0.000000
0.000000,46.290240,0.000000
0.000000,44.823420,0.000000
0.000000,47.321050,0.000000
0.000000,48.963573,0.000000
0.000000,51.492710,0.000000
0.000000,50.939213,0.000000
0.000000,54.560673,0.000000
0.000000,51.672950,0.000000
0.000000,53.320587,0.000000
0.000000,53.402400,0.000000
0.000000,48.980500,0.000000
0.000000,43.318010,0.000000
0.000000,38.455723,0.000000
0.000000,35.924496,0.000000
0.000000,27.965101,0.000000
0.000000,26.093193,0.000000
0.000000,7.719098,0.000000
0.000000,17.112177,0.000000
0.000000,22.888462,0.000000
0.000000,30.124422,0.000000
0.000000,26.073778,0.000000
0.000000,29.030449,0.000000
0.000000,28.172062,0.000000
0.000000,30.212730,0.000000
0.000000,30.771446,0.000000
0.000000,31.267326,0.000000
0.000000,31.797620,0.000000
0.000000,30.714474,0.000000
0.000000,30.155708,0.000000
0.000000,30.070110,0.000000
0.000000,28.376995,0.000000
0.000000,30.273369,0.000000
0.000000,27.196304,0.000000
0.000000,25.923935,0.000000
0.000000,24.094076,0.000000
0.000000,16.983658,0.000000
0.000000,17.711685,0.000000
0.000000,10.076121,0.000000
0.000000,9.796936,0.000000
0.000000,10.060523,0.000000
0.000000,17.745613,0.000000
0.000000,16.130909,0.000000
0.000000,10.591834,0.000000
0.000000,14.206117,0.000000
0.000000,9.007303,0.000000
0.000000,10.615919,0.000000
0.000000,11.544390,0.000000
0.000000,11.694144,0.000000
0.000000,12.361690,0.000000
0.000000,14.391263,0.000000
0.000000,10.139297,0.000000
0.000000,10.526269,0.000000
0.000000,13.637500,0.000000
0.000000,1.055977,0.000000
0.000000,0.580670,0.000000
0.000000,0.671377,0.000000
0.000000,-0.173110,0.000000
0.000000,0.897530,0.000000
0.000000,10.252252,0.000000
0.000000,-1.166387,0.000000
0.000000,-1.128824,0.000000
0.000000,4.800050,0.000000
0.000000,1.572739,0.000000
0.000000,2.027193,0.000000
0.000000,-2.606225,0.000000
0.000000,5.766016,0.000000
0.000000,0.157127,0.000000
0.000000,-0.635650,0.000000
0.000000,1.056901,0.000000
0.000000,-5.745041,0.000000
0.000000,-6.310281,0.000000
0.000000,-6.591299,0.000000
0.000000,-5.711901,0.000000
0.000000,-3.355877,0.000000
0.000000,-9.086489,0.000000
0.000000,-7.903585,0.000000
0.000000,-8.780889,0.000000
0.000000,-10.981281,0.000000
0.000000,-13.702769,0.000000
0.000000,-9.805430,0.000000
0.000000,-11.361509,0.000000
0.000000,-10.444625,0.000000
0.000000,-10.041501,0.000000
0.000000,-10.417472,0.000000
0.000000,-16.778996,0.000000
0.000000,-9.135073,0.000000
0.000000,-10.096605,0.000000
0.000000,-10.121313,0.000000
0.000000,-11.107569,0.000000
0.000000,-11.181258,0.000000
0.000000,-14.150821,0.000000
0.000000,-13.512905,0.000000
0.000000,-13.558101,0.000000
0.000000,-12.675612,0.000000
0.000000,-13.288557,0.000000
0.000000,-11.924299,0.000000
0.000000,-12.647055,0.000000
0.000000,-11.570505,0.000000
0.000000,-11.321381,0.000000
0.000000,-10.302456,0.000000
0.000000,-11.041063,0.000000
0.000000,-10.450829,0.000000
0.000000,-11.085887,0.000000
0.000000,-11.316576,0.000000
0.000000,-12.422060,0.000000
0.000000,-11.045839,0.000000
0.000000,-9.775286,0.000000
0.000000,-12.094091,0.000000
0.000000,-10.282243,0.000000
0.000000,-12.566406,0.000000
0.000000,-9.328494,0.000000
0.000000,-11.970041,0.000000
0.000000,-12.639119,0.000000
0.000000,-17.494532,0.000000
0.000000,-10.829731,0.000000
0.000000,-12.503262,0.000000
0.000000,-11.887288,0.000000
0.000000,-11.317347,0.000000
0.000000,-11.867275,0.000000
0.000000,-12.650550,0.000000
0.000000,-10.414855,0.000000
0.000000,-16.199560,0.000000
0.000000,-9.443530,0.000000
0.000000,-10.817932,0.000000
0.000000,-8.245794,0.000000
0.000000,-6.024457,0.000000
0.000000,-8.600415,0.000000
0.000000,-9.377288,0.000000
0.000000,-8.871882,0.000000
0.000000,-9.214805,0.000000
0.000000,-11.623656,0.000000
0.000000,-9.617592,0.000000
0.000000,-11.704225,0.000000
0.000000,-8.906046,0.000000
0.000000,-10.047426,0.000000
0.000000,-10.924616,0.000000
0.000000,-11.049777,0.000000
0.000000,-13.192793,0.000000
0.000000,-13.231741,0.000000
0.000000,-12.441458,0.000000
0.000000,-10.788443,0.000000
0.000000,-12.402541,0.000000
0.000000,-12.671071,0.000000
0.000000,-11.815716,0.000000
0.000000,-11.214477,0.000000
0.000000,-12.691765,0.000000
0.000000,-9.977140,0.000000
0.000000,-12.972105,0.000000
0.000000,-11.318675,0.000000
0.000000,-13.488770,0.000000
0.000000,-12.892293,0.000000
0.000000,-13.961301,0.000000
0.000000,-13.747319,0.000000
0.000000,-12.696555,0.000000
0.000000,-11.116741,0.000000
0.000000,-12.029276,0.000000
0.000000,-12.823283,0.000000
0.000000,-12.904804,0.000000
0.000000,-13.186487,0.000000
0.000000,-10.929889,0.000000
0.000000,-11.682133,0.000000
0.000000,-12.947745,0.000000
0.000000,-11.933217,0.000000
0.000000,-15.787604,0.000000
0.000000,-13.027743,0.000000
0.000000,-9.877871,0.000000
0.000000,-7.072965,0.000000
0.000000,-6.623217,0.000000
0.000000,-7.928154,0.000000
0.000000,-10.109447,0.000000
0.000000,-11.868817,0.000000
0.000000,-10.731014,0.000000
0.000000,-10.820009,0.000000
0.000000,-6.014755,0.000000
0.000000,-10.955088,0.000000
0.000000,-18.194233,0.000000
0.000000,-16.437874,0.000000
0.000000,-13.531764,0.000000
0.000000,-13.622971,0.000000
0.000000,-6.118888,0.000000
0.000000,-16.516579,0.000000
0.000000,-26.413902,0.000000
0.000000,-28.469862,0.000000
0.000000,-35.614460,0.000000
0.000000,-37.440777,0.000000
0.000000,-51.752900,0.000000
0.000000,-46.552246,0.000000
0.000000,-49.638855,0.000000
0.000000,-57.070780,0.000000
0.000000,-59.856415,0.000000
0.000000,-60.596130,0.000000
0.000000,-56.502280,0.000000
0.000000,-59.238594,0.000000
0.000000,-60.958927,0.000000
0.000000,-61.418095,0.000000
0.000000,-59.474210,0.000000
0.000000,-58.347200,0.000000
0.000000,-58.125645,0.000000
0.000000,-61.427036,0.000000
0.000000,-57.850456,0.000000
0.000000,-60.775730,0.000000
0.000000,-65.088394,0.000000
0.000000,-63.733890,0.000000
0.000000,-64.523690,0.000000
0.000000,-63.201748,0.000000
0.000000,-63.888230,0.000000
0.000000,-63.758415,0.000000
0.000000,-61.424866,0.000000
0.000000,-68.197160,0.000000
0.000000,-65.053160,0.000000
0.000000,-65.142310,0.000000
0.000000,-68.443240,0.000000
0.000000,-67.476930,0.000000
0.000000,-67.982480,0.000000
0.000000,-63.278690,0.000000
0.000000,-60.649757,0.000000
0.000000,-58.895786,0.000000
0.000000,-55.714123,0.000000
0.000000,-53.674515,0.000000
0.000000,-56.750430,0.000000
0.000000,-57.854560,0.000000
0.000000,-55.612835,0.000000
0.000000,-47.405495,0.000000
0.000000,-39.514626,0.000000
0.000000,-43.329914,0.000000
0.000000,-41.236153,0.000000
0.000000,-30.493090,0.000000
0.000000,-36.769540,0.000000
0.000000,-18.718416,0.000000
0.000000,-19.215183,0.000000
0.000000,-23.079973,0.000000
0.000000,-12.426311,0.000000
0.000000,-16.334880,0.000000
0.000000,-12.054530,0.000000
0.000000,-22.575008,0.000000
0.000000,-12.503413,0.000000
0.000000,-11.297390,0.000000
0.000000,-15.614460,0.000000
0.000000,-16.417784,0.000000
0.000000,-11.650952,0.000000
0.000000,-17.486158,0.000000
0.000000,-18.028673,0.000000
0.000000,-13.938729,0.000000
0.000000,-11.760849,0.000000
0.000000,-1.540629,0.000000
0.000000,-2.872390,0.000000
0.000000,-4.185712,0.000000
0.000000,3.339642,0.000000
0.000000,3.595811,0.000000
0.000000,3.448394,0.000000
0.000000,5.855764,0.000000
0.000000,4.283219,0.000000
0.000000,6.203832,0.000000
0.000000,11.044994,0.000000
0.000000,-0.201941,0.000000
0.000000,16.155085,0.000000
0.000000,24.397915,0.000000
0.000000,25.031872,0.000000
0.000000,29.037573,0.000000
0.000000,27.535986,0.000000
0.000000,32.024220,0.000000
0.000000,36.541473,0.000000
0.000000,35.389294,0.000000
0.000000,32.735630,0.000000
0.000000,33.153730,0.000000
0.000000,44.315580,0.000000
0.000000,46.734130,0.000000
0.000000,49.639145,0.000000
0.000000,46.001390,0.000000
0.000000,47.087753,0.000000
0.000000,45.856280,0.000000
0.000000,46.034462,0.000000
0.000000,52.574890,0.000000
0.000000,52.782207,0.000000
0.000000,55.169960,0.000000
0.000000,56.469334,0.000000
0.000000,57.573574,0.000000
0.000000,58.442950,0.000000
0.000000,55.980010,0.000000
0.000000,55.161320,0.000000
0.000000,57.422485,0.000000
0.000000,57.234512,0.000000
0.000000,56.333230,0.000000
0.000000,57.158062,0.000000
0.000000,56.957638,0.000000
0.000000,55.590252,0.000000
0.000000,55.341430,0.000000
0.000000,57.045437,0.000000
0.000000,53.570766,0.000000
0.000000,55.633700,0.000000
0.000000,55.082657,0.000000
0.000000,55.266130,0.000000
0.000000,54.099500,0.000000
0.000000,54.101776,0.000000
0.000000,55.666584,0.000000
0.000000,52.026386,0.000000
0.000000,55.259422,0.000000
0.000000,56.261590,0.000000
0.000000,57.380800,0.000000
0.000000,55.440136,0.000000
0.000000,55.206436,0.000000
0.000000,54.730064,0.000000
0.000000,51.337082,0.000000
0.000000,56.713400,0.000000
0.000000,54.998318,0.000000
0.000000,54.053740,0.000000
0.000000,52.747814,0.000000
0.000000,50.615623,0.000000
0.000000,49.083664,0.000000
0.000000,45.376392,0.000000
0.000000,42.235287,0.000000
0.000000,43.946033,0.000000
0.000000,40.246210,0.000000
0.000000,44.682964,0.000000
0.000000,48.070587,0.000000
0.000000,48.077427,0.000000
0.000000,45.552635,0.000000
0.000000,40.413160,0.000000
0.000000,35.569200,0.000000
0.000000,33.849697,0.000000
0.000000,33.639282,0.000000
0.000000,31.478926,0.000000
0.000000,31.285551,0.000000
0.000000,32.705307,0.000000
0.000000,33.592865,0.000000
0.000000,31.846027,0.000000
0.000000,34.358540,0.000000
0.000000,32.844080,0.000000
0.000000,29.455025,0.000000
0.000000,30.114777,0.000000
0.000000,30.346233,0.000000
0.000000,32.539180,0.000000
0.000000,32.248710,0.000000
0.000000,29.029305,0.000000
0.000000,22.508121,0.000000
0.000000,21.188591,0.000000
0.000000,21.333057,0.000000
0.000000,20.914389,0.000000
0.000000,19.218555,0.000000
0.000000,16.217203,0.000000
0.000000,18.115820,0.000000
0.000000,19.311563,0.000000
0.000000,20.946260,0.000000
0.000000,15.003593,0.000000
0.000000,16.613567,0.000000
0.000000,16.695232,0.000000
0.000000,13.807224,0.000000
0.000000,16.250837,0.000000
0.000000,10.773541,0.000000
0.000000,6.736610,0.000000
0.000000,6.855547,0.000000
0.000000,5.577125,0.000000
0.000000,7.684603,0.000000
0.000000,5.565240,0.000000
0.000000,4.751314,0.000000
0.000000,1.877282,0.000000
0.000000,3.992761,0.000000
0.000000,3.663309,0.000000
0.000000,0.964440,0.000000
0.000000,1.581483,0.000000
0.000000,2.804418,0.000000
0.000000,4.547127,0.000000
0.000000,3.025743,0.000000
0.000000,-2.323823,0.000000
0.000000,3.776407,0.000000
0.000000,6.375812,0.000000
0.000000,6.941340,0.000000
0.000000,9.850224,0.000000
0.000000,7.030836,0.000000
0.000000,4.588152,0.000000
0.000000,3.480561,0.000000
0.000000,5.387624,0.000000
0.000000,5.641205,0.000000
0.000000,7.887442,0.000000
0.000000,7.043781,0.000000
0.000000,5.637511,0.000000
0.000000,3.100089,0.000000
0.000000,-3.023203,0.000000
0.000000,-2.844205,0.000000
0.000000,-2.494151,0.000000
0.000000,-4.505902,0.000000
0.000000,-5.927312,0.000000
0.000000,-3.942146,0.000000
0.000000,-4.324652,0.000000
0.000000,-4.138481,0.000000
0.000000,-0.588063,0.000000
0.000000,-0.453141,0.000000
0.000000,-0.341005,0.000000
0.000000,-2.081098,0.000000
0.000000,-0.897286,0.000000
0.000000,-1.385854,0.000000
0.000000,-2.743043,0.000000
0.000000,-2.834993,0.000000
0.000000,-1.773657,0.000000
0.000000,-2.249795,0.000000
0.000000,-3.374759,0.000000
0.000000,-4.234092,0.000000
0.000000,-3.710858,0.000000
0.000000,-2.766671,0.000000
0.000000,-4.552934,0.000000
0.000000,-4.455137,0.000000
0.000000,-0.986994,0.000000
0.000000,-4.594784,0.000000
0.000000,-1.942981,0.000000
0.000000,-2.886556,0.000000
0.000000,-4.840869,0.000000
0.000000,-5.770557,0.000000
0.000000,-0.294038,0.000000
0.000000,-3.027768,0.000000
0.000000,-4.445838,0.000000
0.000000,-3.986152,0.000000
0.000000,-2.870366,0.000000
0.000000,-8.095304,0.000000
0.000000,-2.264573,0.000000
0.000000,-1.869217,0.000000
0.000000,-2.099018,0.000000
0.000000,-1.883495,0.000000
0.000000,-3.221531,0.000000
0.000000,-3.293631,0.000000
0.000000,-4.160571,0.000000
0.000000,-2.309202,0.000000
0.000000,-2.778293,0.000000
0.000000,-1.110522,0.000000
0.000000,-2.612280,0.000000
0.000000,-1.298902,0.000000
0.000000,-0.811274,0.000000
0.000000,-1.562525,0.000000
0.000000,-2.126803,0.000000
0.000000,-2.545831,0.000000
0.000000,-1.598237,0.000000
0.000000,-0.382556,0.000000
0.000000,-1.643941,0.000000
0.000000,-0.521538,0.000000
0.000000,-1.171888,0.000000
0.000000,-2.455388,0.000000
0.000000,-2.679887,0.000000
0.000000,-2.501528,0.000000
0.000000,-2.762563,0.000000
0.000000,-2.786669,0.000000
0.000000,-3.720496,0.000000
0.000000,-2.841102,0.000000
0.000000,-3.503659,0.000000
0.000000,-2.310979,0.000000
0.000000,-4.451963,0.000000
0.000000,-3.961044,0.000000
0.000000,-5.042150,0.000000
0.000000,-2.296962,0.000000
0.000000,-2.858876,0.000000
0.000000,-3.153357,0.000000
0.000000,-4.288202,0.000000
0.000000,-1.951785,0.000000
0.000000,-2.033789,0.000000
0.000000,-3.434860,0.000000
0.000000,-4.035782,0.000000
0.000000,-4.632320,0.000000
0.000000,-1.914723,0.000000
0.000000,-3.151003,0.000000
0.000000,-3.379552,0.000000
0.000000,-5.156236,0.000000
0.000000,-3.009536,0.000000
0.000000,-3.552858,0.000000
0.000000,-4.735797,0.000000
0.000000,-5.817498,0.000000
0.000000,-6.704820,0.000000
0.000000,-5.781942,0.000000
0.000000,-5.007979,0.000000
0.000000,-5.100301,0.000000
0.000000,-8.514234,0.000000
0.000000,-4.980835,0.000000
0.000000,-5.347355,0.000000
0.000000,-5.240835,0.000000
0.000000,-4.423052,0.000000
0.000000,-3.488373,0.000000
0.000000,-4.816235,0.000000
0.000000,-4.737433,0.000000
0.000000,-4.659235,0.000000
0.000000,-1.560623,0.000000
0.000000,-4.999762,0.000000
0.000000,-4.632726,0.000000
0.000000,-4.192660,0.000000
0.000000,4.345680,0.000000
0.000000,12.622920,0.000000
0.000000,16.933493,0.000000
0.000000,22.390516,0.000000
0.000000,27.670399,0.000000
0.000000,30.365396,0.000000
0.000000,28.209894,0.000000
0.000000,31.121280,0.000000
0.000000,29.692173,0.000000
0.000000,31.489492,0.000000
0.000000,40.419872,0.000000
0.000000,42.080498,0.000000
0.000000,44.343887,0.000000
0.000000,42.091835,0.000000
0.000000,48.908314,0.000000
0.000000,55.359554,0.000000
0.000000,56.654770,0.000000
0.000000,49.190628,0.000000
0.000000,53.048500,0.000000
0.000000,55.454987,0.000000
0.000000,56.477190,0.000000
0.000000,57.637306,0.000000
0.000000,59.501873,0.000000
0.000000,59.624710,0.000000
0.000000,59.073868,0.000000
0.000000,58.154354,0.000000
0.000000,59.027798,0.000000
0.000000,58.298790,0.000000
0.000000,57.714848,0.000000
0.000000,59.407260,0.000000
0.000000,59.368390,0.000000
0.000000,57.124970,0.000000
0.000000,56.961240,0.000000
0.000000,57.512880,0.000000
0.000000,56.309200,0.000000
0.000000,58.464832,0.000000
0.000000,60.711998,0.000000
0.000000,56.452885,0.000000
0.000000,43.036495,0.000000
0.000000,45.167664,0.000000
0.000000,40.300507,0.000000
0.000000,45.376926,0.000000
0.000000,42.137577,0.000000
0.000000,34.422430,0.000000
0.000000,32.939533,0.000000
0.000000,32.938010,0.000000
0.000000,33.115093,0.000000
0.000000,32.614937,0.000000
0.000000,34.090330,0.000000
0.000000,33.338535,0.000000
0.000000,34.261360,0.000000
0.000000,34.861640,0.000000
0.000000,31.867208,0.000000
0.000000,29.912855,0.000000
0.000000,30.841076,0.000000
0.000000,29.174093,0.000000
0.000000,28.351630,0.000000
0.000000,26.721970,0.000000
0.000000,24.878021,0.000000
0.000000,23.611334,0.000000
0.000000,20.160591,0.000000
0.000000,14.637947,0.000000
0.000000,18.845026,0.000000
0.000000,17.327135,0.000000
0.000000,15.783015,0.000000
0.000000,3.311161,0.000000
0.000000,2.166217,0.000000
0.000000,3.028133,0.000000
0.000000,-3.010991,0.000000
0.000000,-2.803074,0.000000
0.000000,-6.970862,0.000000
0.000000,-7.368125,0.000000
0.000000,-6.185886,0.000000
0.000000,-0.065785,0.000000
0.000000,-18.380234,0.000000
0.000000,-18.281622,0.000000
0.000000,-16.693861,0.000000
0.000000,-2.934159,0.000000
0.000000,-17.231594,0.000000
0.000000,-25.025595,0.000000
0.000000,-30.679535,0.000000
0.000000,-28.475239,0.000000
0.000000,-32.924300,0.000000
0.000000,-39.177320,0.000000
0.000000,-31.787249,0.000000
0.000000,-42.635340,0.000000
0.000000,-44.513252,0.000000
0.000000,-42.425766,0.000000
0.000000,-46.922646,0.000000
0.000000,-51.901173,0.000000
0.000000,-48.859116,0.000000
0.000000,-56.327800,0.000000
0.000000,-50.519570,0.000000
0.000000,-47.164680,0.000000
0.000000,-49.562550,0.000000
0.000000,-44.017467,0.000000
0.000000,-53.534286,0.000000
0.000000,-62.669716,0.000000
0.000000,-61.374023,0.000000
0.000000,-60.496960,0.000000
0.000000,-59.590910,0.000000
0.000000,-54.385014,0.000000
0.000000,-65.633750,0.000000
0.000000,-65.705430,0.000000
0.000000,-63.293613,0.000000
0.000000,-60.234085,0.000000
0.000000,-61.683155,0.000000
0.000000,-59.146816,0.000000
0.000000,-60.132263,0.000000
0.000000,-61.698742,0.000000
0.000000,-63.462550,0.000000
0.000000,-68.792786,0.000000
0.000000,-67.674774,0.000000
0.000000,-69.230896,0.000000
0.000000,-68.744690,0.000000
0.000000,-69.423380,0.000000
0.000000,-64.242740,0.000000
0.000000,-65.526280,0.000000
0.000000,-60.630512,0.000000
0.000000,-58.482834,0.000000
0.000000,-49.841225,0.000000
0.000000,-57.484190,0.000000
0.000000,-55.938503,0.000000
0.000000,-45.452652,0.000000
0.000000,-42.314670,0.000000
0.000000,-37.159878,0.000000
0.000000,-30.717777,0.000000
0.000000,-31.301533,0.000000
0.000000,-31.702908,0.000000
0.000000,-36.444115,0.000000
0.000000,-28.848505,0.000000
0.000000,-25.593610,0.000000
0.000000,-17.251873,0.000000
0.000000,-16.630213,0.000000
0.000000,-17.500616,0.000000
0.000000,-13.427437,0.000000
0.000000,-6.192714,0.000000
0.000000,-9.808142,0.000000
0.000000,-1.337011,0.000000
0.000000,-4.919353,0.000000
0.000000,-9.819041,0.000000
0.000000,-10.905228,0.000000
0.000000,-5.465458,0.000000
0.000000,-5.294313,0.000000
0.000000,-6.170639,0.000000
0.000000,-0.947940,0.000000
0.000000,-4.956482,0.000000
0.000000,-9.102328,0.000000
0.000000,-6.034744,0.000000
0.000000,-4.459370,0.000000
0.000000,-2.152685,0.000000
0.000000,4.666612,0.000000
0.000000,3.802616,0.000000
0.000000,9.977938,0.000000
0.000000,3.592212,0.000000
0.000000,11.909754,0.000000
0.000000,11.461093,0.000000
0.000000,15.198319,0.000000
0.000000,11.729737,0.000000
0.000000,9.925943,0.000000
0.000000,14.003227,0.000000
0.000000,12.589102,0.000000
0.000000,13.108269,0.000000
0.000000,9.679076,0.000000
0.000000,10.235189,0.000000
0.000000,15.704108,0.000000
0.000000,16.084053,0.000000
0.000000,16.601550,0.000000
0.000000,19.313020,0.000000
0.000000,18.785168,0.000000
0.000000,20.787693,0.000000
0.000000,18.817810,0.000000
0.000000,18.204285,0.000000
0.000000,20.910048,0.000000
0.000000,13.154573,0.000000
0.000000,15.885834,0.000000
0.000000,17.040222,0.000000
0.000000,14.128979,0.000000
0.000000,17.499397,0.000000
0.000000,3.894875,0.000000
0.000000,5.869015,0.000000
0.000000,5.778995,0.000000
0.000000,6.078618,0.000000
0.000000,5.719597,0.000000
0.000000,9.587139,0.000000
0.000000,9.362946,0.000000
0.000000,13.818473,0.000000
0.000000,19.540535,0.000000
0.000000,22.333117,0.000000
0.000000,23.292719,0.000000
0.000000,23.949188,0.000000
0.000000,24.623150,0.000000
0.000000,31.428507,0.000000
0.000000,35.567837,0.000000
0.000000,37.000595,0.000000
0.000000,39.878254,0.000000
0.000000,40.499980,0.000000
0.000000,40.887960,0.000000
0.000000,38.281845,0.000000
0.000000,42.629940,0.000000
0.000000,38.027996,0.000000
0.000000,36.800390,0.000000
0.000000,44.155552,0.000000
0.000000,48.205143,0.000000
0.000000,50.020725,0.000000
0.000000,51.485250,0.000000
0.000000,54.928860,0.000000
0.000000,56.508480,0.000000
0.000000,57.170230,0.000000
0.000000,56.387240,0.000000
0.000000,57.299915,0.000000
0.000000,57.115173,0.000000
0.000000,57.246105,0.000000
0.000000,54.604977,0.000000
0.000000,55.038322,0.000000
0.000000,55.690430,0.000000
0.000000,55.686844,0.000000
0.000000,55.652653,0.000000
0.000000,57.610670,0.000000
0.000000,57.606144,0.000000
0.000000,57.875153,0.000000
0.000000,56.784570,0.000000
0.000000,55.703070,0.000000
0.000000,54.889570,0.000000
0.000000,56.966370,0.000000
0.000000,56.891396,0.000000
0.000000,56.667440,0.000000
0.000000,57.408030,0.000000
0.000000,55.940582,0.000000
0.000000,55.695020,0.000000
0.000000,55.896590,0.000000
0.000000,55.417736,0.000000
0.000000,55.658940,0.000000
0.000000,56.179596,0.000000
0.000000,54.834675,0.000000
0.000000,54.810963,0.000000
0.000000,54.451640,0.000000
0.000000,54.496450,0.000000
0.000000,54.321747,0.000000
0.000000,53.109295,0.000000
0.000000,49.767140,0.000000
0.000000,49.974870,0.000000
0.000000,50.746920,0.000000
0.000000,54.096440,0.000000
0.000000,45.764584,0.000000
0.000000,41.136160,0.000000
0.000000,41.543400,0.000000
0.000000,46.072230,0.000000
0.000000,47.815037,0.000000
0.000000,38.847720,0.000000
0.000000,41.077797,0.000000
0.000000,41.387340,0.000000
0.000000,36.261470,0.000000
0.000000,36.100090,0.000000
0.000000,29.669878,0.000000
0.000000,37.560326,0.000000
0.000000,28.324291,0.000000
0.000000,27.001572,0.000000
0.000000,33.324448,0.000000
0.000000,32.912570,0.000000
0.000000,29.531210,0.000000
0.000000,27.310587,0.000000
0.000000,29.483397,0.000000
0.000000,27.897493,0.000000
0.000000,30.479836,0.000000
0.000000,34.835163,0.000000
0.000000,34.083027,0.000000
0.000000,28.861816,0.000000
0.000000,27.235275,0.000000
0.000000,29.444958,0.000000
0.000000,30.189487,0.000000
0.000000,28.858446,0.000000
0.000000,20.785286,0.000000
0.000000,20.953165,0.000000
0.000000,15.030984,0.000000
0.000000,14.926641,0.000000
0.000000,13.319763,0.000000
0.000000,12.207150,0.000000
0.000000,18.088818,0.000000
0.000000,15.235212,0.000000
0.000000,14.667810,0.000000
0.000000,14.798625,0.000000
0.000000,15.481612,0.000000
0.000000,14.619127,0.000000
0.000000,14.924598,0.000000
0.000000,15.514167,0.000000
0.000000,15.032309,0.000000
0.000000,14.372925,0.000000
0.000000,14.992928,0.000000
0.000000,14.510409,0.000000
0.000000,16.198479,0.000000
0.000000,12.355516,0.000000
0.000000,15.495395,0.000000
0.000000,12.180067,0.000000
0.000000,13.524997,0.000000
0.000000,9.799640,0.000000
0.000000,5.563824,0.000000
0.000000,1.896984,0.000000
0.000000,9.133377,0.000000
0.000000,-0.235958,0.000000
0.000000,3.634952,0.000000
0.000000,3.962343,0.000000
0.000000,4.037044,0.000000
0.000000,0.536072,0.000000
0.000000,0.572201,0.000000
0.000000,-4.295797,0.000000
0.000000,-1.591193,0.000000
0.000000,-4.573972,0.000000
0.000000,-0.147050,0.000000
0.000000,-2.903132,0.000000
0.000000,-0.118418,0.000000
0.000000,-0.883543,0.000000
0.000000,0.451696,0.000000
0.000000,0.814256,0.000000
0.000000,-0.826757,0.000000
0.000000,1.435042,0.000000
0.000000,2.262218,0.000000
0.000000,0.236095,0.000000
0.000000,1.325429,0.000000
0.000000,-0.122324,0.000000
0.000000,1.225890,0.000000
0.000000,-0.183394,0.000000
0.000000,1.137130,0.000000
0.000000,1.965677,0.000000
0.000000,2.179210,0.000000
0.000000,1.153782,0.000000
0.000000,0.905950,0.000000
0.000000,1.849834,0.000000
0.000000,2.236042,0.000000
0.000000,2.234891,0.000000
0.000000,2.885484,0.000000
0.000000,2.177416,0.000000
0.000000,3.218219,0.000000
0.000000,3.212487,0.000000
0.000000,1.979167,0.000000
0.000000,0.638407,0.000000
0.000000,-0.498463,0.000000
0.000000,1.185535,0.000000
0.000000,1.243891,0.000000
0.000000,0.715077,0.000000
0.000000,-0.259537,0.000000
0.000000,-1.880570,0.000000
0.000000,-1.263110,0.000000
0.000000,-0.187692,0.000000
0.000000,-1.682990,0.000000
0.000000,-5.001851,0.000000
0.000000,-12.201596,0.000000
0.000000,-9.484045,0.000000
0.000000,2.065356,0.000000
0.000000,-8.046612,0.000000
0.000000,-8.622828,0.000000
0.000000,-7.973437,0.000000
0.000000,-18.805132,0.000000
0.000000,-27.036040,0.000000
0.000000,-38.694588,0.000000
0.000000,-40.128440,0.000000
0.000000,-31.844051,0.000000
0.000000,-38.460373,0.000000
0.000000,-47.572582,0.000000
0.000000,-52.974327,0.000000
0.000000,-52.918316,0.000000
0.000000,-53.645542,0.000000
0.000000,-56.556156,0.000000
0.000000,-52.057743,0.000000
0.000000,-51.910862,0.000000
0.000000,-49.937004,0.000000
0.000000,-47.442677,0.000000
0.000000,-52.506420,0.000000
0.000000,-50.677040,0.000000
0.000000,-53.894790,0.000000
0.000000,-64.054950,0.000000
0.000000,-63.568460,0.000000
0.000000,-60.678577,0.000000
0.000000,-64.378365,0.000000
0.000000,-63.100815,0.000000
0.000000,-66.750350,0.000000
0.000000,-66.201110,0.000000
0.000000,-65.581215,0.000000
0.000000,-65.217070,0.000000
0.000000,-63.557198,0.000000
0.000000,-64.135830,0.000000
0.000000,-61.375930,0.000000
0.000000,-54.913147,0.000000
0.000000,-53.611960,0.000000
0.000000,-54.061028,0.000000
0.000000,-55.575290,0.000000
0.000000,-51.257317,0.000000
0.000000,-47.441322,0.000000
0.000000,-48.278706,0.000000
0.000000,-47.158240,0.000000
0.000000,-56.134240,0.000000
0.000000,-50.881477,0.000000
0.000000,-46.948887,0.000000
0.000000,-49.465286,0.000000
0.000000,-53.099022,0.000000
0.000000,-27.882141,0.000000
0.000000,-23.050062,0.000000
0.000000,-26.364918,0.000000
0.000000,-27.925620,0.000000
0.000000,-34.626530,0.000000
0.000000,-6.505664,0.000000
0.000000,5.986738,0.000000
0.000000,-12.818706,0.000000
0.000000,-10.000119,0.000000
0.000000,-6.564965,0.000000
0.000000,1.084006,0.000000
0.000000,4.186480,0.000000
0.000000,2.546570,0.000000
0.000000,2.476839,0.000000
0.000000,3.111967,0.000000
0.000000,9.369274,0.000000
0.000000,0.775614,0.000000
0.000000,5.932581,0.000000
0.000000,8.492829,0.000000
0.000000,10.480191,0.000000
0.000000,21.802694,0.000000
0.000000,23.030195,0.000000
0.000000,21.997350,0.000000
0.000000,27.610033,0.000000
0.000000,32.759914,0.000000
0.000000,41.271900,0.000000
0.000000,41.555240,0.000000
0.000000,44.217865,0.000000
0.000000,41.071610,0.000000
0.000000,39.817070,0.000000
0.000000,39.459970,0.000000
0.000000,35.403564,0.000000
0.000000,37.374350,0.000000
0.000000,28.299204,0.000000
0.000000,44.704230,0.000000
0.000000,50.386864,0.000000
0.000000,50.533386,0.000000
0.000000,51.894035,0.000000
0.000000,58.385895,0.000000
0.000000,58.086723,0.000000
0.000000,58.361360,0.000000
0.000000,57.959990,0.000000
0.000000,58.697407,0.000000
0.000000,57.743830,0.000000
0.000000,56.876305,0.000000
0.000000,59.008680,0.000000
0.000000,59.560955,0.000000
0.000000,59.160625,0.000000
0.000000,56.165890,0.000000
0.000000,55.275375,0.000000
0.000000,55.907265,0.000000
0.000000,57.567295,0.000000
0.000000,59.155010,0.000000
0.000000,57.749480,0.000000
0.000000,58.185146,0.000000
0.000000,59.101532,0.000000
0.000000,57.553375,0.000000
0.000000,59.193770,0.000000
0.000000,59.487225,0.000000
0.000000,58.879997,0.000000
0.000000,59.785213,0.000000
0.000000,59.714798,0.000000
0.000000,60.364700,0.000000
0.000000,59.435486,0.000000
0.000000,60.114950,0.000000
0.000000,59.155950,0.000000
0.000000,59.804028,0.000000
0.000000,58.278236,0.000000
0.000000,58.335220,0.000000
0.000000,57.933290,0.000000
0.000000,56.664764,0.000000
0.000000,56.183235,0.000000
0.000000,53.824814,0.000000
0.000000,55.882946,0.000000
0.000000,56.462547,0.000000
0.000000,58.395510,0.000000
0.000000,58.323692,0.000000
0.000000,58.559612,0.000000
0.000000,58.305416,0.000000
0.000000,50.767178,0.000000
0.000000,55.704420,0.000000
0.000000,54.663692,0.000000
0.000000,53.414580,0.000000
0.000000,57.369938,0.000000
0.000000,56.853740,0.000000
0.000000,56.634296,0.000000
0.000000,55.431065,0.000000
0.000000,55.566260,0.000000
0.000000,56.598408,0.000000
0.000000,55.496580,0.000000
0.000000,54.971620,0.000000
0.000000,55.981040,0.000000
0.000000,54.694782,0.000000
0.000000,56.653362,0.000000
0.000000,57.278320,0.000000
0.000000,57.309513,0.000000
0.000000,58.239540,0.000000
0.000000,58.679320,0.000000
0.000000,59.196556,0.000000
0.000000,57.428368,0.000000
0.000000,55.333294,0.000000
0.000000,54.873596,0.000000
0.000000,49.917510,0.000000
0.000000,51.818560,0.000000
0.000000,46.230534,0.000000
0.000000,36.687960,0.000000
0.000000,32.566372,0.000000
0.000000,27.742426,0.000000
0.000000,32.373700,0.000000
0.000000,40.142662,0.000000
0.000000,41.619007,0.000000
0.000000,41.573906,0.000000
0.000000,42.431087,0.000000
0.000000,38.517494,0.000000
0.000000,36.365913,0.000000
0.000000,30.266170,0.000000
0.000000,35.440990,0.000000
0.000000,33.007988,0.000000
0.000000,33.374676,0.000000
0.000000,32.257065,0.000000
0.000000,30.077127,0.000000
0.000000,28.074883,0.000000
0.000000,29.575947,0.000000
0.000000,30.330355,0.000000
0.000000,30.249853,0.000000
0.000000,33.131050,0.000000
0.000000,34.414390,0.000000
0.000000,32.948440,0.000000
0.000000,33.305320,0.000000
0.000000,32.504140,0.000000
0.000000,32.216393,0.000000
0.000000,23.617030,0.000000
0.000000,22.473093,0.000000
0.000000,26.123302,0.000000
0.000000,23.573814,0.000000
0.000000,23.901249,0.000000
0.000000,21.310550,0.000000
0.000000,21.527690,0.000000
0.000000,18.306763,0.000000
0.000000,18.278246,0.000000
0.000000,18.252594,0.000000
0.000000,20.812710,0.000000
0.000000,23.207540,0.000000
0.000000,20.973312,0.000000
0.000000,18.163420,0.000000
0.000000,18.668118,0.000000
0.000000,18.640316,0.000000
0.000000,18.612072,0.000000
0.000000,23.222616,0.000000
0.000000,17.297485,0.000000
0.000000,25.209553,0.000000
0.000000,23.950720,0.000000
0.000000,24.705082,0.000000
0.000000,24.329433,0.000000
0.000000,18.960398,0.000000
0.000000,19.700811,0.000000
0.000000,18.536953,0.000000
0.000000,15.276100,0.000000
0.000000,15.907580,0.000000
0.000000,17.236183,0.000000
0.000000,14.180499,0.000000
0.000000,18.443330,0.000000
0.000000,17.727327,0.000000
0.000000,13.651270,0.000000
0.000000,12.516532,0.000000
0.000000,13.717124,0.000000
0.000000,16.420090,0.000000
0.000000,14.440729,0.000000
0.000000,13.694486,0.000000
0.000000,13.899508,0.000000
0.000000,19.658146,0.000000
0.000000,7.513951,0.000000
0.000000,12.851510,0.000000
0.000000,11.717750,0.000000
0.000000,12.861490,0.000000
0.000000,9.410627,0.000000
0.000000,4.565035,0.000000
0.000000,6.699768,0.000000
0.000000,9.749812,0.000000
0.000000,-1.258330,0.000000
0.000000,-7.485444,0.000000
0.000000,-10.856543,0.000000
0.000000,-11.079246,0.000000
0.000000,-9.112985,0.000000
0.000000,-2.834236,0.000000
0.000000,-8.548194,0.000000
0.000000,-13.288840,0.000000
0.000000,-6.140748,0.000000
0.000000,-6.584834,0.000000
0.000000,-10.036616,0.000000
0.000000,-5.398650,0.000000
0.000000,-15.502960,0.000000
0.000000,-11.838313,0.000000
0.000000,-26.239553,0.000000
0.000000,-42.916534,0.000000
0.000000,-47.126335,0.000000
0.000000,-44.831160,0.000000
0.000000,-50.015297,0.000000
0.000000,-52.436710,0.000000
0.000000,-53.676743,0.000000
0.000000,-56.685696,0.000000
0.000000,-54.583706,0.000000
0.000000,-56.149270,0.000000
0.000000,-59.241703,0.000000
0.000000,-59.222034,0.000000
0.000000,-60.030895,0.000000
0.000000,-63.125540,0.000000
0.000000,-58.563630,0.000000
0.000000,-51.198400,0.000000
0.000000,-63.318436,0.000000
0.000000,-62.175293,0.000000
0.000000,-63.802483,0.000000
0.000000,-65.544200,0.000000
0.000000,-62.443275,0.000000
0.000000,-64.570180,0.000000
0.000000,-67.031890,0.000000
0.000000,-64.429665,0.000000
0.000000,-65.874590,0.000000
0.000000,-64.660420,0.000000
0.000000,-65.080530,0.000000
0.000000,-65.903595,0.000000
0.000000,-68.979680,0.000000
0.000000,-67.863174,0.000000
0.000000,-67.162220,0.000000
0.000000,-71.550026,0.000000
0.000000,-66.798546,0.000000
0.000000,-66.298940,0.000000
0.000000,-68.882860,0.000000
0.000000,-66.891975,0.000000
0.000000,-65.345600,0.000000
0.000000,-67.299010,0.000000
0.000000,-68.115140,0.000000
0.000000,-65.595100,0.000000
0.000000,-58.605560,0.000000
0.000000,-60.988205,0.000000
0.000000,-60.389100,0.000000
0.000000,-57.314430,0.000000
0.000000,-53.989395,0.000000
0.000000,-54.610820,0.000000
0.000000,-53.516190,0.000000
0.000000,-54.798330,0.000000
0.000000,-56.503140,0.000000
0.000000,-55.677780,0.000000
0.000000,-58.146152,0.000000
0.000000,-63.652695,0.000000
0.000000,-53.859303,0.000000
0.000000,-49.264553,0.000000
0.000000,-55.745100,0.000000
0.000000,-40.226795,0.000000
0.000000,-36.041492,0.000000
0.000000,-24.590918,0.000000
0.000000,-19.757215,0.000000
0.000000,-16.141350,0.000000
0.000000,-7.053318,0.000000
0.000000,-14.223697,0.000000
0.000000,-10.475106,0.000000
0.000000,-15.856665,0.000000
0.000000,-17.068450,0.000000
0.000000,-10.828797,0.000000
0.000000,-10.151933,0.000000
0.000000,-6.383797,0.000000
0.000000,-6.302076,0.000000
0.000000,-6.211205,0.000000
0.000000,-1.969957,0.000000
0.000000,-1.618768,0.000000
0.000000,6.483985,0.000000
0.000000,8.734003,0.000000
0.000000,20.243483,0.000000
0.000000,14.921037,0.000000
0.000000,21.830814,0.000000
0.000000,20.476328,0.000000
0.000000,24.472483,0.000000
0.000000,25.248999,0.000000
0.000000,35.006584,0.000000
0.000000,36.031334,0.000000
0.000000,32.472332,0.000000
0.000000,38.240060,0.000000
0.000000,39.037110,0.000000
0.000000,36.510628,0.000000
0.000000,41.583687,0.000000
0.000000,40.918056,0.000000
0.000000,42.595016,0.000000
0.000000,54.906480,0.000000
0.000000,58.421200,0.000000
0.000000,54.873370,0.000000
0.000000,53.048800,0.000000
0.000000,50.987446,0.000000
0.000000,51.775800,0.000000
0.000000,49.967690,0.000000
0.000000,54.181145,0.000000
0.000000,49.192444,0.000000
0.000000,52.918488,0.000000
0.000000,51.733917,0.000000
0.000000,53.206066,0.000000
0.000000,49.277030,0.000000
0.000000,48.997550,0.000000
0.000000,49.673634,0.000000
0.000000,49.915047,0.000000
0.000000,51.408222,0.000000
0.000000,51.138824,0.000000
0.000000,51.432644,0.000000
0.000000,48.818400,0.000000
0.000000,52.225820,0.000000
0.000000,53.962177,0.000000
0.000000,51.624750,0.000000
0.000000,52.655827,0.000000
0.000000,53.362150,0.000000
0.000000,51.526480,0.000000
0.000000,50.158710,0.000000
0.000000,51.263090,0.000000
0.000000,53.146824,0.000000
0.000000,54.176483,0.000000
0.000000,50.330887,0.000000
0.000000,53.590298,0.000000
0.000000,54.514942,0.000000
0.000000,54.984615,0.000000
0.000000,53.528670,0.000000
0.000000,53.676750,0.000000
0.000000,53.733017,0.000000
0.000000,55.750950,0.000000
0.000000,56.159157,0.000000
0.000000,56.585020,0.000000
0.000000,55.777462,0.000000
0.000000,56.541920,0.000000
0.000000,56.153664,0.000000
0.000000,56.571827,0.000000
0.000000,56.478400,0.000000
0.000000,56.751648,0.000000
0.000000,57.176273,0.000000
0.000000,55.993202,0.000000
0.000000,55.836323,0.000000
0.000000,56.354280,0.000000
0.000000,55.515633,0.000000
0.000000,55.622025,0.000000
0.000000,58.361770,0.000000
0.000000,56.479763,0.000000
0.000000,55.622185,0.000000
0.000000,55.787518,0.000000
0.000000,56.177600,0.000000
0.000000,55.998800,0.000000
0.000000,54.380413,0.000000
0.000000,55.046880,0.000000
0.000000,55.816906,0.000000
0.000000,55.691560,0.000000
0.000000,55.094727,0.000000
0.000000,55.276030,0.000000
0.000000,55.534412,0.000000
0.000000,56.136610,0.000000
0.000000,54.802430,0.000000
0.000000,53.689255,0.000000
0.000000,54.488853,0.000000
0.000000,53.857290,0.000000
0.000000,54.641514,0.000000
0.000000,56.284077,0.000000
0.000000,55.462570,0.000000
0.000000,55.638035,0.000000
0.000000,54.317960,0.000000
0.000000,55.000984,0.000000
0.000000,50.161777,0.000000
0.000000,53.845290,0.000000
0.000000,44.905525,0.000000
0.000000,47.209873,0.000000
0.000000,41.914360,0.000000
0.000000,45.888054,0.000000
0.000000,44.193916,0.000000
0.000000,41.546883,0.000000
0.000000,37.357370,0.000000
0.000000,37.825440,0.000000
0.000000,40.515800,0.000000
0.000000,39.727245,0.000000
0.000000,43.055480,0.000000
0.000000,41.395004,0.000000
0.000000,39.187862,0.000000
0.000000,39.312580,0.000000
0.000000,40.875587,0.000000
0.000000,34.362194,0.000000
0.000000,44.228150,0.000000
0.000000,46.525860,0.000000
0.000000,43.357670,0.000000
0.000000,41.393135,0.000000
0.000000,35.346237,0.000000
0.000000,36.203940,0.000000
0.000000,33.526867,0.000000
0.000000,32.819206,0.000000
0.000000,29.358416,0.000000
0.000000,25.898294,0.000000
0.000000,19.606040,0.000000
0.000000,22.182579,0.000000
0.000000,19.122292,0.000000
0.000000,19.144205,0.000000
0.000000,20.409407,0.000000
0.000000,19.486824,0.000000
0.000000,24.285261,0.000000
0.000000,24.085314,0.000000
0.000000,26.002926,0.000000
0.000000,21.119469,0.000000
0.000000,25.494442,0.000000
0.000000,25.016813,0.000000
0.000000,24.979946,0.000000
0.000000,25.212227,0.000000
0.000000,24.874878,0.000000
0.000000,25.980862,0.000000
0.000000,26.231665,0.000000
0.000000,27.316021,0.000000
0.000000,27.089071,0.000000
0.000000,26.362638,0.000000
0.000000,25.488712,0.000000
0.000000,25.222355,0.000000
0.000000,24.916767,0.000000
0.000000,25.660091,0.000000
0.000000,25.346281,0.000000
0.000000,17.685135,0.000000
0.000000,15.755446,0.000000
0.000000,15.758896,0.000000
0.000000,15.078607,0.000000
0.000000,12.322409,0.000000
0.000000,14.790545,0.000000
0.000000,14.095476,0.000000
0.000000,16.765327,0.000000
0.000000,16.172031,0.000000
0.000000,17.974182,0.000000
0.000000,16.161570,0.000000
0.000000,17.582846,0.000000
0.000000,16.142363,0.000000
0.000000,14.931775,0.000000
0.000000,14.276411,0.000000
0.000000,18.476520,0.000000
0.000000,12.268445,0.000000
0.000000,12.030078,0.000000
0.000000,11.246296,0.000000
0.000000,11.978291,0.000000
0.000000,12.860185,0.000000
0.000000,11.724405,0.000000
0.000000,11.439064,0.000000
0.000000,10.661177,0.000000
0.000000,11.933202,0.000000
0.000000,11.005928,0.000000
0.000000,11.552794,0.000000
0.000000,10.598338,0.000000
0.000000,10.665268,0.000000
0.000000,6.329194,0.000000
0.000000,13.432472,0.000000
0.000000,10.723450,0.000000
0.000000,12.295836,0.000000
0.000000,10.543937,0.000000
0.000000,11.956326,0.000000
0.000000,11.969033,0.000000
0.000000,11.549150,0.000000
0.000000,12.068517,0.000000
0.000000,11.880293,0.000000
0.000000,10.046112,0.000000
0.000000,10.909110,0.000000
0.000000,11.471355,0.000000
0.000000,11.789297,0.000000
0.000000,10.792065,0.000000
0.000000,12.766474,0.000000
0.000000,10.718270,0.000000
0.000000,10.594729,0.000000
0.000000,8.897545,0.000000
0.000000,10.704124,0.000000
0.000000,14.171141,0.000000
0.000000,12.897202,0.000000
0.000000,13.965688,0.000000
0.000000,11.735119,0.000000
0.000000,11.783114,0.000000
0.000000,12.747965,0.000000
0.000000,13.053766,0.000000
0.000000,12.343819,0.000000
0.000000,11.841708,0.000000
0.000000,10.483854,0.000000
0.000000,14.828698,0.000000
0.000000,11.174146,0.000000
0.000000,13.521626,0.000000
0.000000,11.060250,0.000000
0.000000,11.258425,0.000000
0.000000,10.958869,0.000000
0.000000,11.699285,0.000000
0.000000,13.271477,0.000000
0.000000,14.321464,0.000000
0.000000,13.310484,0.000000
0.000000,14.805438,0.000000
0.000000,13.877147,0.000000
0.000000,12.965138,0.000000
0.000000,13.280460,0.000000
0.000000,12.704790,0.000000
0.000000,13.162685,0.000000
0.000000,13.817550,0.000000
0.000000,15.258538,0.000000
0.000000,15.614898,0.000000
0.000000,15.087494,0.000000
0.000000,17.275750,0.000000
0.000000,15.977269,0.000000
0.000000,17.238190,0.000000
0.000000,15.301219,0.000000
0.000000,16.827312,0.000000
0.000000,21.939570,0.000000
0.000000,20.012304,0.000000
0.000000,14.168455,0.000000
0.000000,13.852360,0.000000
0.000000,8.922202,0.000000
0.000000,9.959407,0.000000
0.000000,14.787906,0.000000
0.000000,15.861215,0.000000
0.000000,17.846334,0.000000
0.000000,2.113009,0.000000
0.000000,-3.255535,0.000000
0.000000,-3.038497,0.000000
0.000000,-8.398776,0.000000
0.000000,-7.486086,0.000000
0.000000,-18.357986,0.000000
0.000000,-24.434061,0.000000
0.000000,-28.172770,0.000000
0.000000,-40.124905,0.000000
0.000000,-43.131897,0.000000
0.000000,-42.460280,0.000000
0.000000,-41.848244,0.000000
0.000000,-42.879154,0.000000
0.000000,-49.515717,0.000000
0.000000,-52.906464,0.000000
0.000000,-52.476208,0.000000
0.000000,-55.291145,0.000000
0.000000,-54.311974,0.000000
0.000000,-56.985447,0.000000
0.000000,-62.644245,0.000000
0.000000,-63.277046,0.000000
0.000000,-62.214050,0.000000
0.000000,-63.054398,0.000000
0.000000,-58.683384,0.000000
0.000000,-60.950806,0.000000
0.000000,-62.170048,0.000000
0.000000,-61.163998,0.000000
0.000000,-58.337337,0.000000
0.000000,-66.984375,0.000000
0.000000,-63.734880,0.000000
0.000000,-62.155006,0.000000
0.000000,-49.912014,0.000000
0.000000,-52.606873,0.000000
0.000000,-53.339390,0.000000
0.000000,-52.340286,0.000000
0.000000,-52.899303,0.000000
0.000000,-53.790115,0.000000
0.000000,-59.708088,0.000000
0.000000,-64.960655,0.000000
0.000000,-70.528060,0.000000
0.000000,-69.325220,0.000000
0.000000,-68.157940,0.000000
0.000000,-68.601036,0.000000
0.000000,-67.374990,0.000000
0.000000,-64.236420,0.000000
0.000000,-71.628426,0.000000
0.000000,-71.198420,0.000000
0.000000,-72.264600,0.000000
0.000000,-71.035200,0.000000
0.000000,-65.931250,0.000000
0.000000,-66.900154,0.000000
0.000000,-66.089836,0.000000
0.000000,-67.976036,0.000000
0.000000,-61.994340,0.000000
0.000000,-62.148663,0.000000
0.000000,-57.612965,0.000000
0.000000,-60.272217,0.000000
0.000000,-61.092342,0.000000
0.000000,-54.856785,0.000000
0.000000,-59.017120,0.000000
0.000000,-60.045822,0.000000
0.000000,-67.435640,0.000000
0.000000,-62.879154,0.000000
0.000000,-43.221428,0.000000
0.000000,-29.546083,0.000000
0.000000,-27.094994,0.000000
0.000000,-29.095589,0.000000
0.000000,-23.118593,0.000000
0.000000,-13.523654,0.000000
0.000000,-14.827419,0.000000
0.000000,-13.862166,0.000000
0.000000,-10.072279,0.000000
0.000000,-20.820520,0.000000
0.000000,-19.318306,0.000000
0.000000,-10.985327,0.000000
0.000000,-10.190146,0.000000
0.000000,-8.898209,0.000000
0.000000,3.747182,0.000000
0.000000,6.825622,0.000000
0.000000,7.343306,0.000000
0.000000,18.275710,0.000000
0.000000,20.285446,0.000000
0.000000,17.696312,0.000000
0.000000,26.513016,0.000000
0.000000,29.277555,0.000000
0.000000,34.091724,0.000000
0.000000,34.068546,0.000000
0.000000,36.223667,0.000000
0.000000,40.190680,0.000000
0.000000,41.771496,0.000000
0.000000,45.572365,0.000000
0.000000,59.341785,0.000000
0.000000,57.270462,0.000000
0.000000,56.951400,0.000000
0.000000,54.734173,0.000000
0.000000,57.154583,0.000000
0.000000,56.551197,0.000000
0.000000,56.921562,0.000000
0.000000,56.834312,0.000000
0.000000,56.356113,0.000000
0.000000,57.076120,0.000000
0.000000,57.447628,0.000000
0.000000,54.810028,0.000000
0.000000,56.309320,0.000000
0.000000,53.617280,0.000000
0.000000,53.403786,0.000000
0.000000,50.107105,0.000000
0.000000,49.171978,0.000000
0.000000,48.730083,0.000000
0.000000,50.686058,0.000000
0.000000,49.532280,0.000000
0.000000,48.993620,0.000000
0.000000,49.285862,0.000000
0.000000,49.868416,0.000000
0.000000,49.714844,0.000000
0.000000,49.485520,0.000000
0.000000,48.608220,0.000000
0.000000,49.283222,0.000000
0.000000,46.893467,0.000000
0.000000,47.470604,0.000000
0.000000,47.073425,0.000000
0.000000,47.385242,0.000000
0.000000,45.748753,0.000000
0.000000,47.580490,0.000000
0.000000,48.523640,0.000000
0.000000,50.707510,0.000000
0.000000,51.816402,0.000000
0.000000,51.141945,0.000000
0.000000,53.293920,0.000000
0.000000,51.620410,0.000000
0.000000,52.759960,0.000000
0.000000,52.846836,0.000000
0.000000,52.994920,0.000000
0.000000,53.333030,0.000000
0.000000,54.239770,0.000000
0.000000,53.389523,0.000000
0.000000,52.084274,0.000000
0.000000,50.607510,0.000000
0.000000,52.409920,0.000000
0.000000,51.998554,0.000000
0.000000,52.969017,0.000000
0.000000,51.185060,0.000000
0.000000,51.125725,0.000000
0.000000,50.714600,0.000000
0.000000,50.945694,0.000000
0.000000,49.685170,0.000000
0.000000,52.009144,0.000000
0.000000,50.720486,0.000000
0.000000,49.310790,0.000000
0.000000,49.649006,0.000000
0.000000,48.611630,0.000000
0.000000,49.092854,0.000000
0.000000,50.950420,0.000000
0.000000,46.916706,0.000000
0.000000,44.980633,0.000000
0.000000,45.717120,0.000000
0.000000,44.798573,0.000000
0.000000,37.728542,0.000000
0.000000,37.270940,0.000000
0.000000,36.320477,0.000000
0.000000,35.254745,0.000000
0.000000,37.015118,0.000000
0.000000,32.913230,0.000000
0.000000,32.306267,0.000000
0.000000,30.664856,0.000000
0.000000,30.717236,0.000000
0.000000,34.526302,0.000000
0.000000,33.896442,0.000000
0.000000,32.917810,0.000000
0.000000,31.882338,0.000000
0.000000,27.296349,0.000000
0.000000,27.999645,0.000000
0.000000,25.917202,0.000000
0.000000,26.475275,0.000000
0.000000,26.037810,0.000000
0.000000,26.945840,0.000000
0.000000,28.604795,0.000000
0.000000,27.465788,0.000000
0.000000,21.618015,0.000000
0.000000,21.108335,0.000000
0.000000,21.154340,0.000000
0.000000,21.947775,0.000000
0.000000,21.482597,0.000000
0.000000,22.852896,0.000000
0.000000,22.450567,0.000000
0.000000,23.106867,0.000000
0.000000,21.308678,0.000000
0.000000,19.051710,0.000000
0.000000,18.097576,0.000000
0.000000,19.794690,0.000000
0.000000,18.332157,0.000000
0.000000,20.480469,0.000000
0.000000,18.528091,0.000000
0.000000,14.114910,0.000000
0.000000,11.601109,0.000000
0.000000,16.337925,0.000000
0.000000,15.681599,0.000000
0.000000,10.453947,0.000000
0.000000,13.910845,0.000000
0.000000,18.750740,0.000000
0.000000,9.092508,0.000000
0.000000,1.956569,0.000000
0.000000,-5.835673,0.000000
0.000000,-3.863853,0.000000
0.000000,-0.611972,0.000000
0.000000,-6.314536,0.000000
0.000000,-11.169177,0.000000
0.000000,-13.928909,0.000000
0.000000,-10.986162,0.000000
0.000000,-11.736348,0.000000
0.000000,-9.597143,0.000000
0.000000,-22.325020,0.000000
0.000000,-24.601767,0.000000
0.000000,-30.706170,0.000000
0.000000,-51.710247,0.000000
0.000000,-37.790936,0.000000
0.000000,-62.112846,0.000000
0.000000,-46.647976,0.000000
0.000000,-50.862267,0.000000
0.000000,-60.778175,0.000000
0.000000,-61.666410,0.000000
0.000000,-63.138233,0.000000
0.000000,-66.600720,0.000000
0.000000,-67.187840,0.000000
0.000000,-69.152460,0.000000
0.000000,-69.272990,0.000000
0.000000,-68.328674,0.000000
0.000000,-66.281494,0.000000
0.000000,-64.675490,0.000000
0.000000,-73.157310,0.000000
0.000000,-66.409485,0.000000
0.000000,-63.931557,0.000000
0.000000,-64.315420,0.000000
0.000000,-60.372875,0.000000
0.000000,-57.790443,0.000000
0.000000,-62.315900,0.000000
0.000000,-60.215980,0.000000
0.000000,-62.806812,0.000000
0.000000,-64.010460,0.000000
0.000000,-67.141000,0.000000
0.000000,-57.666058,0.000000
0.000000,-59.166504,0.000000
0.000000,-65.114880,0.000000
0.000000,-64.015700,0.000000
0.000000,-63.486374,0.000000
0.000000,-56.633163,0.000000
0.000000,-51.467445,0.000000
0.000000,-53.615868,0.000000
0.000000,-18.523445,0.000000
0.000000,-22.366915,0.000000
0.000000,-54.674040,0.000000
0.000000,-43.680832,0.000000
0.000000,-5.974290,0.000000
0.000000,-20.848820,0.000000
0.000000,-23.206861,0.000000
0.000000,-17.711887,0.000000
0.000000,-13.891350,0.000000
0.000000,2.544009,0.000000
0.000000,-13.233843,0.000000
0.000000,-8.648061,0.000000
0.000000,-17.720970,0.000000
0.000000,-18.655539,0.000000
0.000000,-22.605793,0.000000
0.000000,-16.864628,0.000000
0.000000,-9.265232,0.000000
0.000000,-8.099535,0.000000
0.000000,-2.467423,0.000000
0.000000,-5.725618,0.000000
0.000000,-9.302123,0.000000
0.000000,0.776115,0.000000
0.000000,2.822682,0.000000
0.000000,6.439369,0.000000
0.000000,12.367680,0.000000
0.000000,18.942290,0.000000
0.000000,18.329380,0.000000
0.000000,17.148630,0.000000
0.000000,15.222868,0.000000
0.000000,13.319470,0.000000
0.000000,17.603758,0.000000
0.000000,24.976660,0.000000
0.000000,26.761753,0.000000
0.000000,19.943552,0.000000
0.000000,18.041485,0.000000
0.000000,21.920730,0.000000
0.000000,18.681620,0.000000
0.000000,25.730988,0.000000
0.000000,18.401855,0.000000
0.000000,35.438740,0.000000
0.000000,48.816060,0.000000
0.000000,46.036423,0.000000
0.000000,47.878338,0.000000
0.000000,51.414677,0.000000
0.000000,50.378155,0.000000
0.000000,47.595528,0.000000
0.000000,45.915700,0.000000
0.000000,48.679485,0.000000
0.000000,46.541767,0.000000
0.000000,49.579660,0.000000
0.000000,52.461693,0.000000
0.000000,52.910362,0.000000
0.000000,49.137270,0.000000
0.000000,47.868053,0.000000
0.000000,48.581276,0.000000
0.000000,44.233870,0.000000
0.000000,48.308292,0.000000
0.000000,49.218792,0.000000
0.000000,49.401516,0.000000
0.000000,52.397736,0.000000
0.000000,52.769897,0.000000
0.000000,54.493427,0.000000
0.000000,53.332928,0.000000
0.000000,54.364235,0.000000
0.000000,54.478170,0.000000
0.000000,54.575560,0.000000
0.000000,54.451588,0.000000
0.000000,53.934895,0.000000
0.000000,53.210110,0.000000
0.000000,53.847855,0.000000
0.000000,52.786266,0.000000
0.000000,53.306892,0.000000
0.000000,50.177420,0.000000
0.000000,53.509870,0.000000
0.000000,53.681860,0.000000
0.000000,54.582560,0.000000
0.000000,55.092945,0.000000
0.000000,54.212326,0.000000
0.000000,53.354680,0.000000
0.000000,54.188416,0.000000
0.000000,53.448883,0.000000
0.000000,53.450320,0.000000
0.000000,52.433640,0.000000
0.000000,53.261250,0.000000
0.000000,52.042625,0.000000
0.000000,51.226803,0.000000
0.000000,48.983890,0.000000
0.000000,53.698273,0.000000
0.000000,53.442062,0.000000
0.000000,54.505756,0.000000
0.000000,55.738144,0.000000
0.000000,55.556950,0.000000
0.000000,55.116016,0.000000
0.000000,53.831074,0.000000
0.000000,53.495360,0.000000
0.000000,52.988617,0.000000
0.000000,52.251940,0.000000
0.000000,54.143578,0.000000
0.000000,53.062344,0.000000
0.000000,53.114100,0.000000
0.000000,54.694515,0.000000
0.000000,53.260260,0.000000
0.000000,53.091057,0.000000
0.000000,53.376225,0.000000
0.000000,53.967644,0.000000
0.000000,54.187480,0.000000
0.000000,55.817886,0.000000
0.000000,51.767723,0.000000
0.000000,55.231506,0.000000
0.000000,52.135742,0.000000
0.000000,47.696472,0.000000
0.000000,28.154194,0.000000
0.000000,22.557232,0.000000
0.000000,18.412802,0.000000
0.000000,18.351540,0.000000
0.000000,24.508766,0.000000
0.000000,27.697540,0.000000
0.000000,29.694937,0.000000
0.000000,26.172400,0.000000
0.000000,26.173779,0.000000
0.000000,33.340720,0.000000
0.000000,32.250560,0.000000
0.000000,32.539060,0.000000
0.000000,34.236725,0.000000
0.000000,33.133460,0.000000
0.000000,34.722504,0.000000
0.000000,37.355076,0.000000
0.000000,38.604206,0.000000
0.000000,34.700970,0.000000
0.000000,37.189266,0.000000
0.000000,28.251480,0.000000
0.000000,22.960209,0.000000
0.000000,20.198837,0.000000
0.000000,24.591068,0.000000
0.000000,21.789957,0.000000
0.000000,23.759512,0.000000
0.000000,26.684273,0.000000
0.000000,26.239525,0.000000
0.000000,25.167147,0.000000
0.000000,21.507689,0.000000
0.000000,17.123796,0.000000
0.000000,15.668085,0.000000
0.000000,18.265938,0.000000
0.000000,18.437325,0.000000
0.000000,18.050817,0.000000
0.000000,18.988321,0.000000
0.000000,18.200592,0.000000
0.000000,19.926031,0.000000
0.000000,19.094980,0.000000
0.000000,19.631530,0.000000
0.000000,20.045525,0.000000
0.000000,16.811148,0.000000
0.000000,10.754601,0.000000
0.000000,12.445222,0.000000
0.000000,11.082045,0.000000
0.000000,11.233885,0.000000
0.000000,11.685612,0.000000
0.000000,14.645506,0.000000
0.000000,14.685576,0.000000
0.000000,11.821477,0.000000
0.000000,10.453507,0.000000
0.000000,9.511534,0.000000
0.000000,9.442759,0.000000
0.000000,11.978031,0.000000
0.000000,8.214851,0.000000
0.000000,9.667295,0.000000
0.000000,12.778688,0.000000
0.000000,17.241290,0.000000
0.000000,15.843706,0.000000
0.000000,17.163847,0.000000
0.000000,17.806469,0.000000
0.000000,22.091255,0.000000
0.000000,20.341217,0.000000
0.000000,20.629799,0.000000
0.000000,20.940847,0.000000
0.000000,21.828894,0.000000
0.000000,19.997736,0.000000
0.000000,18.545017,0.000000
0.000000,20.288713,0.000000
0.000000,13.844937,0.000000
0.000000,17.485922,0.000000
0.000000,18.191195,0.000000
0.000000,16.571430,0.000000
0.000000,16.072620,0.000000
0.000000,16.155828,0.000000
0.000000,14.850559,0.000000
0.000000,11.334466,0.000000
0.000000,18.232748,0.000000
0.000000,14.570988,0.000000
0.000000,10.901706,0.000000
0.000000,9.826942,0.000000
0.000000,8.886532,0.000000
0.000000,11.700261,0.000000
0.000000,5.926499,0.000000
0.000000,7.316170,0.000000
0.000000,2.599389,0.000000
0.000000,7.326447,0.000000
0.000000,6.796847,0.000000
0.000000,7.948085,0.000000
0.000000,2.917389,0.000000
0.000000,-0.468681,0.000000
0.000000,3.738515,0.000000
0.000000,12.074622,0.000000
0.000000,21.703348,0.000000
0.000000,17.872230,0.000000
0.000000,20.729801,0.000000
0.000000,24.349648,0.000000
0.000000,21.467052,0.000000
0.000000,26.893736,0.000000
0.000000,30.024084,0.000000
0.000000,33.351135,0.000000
0.000000,31.896100,0.000000
0.000000,31.599417,0.000000
0.000000,33.516415,0.000000
0.000000,33.400920,0.000000
0.000000,31.908394,0.000000
0.000000,30.218435,0.000000
0.000000,33.551888,0.000000
0.000000,37.616215,0.000000
0.000000,47.643585,0.000000
0.000000,47.897476,0.000000
0.000000,49.243027,0.000000
0.000000,51.057346,0.000000
0.000000,51.325966,0.000000
0.000000,51.747326,0.000000
0.000000,51.738870,0.000000
0.000000,41.948685,0.000000
0.000000,43.658790,0.000000
0.000000,43.427204,0.000000
0.000000,45.880733,0.000000
0.000000,49.149235,0.000000
0.000000,51.222954,0.000000
0.000000,51.577087,0.000000
0.000000,51.134720,0.000000
0.000000,50.139700,0.000000
0.000000,51.377224,0.000000
0.000000,51.814884,0.000000
0.000000,50.632893,0.000000
0.000000,49.601658,0.000000
0.000000,49.357388,0.000000
0.000000,50.288600,0.000000
0.000000,51.657948,0.000000
0.000000,51.566486,0.000000
0.000000,51.387760,0.000000
0.000000,49.885080,0.000000
0.000000,49.081520,0.000000
0.000000,50.881250,0.000000
0.000000,50.391155,0.000000
0.000000,52.263092,0.000000
0.000000,51.135110,0.000000
0.000000,47.715675,0.000000
0.000000,52.182804,0.000000
0.000000,48.373486,0.000000
0.000000,47.721096,0.000000
0.000000,22.818268,0.000000
0.000000,45.284935,0.000000
0.000000,46.665910,0.000000
0.000000,27.798010,0.000000
0.000000,17.954382,0.000000
0.000000,5.890422,0.000000
0.000000,6.798941,0.000000
0.000000,24.315320,0.000000
0.000000,29.129030,0.000000
0.000000,41.177820,0.000000
0.000000,39.413948,0.000000
0.000000,31.805218,0.000000
0.000000,0.334704,0.000000
0.000000,-2.397391,0.000000
0.000000,-7.685670,0.000000
0.000000,1.687919,0.000000
0.000000,21.005342,0.000000
0.000000,11.758048,0.000000
0.000000,22.302044,0.000000
0.000000,22.092340,0.000000
0.000000,7.201901,0.000000
0.000000,24.518510,0.000000
0.000000,15.051008,0.000000
0.000000,14.703228,0.000000
0.000000,17.191446,0.000000
0.000000,18.385641,0.000000
0.000000,10.964864,0.000000
0.000000,11.979120,0.000000
0.000000,12.114313,0.000000
0.000000,13.894115,0.000000
0.000000,12.168866,0.000000
0.000000,16.033566,0.000000
0.000000,15.809929,0.000000
0.000000,15.019037,0.000000
0.000000,11.829362,0.000000
0.000000,12.841920,0.000000
0.000000,12.791078,0.000000
0.000000,13.000147,0.000000
0.000000,13.449106,0.000000
0.000000,13.542773,0.000000
0.000000,10.827476,0.000000
0.000000,14.888397,0.000000
0.000000,14.035462,0.000000
0.000000,15.621357,0.000000
0.000000,16.701302,0.000000
0.000000,16.224934,0.000000
0.000000,12.586166,0.000000
0.000000,11.904575,0.000000
0.000000,14.763059,0.000000
0.000000,18.984377,0.000000
0.000000,17.914799,0.000000
0.000000,18.998490,0.000000
0.000000,18.381193,0.000000
0.000000,18.837513,0.000000
0.000000,15.705700,0.000000
0.000000,17.071215,0.000000
0.000000,20.956203,0.000000
0.000000,13.620883,0.000000
0.000000,15.724099,0.000000
0.000000,12.747401,0.000000
0.000000,4.699679,0.000000
0.000000,2.418534,0.000000
0.000000,-3.112335,0.000000
0.000000,-2.105481,0.000000
0.000000,-3.693789,0.000000
0.000000,-11.872752,0.000000
0.000000,-12.776861,0.000000
0.000000,-11.579082,0.000000
0.000000,-14.018419,0.000000
0.000000,-18.855415,0.000000
0.000000,-17.165924,0.000000
0.000000,-15.259258,0.000000
0.000000,-17.327394,0.000000
0.000000,-15.603295,0.000000
0.000000,-16.780334,0.000000
0.000000,-16.228907,0.000000
0.000000,-24.526466,0.000000
0.000000,-21.461178,0.000000
0.000000,-27.659914,0.000000
0.000000,-35.646000,0.000000
0.000000,-28.393503,0.000000
0.000000,-40.678930,0.000000
0.000000,-41.792160,0.000000
0.000000,-41.273827,0.000000
0.000000,-50.701020,0.000000
0.000000,-58.555900,0.000000
0.000000,-57.159252,0.000000
0.000000,-60.681057,0.000000
0.000000,-60.607338,0.000000
0.000000,-61.836945,0.000000
0.000000,-59.799230,0.000000
0.000000,-59.420124,0.000000
0.000000,-57.283813,0.000000
0.000000,-54.717613,0.000000
0.000000,-53.061010,0.000000
0.000000,-56.424927,0.000000
0.000000,-61.978596,0.000000
0.000000,-60.600304,0.000000
0.000000,-55.631710,0.000000
0.000000,-61.275673,0.000000
0.000000,-61.020600,0.000000
0.000000,-62.378704,0.000000
0.000000,-60.248480,0.000000
0.000000,-60.061012,0.000000
0.000000,-60.632458,0.000000
0.000000,-63.573270,0.000000
0.000000,-66.561430,0.000000
0.000000,-66.170350,0.000000
0.000000,-66.849640,0.000000
0.000000,-65.577540,0.000000
0.000000,-66.456550,0.000000
0.000000,-68.419650,0.000000
0.000000,-65.229195,0.000000
0.000000,-66.541240,0.000000
0.000000,-69.561970,0.000000
0.000000,-73.636650,0.000000
0.000000,-68.705170,0.000000
0.000000,-65.723190,0.000000
0.000000,-56.281810,0.000000
0.000000,-52.420696,0.000000
0.000000,-55.345196,0.000000
0.000000,-58.668780,0.000000
0.000000,-49.874110,0.000000
0.000000,-47.138313,0.000000
0.000000,-37.773020,0.000000
0.000000,-36.846300,0.000000
0.000000,-30.722727,0.000000
0.000000,-30.565174,0.000000
0.000000,-11.532442,0.000000
0.000000,-15.137475,0.000000
0.000000,-12.557011,0.000000
0.000000,-9.245564,0.000000
0.000000,-15.562917,0.000000
0.000000,-10.128728,0.000000
0.000000,-20.285406,0.000000
0.000000,2.677258,0.000000
0.000000,-0.501422,0.000000
0.000000,4.517406,0.000000
0.000000,2.983499,0.000000
0.000000,6.042236,0.000000
0.000000,11.472385,0.000000
0.000000,14.658745,0.000000
0.000000,11.835440,0.000000
0.000000,18.632067,0.000000
0.000000,27.211016,0.000000
0.000000,23.321527,0.000000
0.000000,29.731216,0.000000
0.000000,31.699688,0.000000
0.000000,40.611220,0.000000
0.000000,47.823050,0.000000
0.000000,49.965590,0.000000
0.000000,53.042652,0.000000
0.000000,51.620426,0.000000
0.000000,54.252968,0.000000
0.000000,53.808674,0.000000
0.000000,53.852090,0.000000
0.000000,54.422775,0.000000
0.000000,54.343070,0.000000
0.000000,50.647420,0.000000
0.000000,52.470966,0.000000
0.000000,50.594540,0.000000
0.000000,53.042137,0.000000
0.000000,54.895780,0.000000
0.000000,52.983147,0.000000
0.000000,55.716385,0.000000
0.000000,53.397450,0.000000
0.000000,52.851230,0.000000
0.000000,52.547153,0.000000
0.000000,51.292976,0.000000
0.000000,53.679085,0.000000
0.000000,51.265762,0.000000
0.000000,39.414860,0.000000
0.000000,51.340424,0.000000
0.000000,35.912450,0.000000
0.000000,33.510500,0.000000
0.000000,33.915962,0.000000
0.000000,28.665403,0.000000
0.000000,31.113003,0.000000
0.000000,30.916690,0.000000
0.000000,49.419598,0.000000
0.000000,30.268797,0.000000
0.000000,30.543003,0.000000
0.000000,50.162200,0.000000
0.000000,26.507694,0.000000
0.000000,30.457865,0.000000
0.000000,30.994965,0.000000
0.000000,32.697506,0.000000
0.000000,50.627040,0.000000
0.000000,34.375470,0.000000
0.000000,35.522540,0.000000
0.000000,48.800858,0.000000
0.000000,51.413704,0.000000
0.000000,51.069756,0.000000
0.000000,49.443558,0.000000
0.000000,48.091484,0.000000
0.000000,49.235764,0.000000
0.000000,49.090702,0.000000
0.000000,42.371025,0.000000
0.000000,42.904160,0.000000
0.000000,44.706223,0.000000
0.000000,46.765010,0.000000
0.000000,45.813600,0.000000
0.000000,43.775555,0.000000
0.000000,30.007095,0.000000
0.000000,32.584570,0.000000
0.000000,25.937270,0.000000
0.000000,23.328535,0.000000
0.000000,25.189089,0.000000
0.000000,22.598024,0.000000
0.000000,22.178610,0.000000
0.000000,24.267214,0.000000
0.000000,12.510523,0.000000
0.000000,22.825111,0.000000
0.000000,23.668161,0.000000
0.000000,23.207972,0.000000
0.000000,25.691822,0.000000
0.000000,18.472385,0.000000
0.000000,24.771503,0.000000
0.000000,22.564442,0.000000
0.000000,22.614498,0.000000
0.000000,25.419302,0.000000
0.000000,24.386528,0.000000
0.000000,24.515570,0.000000
0.000000,24.268880,0.000000
0.000000,24.822536,0.000000
0.000000,27.264015,0.000000
0.000000,32.164146,0.000000
0.000000,31.186852,0.000000
0.000000,24.391178,0.000000
0.000000,23.336605,0.000000
0.000000,12.523205,0.000000
0.000000,9.018240,0.000000
0.000000,4.312838,0.000000
0.000000,6.450177,0.000000
0.000000,6.824383,0.000000
0.000000,1.292561,0.000000
0.000000,-0.325117,0.000000
0.000000,-4.586528,0.000000
0.000000,-4.923893,0.000000
0.000000,1.144601,0.000000
0.000000,0.890458,0.000000
0.000000,3.478518,0.000000
0.000000,3.614719,0.000000
0.000000,6.295884,0.000000
0.000000,4.570806,0.000000
0.000000,3.133106,0.000000
0.000000,-2.173513,0.000000
0.000000,1.728862,0.000000
0.000000,0.706274,0.000000
0.000000,2.087031,0.000000
0.000000,1.374117,0.000000
0.000000,2.151665,0.000000
0.000000,3.366233,0.000000
0.000000,2.699337,0.000000
0.000000,1.597834,0.000000
0.000000,4.536881,0.000000
0.000000,1.797233,0.000000
0.000000,4.850326,0.000000
0.000000,2.688064,0.000000
0.000000,0.607574,0.000000
0.000000,2.002765,0.000000
0.000000,2.563389,0.000000
0.000000,3.194937,0.000000
0.000000,4.300942,0.000000
0.000000,3.257760,0.000000
0.000000,2.797647,0.000000
0.000000,3.070841,0.000000
0.000000,5.384093,0.000000
0.000000,3.187730,0.000000
0.000000,4.166948,0.000000
0.000000,2.565919,0.000000
0.000000,3.971544,0.000000
0.000000,0.299258,0.000000
0.000000,3.240176,0.000000
0.000000,3.067266,0.000000
0.000000,0.817637,0.000000
0.000000,1.227979,0.000000
0.000000,-3.408953,0.000000
0.000000,-1.897493,0.000000
0.000000,-3.718244,0.000000
0.000000,-2.149863,0.000000
0.000000,-2.355571,0.000000
0.000000,-1.920422,0.000000
0.000000,0.188483,0.000000
0.000000,1.822728,0.000000
0.000000,1.988326,0.000000
0.000000,1.641343,0.000000
0.000000,-0.126482,0.000000
0.000000,1.875815,0.000000
0.000000,0.277727,0.000000
0.000000,0.125695,0.000000
0.000000,2.940820,0.000000
0.000000,0.697732,0.000000
0.000000,0.648260,0.000000
0.000000,-1.590704,0.000000
0.000000,-0.929539,0.000000
0.000000,-0.898792,0.000000
0.000000,-0.770317,0.000000
0.000000,-0.915654,0.000000
0.000000,-0.716309,0.000000
0.000000,-1.247783,0.000000
0.000000,-4.331048,0.000000
0.000000,-3.508223,0.000000
0.000000,-2.654430,0.000000
0.000000,-2.781347,0.000000
0.000000,-1.747087,0.000000
0.000000,-2.556446,0.000000
0.000000,-3.335080,0.000000
0.000000,-5.380849,0.000000
0.000000,-1.559423,0.000000
0.000000,-4.249211,0.000000
0.000000,-2.743609,0.000000
0.000000,1.058752,0.000000
0.000000,-2.908760,0.000000
0.000000,-0.853955,0.000000
0.000000,3.545985,0.000000
0.000000,0.003112,0.000000
0.000000,5.490104,0.000000
0.000000,-1.628292,0.000000
0.000000,-0.289483,0.000000
0.000000,-1.418320,0.000000
0.000000,-4.528420,0.000000
0.000000,-5.169157,0.000000
0.000000,-4.638444,0.000000
0.000000,-5.405589,0.000000
0.000000,-4.723966,0.000000
0.000000,0.714617,0.000000
0.000000,-4.090116,0.000000
0.000000,-4.333914,0.000000
0.000000,-2.705758,0.000000
0.000000,-5.032690,0.000000
0.000000,-3.415278,0.000000
0.000000,-0.889790,0.000000
0.000000,-0.703636,0.000000
0.000000,4.060075,0.000000
0.000000,7.967483,0.000000
0.000000,4.000337,0.000000
0.000000,5.779737,0.000000
0.000000,5.720164,0.000000
0.000000,4.730737,0.000000
0.000000,1.001238,0.000000
0.000000,8.828300,0.000000
0.000000,11.116169,0.000000
0.000000,11.204285,0.000000
0.000000,8.882643,0.000000
0.000000,9.849936,0.000000
0.000000,10.134682,0.000000
0.000000,5.789299,0.000000
0.000000,5.418366,0.000000
0.000000,6.690173,0.000000
0.000000,7.959610,0.000000
0.000000,9.174701,0.000000
0.000000,6.907731,0.000000
0.000000,10.860054,0.000000
0.000000,8.751756,0.000000
0.000000,6.137745,0.000000
0.000000,9.094511,0.000000
0.000000,-3.867062,0.000000
0.000000,5.222179,0.000000
0.000000,3.933958,0.000000
0.000000,3.163772,0.000000
0.000000,-0.413844,0.000000
0.000000,-0.885026,0.000000
0.000000,2.841336,0.000000
0.000000,-1.489966,0.000000
0.000000,-3.710871,0.000000
0.000000,-1.161462,0.000000
0.000000,-2.697371,0.000000
0.000000,0.412370,0.000000
0.000000,-0.153902,0.000000
0.000000,-1.598283,0.000000
0.000000,-3.710001,0.000000
0.000000,-1.096643,0.000000
0.000000,-6.458880,0.000000
0.000000,3.970865,0.000000
0.000000,-3.684989,0.000000
0.000000,-1.443715,0.000000
0.000000,-4.183106,0.000000
0.000000,-3.897375,0.000000
0.000000,-4.501055,0.000000
0.000000,-3.738453,0.000000
0.000000,-3.552608,0.000000
0.000000,-3.321918,0.000000
0.000000,-3.245210,0.000000
0.000000,-2.786583,0.000000
0.000000,-3.736098,0.000000
0.000000,-2.779903,0.000000
0.000000,-3.832702,0.000000
0.000000,-1.507100,0.000000
0.000000,-10.760104,0.000000
0.000000,-4.248320,0.000000
0.000000,-2.658971,0.000000
0.000000,-5.434346,0.000000
0.000000,-4.051685,0.000000
0.000000,-5.418936,0.000000
0.000000,-7.648459,0.000000
0.000000,-6.880844,0.000000
0.000000,-4.891547,0.000000
0.000000,-4.219194,0.000000
0.000000,-4.141056,0.000000
0.000000,2.558771,0.000000
0.000000,-4.689753,0.000000
0.000000,-5.328062,0.000000
0.000000,-10.262083,0.000000
0.000000,-6.536671,0.000000
0.000000,-7.262999,0.000000
0.000000,-5.688867,0.000000
0.000000,-6.158778,0.000000
0.000000,-5.057208,0.000000
0.000000,-7.098437,0.000000
0.000000,-6.659381,0.000000
0.000000,-6.684081,0.000000
0.000000,-6.449109,0.000000
0.000000,-8.667264,0.000000
0.000000,-9.416488,0.000000
0.000000,-8.670369,0.000000
0.000000,-7.079552,0.000000
0.000000,-9.977586,0.000000
0.000000,-8.913715,0.000000
0.000000,-9.569851,0.000000
0.000000,-9.235013,0.000000
0.000000,-6.291565,0.000000
0.000000,-12.768930,0.000000
0.000000,-8.165410,0.000000
0.000000,-9.649615,0.000000
0.000000,-11.435161,0.000000
0.000000,-9.476973,0.000000
0.000000,-7.082194,0.000000
0.000000,-12.715179,0.000000
0.000000,-11.148315,0.000000
0.000000,-9.224609,0.000000
0.000000,-10.442776,0.000000
0.000000,-8.487292,0.000000
0.000000,-8.379326,0.000000
0.000000,-6.686459,0.000000
0.000000,-8.400395,0.000000
0.000000,-7.458050,0.000000
0.000000,-6.795466,0.000000
0.000000,-8.320651,0.000000
0.000000,-6.188058,0.000000
0.000000,-11.608214,0.000000
0.000000,-0.241321,0.000000
0.000000,-7.008318,0.000000
0.000000,-7.354487,0.000000
0.000000,-8.765605,0.000000
0.000000,-8.129383,0.000000
0.000000,-7.200470,0.000000
0.000000,-8.186745,0.000000
0.000000,-8.719691,0.000000
0.000000,-12.210655,0.000000
0.000000,-7.737063,0.000000
0.000000,-10.999463,0.000000
0.000000,-6.984995,0.000000
0.000000,-7.071005,0.000000
0.000000,-8.602943,0.000000
0.000000,-10.556117,0.000000
0.000000,-7.359245,0.000000
0.000000,-7.756176,0.000000
0.000000,-8.270265,0.000000
0.000000,-6.802148,0.000000
0.000000,-8.268932,0.000000
0.000000,-8.778745,0.000000
0.000000,-9.190184,0.000000
0.000000,-15.906006,0.000000
0.000000,-14.997377,0.000000
0.000000,-15.362641,0.000000
0.000000,-14.866421,0.000000
0.000000,-12.570338,0.000000
0.000000,-13.220697,0.000000
0.000000,-15.815837,0.000000
0.000000,-13.272961,0.000000
0.000000,-14.731363,0.000000
0.000000,-12.696908,0.000000
0.000000,-11.736156,0.000000
0.000000,-10.752350,0.000000
0.000000,-5.174923,0.000000
0.000000,-5.332617,0.000000
0.000000,-1.808650,0.000000
0.000000,-2.125856,0.000000
0.000000,5.761637,0.000000
0.000000,-2.364437,0.000000
0.000000,-1.234676,0.000000
0.000000,-0.565238,0.000000
0.000000,-8.920745,0.000000
0.000000,3.298596,0.000000
0.000000,-2.082794,0.000000
0.000000,-1.707950,0.000000
0.000000,-0.015827,0.000000
0.000000,0.165098,0.000000
0.000000,-1.437561,0.000000
0.000000,-7.076699,0.000000
0.000000,-1.208283,0.000000
0.000000,-2.898226,0.000000
0.000000,-5.159738,0.000000
0.000000,-4.262180,0.000000
0.000000,-4.842880,0.000000
0.000000,-9.048530,0.000000
0.000000,-1.121594,0.000000
0.000000,-5.255024,0.000000
0.000000,-2.210791,0.000000
0.000000,-5.536003,0.000000
0.000000,-3.646234,0.000000
0.000000,4.181956,0.000000
0.000000,-3.588235,0.000000
0.000000,-7.280769,0.000000
0.000000,-4.080890,0.000000
0.000000,-3.139646,0.000000
0.000000,-1.873662,0.000000
0.000000,-3.310879,0.000000
0.000000,-3.476586,0.000000
0.000000,-14.024552,0.000000
0.000000,-4.148281,0.000000
0.000000,-6.730985,0.000000
0.000000,-4.480323,0.000000
0.000000,-5.331068,0.000000
0.000000,-8.064423,0.000000
0.000000,-6.844606,0.000000
0.000000,-8.938219,0.000000
0.000000,-9.312580,0.000000
0.000000,-11.280642,0.000000
0.000000,-12.608265,0.000000
0.000000,-7.888989,0.000000
0.000000,-8.451850,0.000000
0.000000,-9.959684,0.000000
0.000000,-10.345750,0.000000
0.000000,-10.290031,0.000000
0.000000,-12.324843,0.000000
0.000000,-12.130604,0.000000
0.000000,-12.970628,0.000000
0.000000,-11.240174,0.000000
0.000000,-15.371593,0.000000
0.000000,-8.230753,0.000000
0.000000,-7.870164,0.000000
0.000000,-6.726946,0.000000
0.000000,-7.913089,0.000000
0.000000,-8.269330,0.000000
0.000000,-6.040910,0.000000
0.000000,-7.664423,0.000000
0.000000,-8.879619,0.000000
0.000000,-12.108704,0.000000
0.000000,-3.511085,0.000000
0.000000,-9.012560,0.000000
0.000000,-5.851160,0.000000
0.000000,-7.058275,0.000000
0.000000,-6.359177,0.000000
0.000000,-7.618657,0.000000
0.000000,-0.872636,0.000000
0.000000,0.556511,0.000000
0.000000,-15.018658,0.000000
0.000000,-2.282313,0.000000
0.000000,-2.950861,0.000000
0.000000,-1.939612,0.000000
0.000000,-4.592246,0.000000
0.000000,-4.898399,0.000000
0.000000,-5.035845,0.000000
0.000000,-0.829215,0.000000
0.000000,-2.934607,0.000000
0.000000,-3.205861,0.000000
0.000000,-1.563950,0.000000
0.000000,-0.445800,0.000000
0.000000,-2.101941,0.000000
0.000000,-3.228764,0.000000
0.000000,-2.308612,0.000000
0.000000,-9.257068,0.000000
0.000000,-4.066079,0.000000
0.000000,-1.701743,0.000000
0.000000,-2.144908,0.000000
0.000000,-0.920316,0.000000
0.000000,2.595072,0.000000
0.000000,-0.169605,0.000000
0.000000,-0.587507,0.000000
0.000000,-1.858521,0.000000
0.000000,2.355689,0.000000
0.000000,-2.322736,0.000000
0.000000,-4.171480,0.000000
0.000000,-5.112140,0.000000
0.000000,-5.611461,0.000000
0.000000,-6.514299,0.000000
0.000000,-4.593999,0.000000
0.000000,0.337361,0.000000
0.000000,-12.461156,0.000000
0.000000,-2.782126,0.000000
0.000000,-6.035208,0.000000
0.000000,-1.688252,0.000000
0.000000,8.316187,0.000000
0.000000,-1.348838,0.000000
0.000000,1.037422,0.000000
0.000000,-3.136475,0.000000
0.000000,-10.904697,0.000000
0.000000,-2.982398,0.000000
0.000000,-12.846800,0.000000
0.000000,-8.216178,0.000000
0.000000,-9.255539,0.000000
0.000000,-10.877415,0.000000
0.000000,-16.325980,0.000000
0.000000,-25.500965,0.000000
0.000000,-31.605303,0.000000
0.000000,-30.772778,0.000000
0.000000,-35.362400,0.000000
0.000000,-22.467264,0.000000
0.000000,-14.141251,0.000000
0.000000,-17.654518,0.000000
0.000000,-30.206053,0.000000
0.000000,-13.563337,0.000000
0.000000,-19.040810,0.000000
0.000000,-23.944430,0.000000
0.000000,-21.245157,0.000000
0.000000,-38.093323,0.000000
0.000000,-45.754932,0.000000
0.000000,-50.781708,0.000000
0.000000,-57.969517,0.000000
0.000000,-55.014553,0.000000
0.000000,-53.577644,0.000000
0.000000,-48.600910,0.000000
0.000000,-54.044940,0.000000
0.000000,-64.229860,0.000000
0.000000,-64.821140,0.000000
0.000000,-60.305664,0.000000
0.000000,-64.698260,0.000000
0.000000,-61.285270,0.000000
0.000000,-59.939827,0.000000
0.000000,-68.644670,0.000000
0.000000,-61.198135,0.000000
0.000000,-68.840680,0.000000
0.000000,-73.820595,0.000000
0.000000,-75.180200,0.000000
0.000000,-72.172370,0.000000
0.000000,-72.086040,0.000000
0.000000,-70.968300,0.000000
0.000000,-72.879310,0.000000
0.000000,-76.268450,0.000000
0.000000,-71.283300,0.000000
0.000000,-67.921745,0.000000
0.000000,-67.828690,0.000000
0.000000,-66.736400,0.000000
0.000000,-73.905050,0.000000
0.000000,-72.277480,0.000000
0.000000,-61.747868,0.000000
0.000000,-58.779423,0.000000
0.000000,-61.276062,0.000000
0.000000,-61.961250,0.000000
0.000000,-58.276540,0.000000
0.000000,-58.133358,0.000000
0.000000,-61.047314,0.000000
0.000000,-47.454693,0.000000
0.000000,-48.480774,0.000000
0.000000,-33.700417,0.000000
0.000000,-18.770344,0.000000
0.000000,-24.081080,0.000000
0.000000,-25.730051,0.000000
0.000000,-26.248413,0.000000
0.000000,-24.370070,0.000000
0.000000,-23.851090,0.000000
0.000000,-19.963604,0.000000
0.000000,-17.608095,0.000000
0.000000,-22.223497,0.000000
0.000000,-20.415688,0.000000
0.000000,-16.303856,0.000000
0.000000,-9.489118,0.000000
0.000000,-24.705872,0.000000
0.000000,-12.254134,0.000000
0.000000,-14.689944,0.000000
0.000000,-5.049307,0.000000
0.000000,15.032326,0.000000
0.000000,10.412724,0.000000
0.000000,6.194442,0.000000
0.000000,4.762762,0.000000
0.000000,9.958308,0.000000
0.000000,15.942986,0.000000
0.000000,21.121720,0.000000
0.000000,17.958950,0.000000
0.000000,22.156094,0.000000
0.000000,25.591309,0.000000
0.000000,26.855303,0.000000
0.000000,39.848846,0.000000
0.000000,31.559221,0.000000
0.000000,47.158283,0.000000
0.000000,54.517980,0.000000
0.000000,40.750546,0.000000
0.000000,51.310287,0.000000
0.000000,56.107050,0.000000
0.000000,55.879612,0.000000
0.000000,57.651394,0.000000
0.000000,53.240086,0.000000
0.000000,54.756010,0.000000
0.000000,52.079327,0.000000
0.000000,50.168526,0.000000
0.000000,46.311047,0.000000
0.000000,47.645214,0.000000
0.000000,45.366146,0.000000
0.000000,23.546942,0.000000
0.000000,19.166140,0.000000
0.000000,25.272920,0.000000
0.000000,22.868550,0.000000
0.000000,44.313010,0.000000
0.000000,40.042010,0.000000
0.000000,32.256540,0.000000
0.000000,20.924765,0.000000
0.000000,23.341427,0.000000
0.000000,24.306181,0.000000
0.000000,25.095518,0.000000
0.000000,25.841331,0.000000
0.000000,24.654287,0.000000
0.000000,27.700136,0.000000
0.000000,27.754630,0.000000
0.000000,27.940624,0.000000
0.000000,29.090591,0.000000
0.000000,47.699352,0.000000
0.000000,49.058690,0.000000
0.000000,52.103283,0.000000
0.000000,51.351665,0.000000
0.000000,52.346832,0.000000
0.000000,52.388756,0.000000
0.000000,53.030083,0.000000
0.000000,52.481464,0.000000
0.000000,48.097862,0.000000
0.000000,48.138500,0.000000
0.000000,42.302630,0.000000
0.000000,45.655247,0.000000
0.000000,44.613500,0.000000
0.000000,44.339195,0.000000
0.000000,43.747562,0.000000
0.000000,45.750328,0.000000
0.000000,41.013294,0.000000
0.000000,38.771366,0.000000
0.000000,41.478410,0.000000
0.000000,39.222485,0.000000
0.000000,35.109570,0.000000
0.000000,39.527092,0.000000
0.000000,31.845430,0.000000
0.000000,28.125381,0.000000
0.000000,31.851522,0.000000
0.000000,16.039740,0.000000
0.000000,16.500584,0.000000
0.000000,12.218529,0.000000
0.000000,12.618588,0.000000
0.000000,14.074786,0.000000
0.000000,18.641005,0.000000
0.000000,15.199540,0.000000
0.000000,23.447853,0.000000
0.000000,16.043812,0.000000
0.000000,26.568552,0.000000
0.000000,18.407890,0.000000
0.000000,14.246864,0.000000
0.000000,15.516653,0.000000
0.000000,13.457462,0.000000
0.000000,17.055935,0.000000
0.000000,19.732645,0.000000
0.000000,17.793558,0.000000
0.000000,20.634192,0.000000
0.000000,20.811869,0.000000
0.000000,16.897528,0.000000
0.000000,22.199047,0.000000
0.000000,3.774185,0.000000
0.000000,17.155931,0.000000
0.000000,15.438348,0.000000
0.000000,15.533900,0.000000
0.000000,17.682951,0.000000
0.000000,14.446427,0.000000
0.000000,13.566484,0.000000
0.000000,13.120453,0.000000
0.000000,14.368299,0.000000
0.000000,13.636362,0.000000
0.000000,13.722162,0.000000
0.000000,13.174139,0.000000
0.000000,14.604521,0.000000
0.000000,13.267315,0.000000
0.000000,13.233581,0.000000
0.000000,13.277662,0.000000
0.000000,13.058849,0.000000
0.000000,10.790723,0.000000
0.000000,11.378777,0.000000
0.000000,10.279732,0.000000
0.000000,13.991580,0.000000
0.000000,12.579296,0.000000
0.000000,6.443585,0.000000
0.000000,13.800854,0.000000
0.000000,14.069035,0.000000
0.000000,11.879735,0.000000
0.000000,12.665684,0.000000
0.000000,10.980896,0.000000
0.000000,10.502308,0.000000
0.000000,11.405906,0.000000
0.000000,11.842139,0.000000
0.000000,12.088493,0.000000
0.000000,16.285938,0.000000
0.000000,11.037084,0.000000
0.000000,14.779741,0.000000
0.000000,16.248093,0.000000
0.000000,16.510689,0.000000
0.000000,15.654039,0.000000
0.000000,15.916409,0.000000
0.000000,14.052786,0.000000
0.000000,19.681229,0.000000
0.000000,17.654207,0.000000
0.000000,18.023760,0.000000
0.000000,15.977764,0.000000
0.000000,17.928250,0.000000
0.000000,18.010155,0.000000
0.000000,17.239740,0.000000
0.000000,11.329717,0.000000
0.000000,16.292414,0.000000
0.000000,16.478540,0.000000
0.000000,16.338260,0.000000
0.000000,17.808872,0.000000
0.000000,17.795670,0.000000
0.000000,16.925905,0.000000
0.000000,17.842644,0.000000
0.000000,17.375921,0.000000
0.000000,18.227568,0.000000
0.000000,16.648956,0.000000
0.000000,8.391286,0.000000
0.000000,24.239586,0.000000
0.000000,22.555492,0.000000
0.000000,22.446087,0.000000
0.000000,21.535303,0.000000
0.000000,19.409552,0.000000
0.000000,21.765043,0.000000
0.000000,22.682856,0.000000
0.000000,20.165789,0.000000
0.000000,22.584633,0.000000
0.000000,22.542053,0.000000
0.000000,22.719704,0.000000
0.000000,20.844002,0.000000
0.000000,19.455017,0.000000
0.000000,18.319798,0.000000
0.000000,21.346663,0.000000
0.000000,12.210673,0.000000
0.000000,21.919125,0.000000
0.000000,10.706073,0.000000
0.000000,3.928574,0.000000
0.000000,3.835883,0.000000
0.000000,-2.152691,0.000000
0.000000,-3.868793,0.000000
0.000000,-14.250653,0.000000
0.000000,-15.557683,0.000000
0.000000,-6.502191,0.000000
0.000000,-21.387222,0.000000
0.000000,1.952060,0.000000
0.000000,-29.348394,0.000000
0.000000,-33.900910,0.000000
0.000000,-38.075413,0.000000
0.000000,-44.150803,0.000000
0.000000,-61.317142,0.000000
0.000000,-59.891346,0.000000
0.000000,-58.539480,0.000000
0.000000,-59.896263,0.000000
0.000000,-58.460970,0.000000
0.000000,-61.436493,0.000000
0.000000,-61.774067,0.000000
0.000000,-65.104385,0.000000
0.000000,-63.485560,0.000000
0.000000,-62.176655,0.000000
0.000000,-65.648090,0.000000
0.000000,-63.048912,0.000000
0.000000,-59.703760,0.000000
0.000000,-58.837826,0.000000
0.000000,-59.482918,0.000000
0.000000,-63.371570,0.000000
0.000000,-63.344906,0.000000
0.000000,-63.256817,0.000000
0.000000,-62.746030,0.000000
0.000000,-62.183422,0.000000
0.000000,-66.882805,0.000000
0.000000,-59.614580,0.000000
0.000000,-47.689150,0.000000
0.000000,-50.464058,0.000000
0.000000,-58.082222,0.000000
0.000000,-55.993156,0.000000
0.000000,-55.418736,0.000000
0.000000,-59.354576,0.000000
0.000000,-59.306248,0.000000
0.000000,-50.651188,0.000000
0.000000,-51.612220,0.000000
0.000000,-50.154050,0.000000
0.000000,-51.173930,0.000000
0.000000,-52.214333,0.000000
0.000000,-47.187460,0.000000
0.000000,-25.323792,0.000000
0.000000,-16.633268,0.000000
0.000000,-9.458498,0.000000
0.000000,-21.655336,0.000000
0.000000,-31.417988,0.000000
0.000000,-6.358437,0.000000
0.000000,-25.702030,0.000000
0.000000,-20.027214,0.000000
0.000000,-23.359590,0.000000
0.000000,-21.970358,0.000000
0.000000,-17.811560,0.000000
0.000000,-24.921007,0.000000
0.000000,-18.221210,0.000000
0.000000,-15.987006,0.000000
0.000000,-17.514826,0.000000
0.000000,-15.452771,0.000000
0.000000,-13.574109,0.000000
0.000000,-17.065844,0.000000
0.000000,-11.782537,0.000000
0.000000,-8.116182,0.000000
0.000000,-6.908009,0.000000
0.000000,-13.997931,0.000000
0.000000,-2.891796,0.000000
0.000000,-3.846306,0.000000
0.000000,-4.203634,0.000000
0.000000,-2.413159,0.000000
0.000000,-2.848404,0.000000
0.000000,-2.751063,0.000000
0.000000,-1.813000,0.000000
0.000000,-0.294026,0.000000
0.000000,-1.746823,0.000000
0.000000,-2.794064,0.000000
0.000000,-1.554986,0.000000
0.000000,-3.537407,0.000000
0.000000,-4.318180,0.000000
0.000000,-3.154765,0.000000
0.000000,-3.121918,0.000000
0.000000,-3.524944,0.000000
0.000000,-2.564544,0.000000
0.000000,-4.184102,0.000000
0.000000,-5.105660,0.000000
0.000000,-4.766668,0.000000
0.000000,-1.713644,0.000000
0.000000,-5.503956,0.000000
0.000000,-4.575674,0.000000
0.000000,-5.360480,0.000000
0.000000,-5.440550,0.000000
0.000000,-4.587487,0.000000
0.000000,-5.624781,0.000000
0.000000,-6.689599,0.000000
0.000000,-5.708704,0.000000
0.000000,-4.042922,0.000000
0.000000,-3.679150,0.000000
0.000000,-1.088528,0.000000
0.000000,-3.021424,0.000000
0.000000,-0.297201,0.000000
0.000000,6.219140,0.000000
0.000000,9.411344,0.000000
0.000000,8.602003,0.000000
0.000000,8.405161,0.000000
0.000000,11.926069,0.000000
0.000000,19.269186,0.000000
0.000000,23.719353,0.000000
0.000000,22.967154,0.000000
0.000000,28.291498,0.000000
0.000000,27.708355,0.000000
0.000000,27.795103,0.000000
0.000000,30.625874,0.000000
0.000000,28.887596,0.000000
0.000000,26.573680,0.000000
0.000000,34.591713,0.000000
0.000000,33.654210,0.000000
0.000000,42.858627,0.000000
0.000000,43.957430,0.000000
0.000000,45.660816,0.000000
0.000000,50.059196,0.000000
0.000000,42.330770,0.000000
0.000000,48.595978,0.000000
0.000000,43.612190,0.000000
0.000000,42.216705,0.000000
0.000000,46.389180,0.000000
0.000000,44.452620,0.000000
0.000000,41.661022,0.000000
0.000000,43.699345,0.000000
0.000000,41.521610,0.000000
0.000000,47.430874,0.000000
0.000000,41.072720,0.000000
0.000000,35.470673,0.000000
0.000000,47.483128,0.000000
0.000000,47.157960,0.000000
0.000000,38.957844,0.000000
0.000000,49.215010,0.000000
0.000000,43.000650,0.000000
0.000000,42.632504,0.000000
0.000000,28.912000,0.000000
0.000000,25.863182,0.000000
0.000000,24.859436,0.000000
0.000000,25.449894,0.000000
0.000000,34.690617,0.000000
0.000000,34.810696,0.000000
0.000000,36.144867,0.000000
0.000000,33.232407,0.000000
0.000000,31.560938,0.000000
0.000000,44.827812,0.000000
0.000000,42.869854,0.000000
0.000000,40.622417,0.000000
0.000000,41.243073,0.000000
0.000000,39.728745,0.000000
0.000000,42.434578,0.000000
0.000000,40.269077,0.000000
0.000000,41.801260,0.000000
0.000000,33.695220,0.000000
0.000000,30.882895,0.000000
0.000000,29.514698,0.000000
0.000000,29.558277,0.000000
0.000000,31.957151,0.000000
0.000000,29.522419,0.000000
0.000000,29.821558,0.000000
0.000000,32.114395,0.000000
0.000000,28.507814,0.000000
0.000000,26.440504,0.000000
0.000000,26.928467,0.000000
0.000000,25.321150,0.000000
0.000000,23.754948,0.000000
0.000000,23.745434,0.000000
0.000000,23.467550,0.000000
0.000000,20.222822,0.000000
0.000000,20.032251,0.000000
0.000000,19.630188,0.000000
0.000000,20.793383,0.000000
0.000000,21.599285,0.000000
0.000000,22.248264,0.000000
0.000000,14.263646,0.000000
0.000000,18.712881,0.000000
0.000000,17.505539,0.000000
0.000000,22.597340,0.000000
0.000000,6.354989,0.000000
0.000000,6.769445,0.000000
0.000000,10.019426,0.000000
0.000000,9.434211,0.000000
0.000000,0.864888,0.000000
0.000000,-1.725764,0.000000
0.000000,-6.244410,0.000000
0.000000,-2.023388,0.000000
0.000000,-8.782193,0.000000
0.000000,-20.052412,0.000000
0.000000,-12.701165,0.000000
0.000000,-1.979871,0.000000
0.000000,-20.679237,0.000000
0.000000,-25.068958,0.000000
0.000000,-30.501260,0.000000
0.000000,-40.715763,0.000000
0.000000,-43.848293,0.000000
0.000000,-43.028816,0.000000
0.000000,-50.733673,0.000000
0.000000,-55.292534,0.000000
0.000000,-54.970210,0.000000
0.000000,-54.617107,0.000000
0.000000,-55.752575,0.000000
0.000000,-51.837930,0.000000
0.000000,-46.602040,0.000000
0.000000,-50.433440,0.000000
0.000000,-54.603428,0.000000
0.000000,-56.413345,0.000000
0.000000,-57.117960,0.000000
0.000000,-59.088566,0.000000
0.000000,-61.246517,0.000000
0.000000,-62.966515,0.000000
0.000000,-63.169712,0.000000
0.000000,-61.689266,0.000000
0.000000,-65.284740,0.000000
0.000000,-64.713480,0.000000
0.000000,-62.180700,0.000000
0.000000,-60.243100,0.000000
0.000000,-57.512890,0.000000
0.000000,-56.637077,0.000000
0.000000,-58.676838,0.000000
0.000000,-58.764572,0.000000
0.000000,-60.675987,0.000000
0.000000,-62.853676,0.000000
0.000000,-61.651190,0.000000
0.000000,-63.263107,0.000000
0.000000,-61.603527,0.000000
0.000000,-59.992620,0.000000
0.000000,-62.104507,0.000000
0.000000,-64.619110,0.000000
0.000000,-64.989360,0.000000
0.000000,-65.520040,0.000000
0.000000,-65.869120,0.000000
0.000000,-63.826640,0.000000
0.000000,-67.066800,0.000000
0.000000,-64.035630,0.000000
0.000000,-60.648040,0.000000
0.000000,-58.283554,0.000000
0.000000,-63.740997,0.000000
0.000000,-66.119110,0.000000
0.000000,-66.978260,0.000000
0.000000,-67.870210,0.000000
0.000000,-67.854294,0.000000
0.000000,-68.817406,0.000000
0.000000,-66.021800,0.000000
0.000000,-67.728660,0.000000
0.000000,-66.087280,0.000000
0.000000,-63.998460,0.000000
0.000000,-65.799580,0.000000
0.000000,-63.175240,0.000000
0.000000,-65.484250,0.000000
0.000000,-66.204160,0.000000
0.000000,-66.781906,0.000000
0.000000,-67.799060,0.000000
0.000000,-67.605050,0.000000
0.000000,-66.997940,0.000000
0.000000,-67.572150,0.000000
0.000000,-67.506360,0.000000
0.000000,-67.887660,0.000000
0.000000,-68.835380,0.000000
0.000000,-68.912460,0.000000
0.000000,-64.645340,0.000000
0.000000,-67.018140,0.000000
0.000000,-65.997020,0.000000
0.000000,-65.343700,0.000000
0.000000,-63.430923,0.000000
0.000000,-63.619470,0.000000
0.000000,-62.512920,0.000000
0.000000,-62.853400,0.000000
0.000000,-61.636770,0.000000
0.000000,-63.883520,0.000000
0.000000,-65.346115,0.000000
0.000000,-62.890770,0.000000
0.000000,-63.537983,0.000000
0.000000,-66.371760,0.000000
0.000000,-68.232790,0.000000
0.000000,-67.237470,0.000000
0.000000,-61.940063,0.000000
0.000000,-56.789486,0.000000
0.000000,-59.578423,0.000000
0.000000,-65.202130,0.000000
0.000000,-69.382330,0.000000
0.000000,-68.120125,0.000000
0.000000,-69.808014,0.000000
0.000000,-66.504460,0.000000
0.000000,-66.248760,0.000000
0.000000,-63.051834,0.000000
0.000000,-59.768555,0.000000
0.000000,-57.574085,0.000000
0.000000,-57.030457,0.000000
0.000000,-51.155144,0.000000
0.000000,-49.346333,0.000000
0.000000,-50.901950,0.000000
0.000000,-54.070170,0.000000
0.000000,-55.767094,0.000000
0.000000,-59.589806,0.000000
0.000000,-56.429970,0.000000
0.000000,-57.611590,0.000000
0.000000,-51.056873,0.000000
0.000000,-46.882930,0.000000
0.000000,-45.650356,0.000000
0.000000,-41.352676,0.000000
0.000000,-30.797441,0.000000
0.000000,-27.882961,0.000000
0.000000,-32.679974,0.000000
0.000000,-26.226755,0.000000
0.000000,-26.727983,0.000000
0.000000,-23.114138,0.000000
0.000000,-15.799725,0.000000
0.000000,-22.586617,0.000000
0.000000,-36.703110,0.000000
0.000000,-27.906143,0.000000
0.000000,-29.903519,0.000000
0.000000,-23.325615,0.000000
0.000000,-30.885103,0.000000
0.000000,-25.078835,0.000000
0.000000,-29.162523,0.000000
0.000000,-15.513141,0.000000
0.000000,-23.666920,0.000000
0.000000,-10.061348,0.000000
0.000000,-10.428387,0.000000
0.000000,-11.490355,0.000000
0.000000,-10.575918,0.000000
0.000000,-12.087151,0.000000
0.000000,-11.386394,0.000000
0.000000,-16.190676,0.000000
0.000000,-18.022375,0.000000
0.000000,-16.441936,0.000000
0.000000,-13.998051,0.000000
0.000000,-8.979735,0.000000
0.000000,-8.055251,0.000000
0.000000,-6.911800,0.000000
0.000000,-6.140371,0.000000
0.000000,-1.528567,0.000000
0.000000,0.660359,0.000000
0.000000,0.868535,0.000000
0.000000,1.031587,0.000000
0.000000,1.992404,0.000000
0.000000,0.464657,0.000000
0.000000,4.409176,0.000000
0.000000,2.822716,0.000000
0.000000,-2.247777,0.000000
0.000000,-5.679490,0.000000
0.000000,-6.618865,0.000000
0.000000,-10.735106,0.000000
0.000000,-9.843217,0.000000
0.000000,-8.689381,0.000000
0.000000,4.370678,0.000000
0.000000,6.724019,0.000000
0.000000,5.592106,0.000000
0.000000,14.669514,0.000000
0.000000,12.908861,0.000000
0.000000,13.997039,0.000000
0.000000,15.924327,0.000000
0.000000,10.161115,0.000000
0.000000,12.517892,0.000000
0.000000,19.110685,0.000000
0.000000,15.035274,0.000000
0.000000,13.597384,0.000000
0.000000,23.218721,0.000000
0.000000,25.845612,0.000000
0.000000,28.787190,0.000000
0.000000,28.591103,0.000000
0.000000,26.357855,0.000000
0.000000,30.204500,0.000000
0.000000,33.682373,0.000000
0.000000,28.603884,0.000000
0.000000,29.409280,0.000000
0.000000,34.936230,0.000000
0.000000,38.063644,0.000000
0.000000,40.651764,0.000000
0.000000,41.849880,0.000000
0.000000,37.480984,0.000000
0.000000,37.002560,0.000000
0.000000,36.005512,0.000000
0.000000,34.857765,0.000000
0.000000,35.451138,0.000000
0.000000,28.935833,0.000000
0.000000,30.383272,0.000000
0.000000,26.069563,0.000000
0.000000,31.776575,0.000000
0.000000,41.363083,0.000000
0.000000,33.274970,0.000000
0.000000,36.292046,0.000000
0.000000,39.526764,0.000000
0.000000,38.762104,0.000000
0.000000,39.117493,0.000000
0.000000,31.695961,0.000000
0.000000,27.341160,0.000000
0.000000,27.896685,0.000000
0.000000,27.977200,0.000000
0.000000,23.870722,0.000000
0.000000,6.299704,0.000000
0.000000,16.256235,0.000000
0.000000,31.599384,0.000000
0.000000,14.853542,0.000000
0.000000,20.428343,0.000000
0.000000,14.936502,0.000000
0.000000,21.155712,0.000000
0.000000,17.629757,0.000000
0.000000,26.110090,0.000000
0.000000,-6.403703,0.000000
0.000000,28.706589,0.000000
0.000000,31.849365,0.000000
0.000000,21.847511,0.000000
0.000000,-19.671358,0.000000
0.000000,-25.498955,0.000000
0.000000,-24.372082,0.000000
0.000000,-14.635724,0.000000
0.000000,-22.202630,0.000000
0.000000,4.524017,0.000000
0.000000,20.647684,0.000000
0.000000,10.559147,0.000000
0.000000,30.598156,0.000000
0.000000,33.086086,0.000000
0.000000,37.876945,0.000000
0.000000,37.132496,0.000000
0.000000,38.498238,0.000000
0.000000,37.889618,0.000000
0.000000,37.206710,0.000000
0.000000,34.941800,0.000000
0.000000,33.335390,0.000000
0.000000,34.363890,0.000000
0.000000,32.185318,0.000000
0.000000,32.438374,0.000000
0.000000,30.457312,0.000000
0.000000,29.515013,0.000000
0.000000,33.776620,0.000000
0.000000,30.111803,0.000000
0.000000,29.809290,0.000000
0.000000,28.097818,0.000000
0.000000,29.500969,0.000000
0.000000,28.292517,0.000000
0.000000,31.860170,0.000000
0.000000,28.310965,0.000000
0.000000,27.968590,0.000000
0.000000,24.792070,0.000000
0.000000,21.171785,0.000000
0.000000,21.470340,0.000000
0.000000,20.110600,0.000000
0.000000,19.741352,0.000000
0.000000,18.859776,0.000000
0.000000,20.452116,0.000000
0.000000,20.204807,0.000000
0.000000,21.739746,0.000000
0.000000,23.095812,0.000000
0.000000,22.234356,0.000000
0.000000,21.389734,0.000000
0.000000,22.091500,0.000000
0.000000,16.345960,0.000000
0.000000,20.340628,0.000000
0.000000,21.861860,0.000000
0.000000,12.638370,0.000000
0.000000,16.092607,0.000000
0.000000,20.105522,0.000000
0.000000,19.617155,0.000000
0.000000,20.356480,0.000000
0.000000,18.482876,0.000000
0.000000,17.360601,0.000000
0.000000,19.756298,0.000000
0.000000,20.054152,0.000000
0.000000,20.070510,0.000000
0.000000,16.898317,0.000000
0.000000,20.930279,0.000000
0.000000,24.690111,0.000000
0.000000,25.432380,0.000000
0.000000,26.173365,0.000000
0.000000,33.353508,0.000000
0.000000,22.572437,0.000000
0.000000,23.592993,0.000000
0.000000,23.741730,0.000000
0.000000,21.966038,0.000000
0.000000,22.443947,0.000000
0.000000,21.715908,0.000000
0.000000,23.559832,0.000000
0.000000,22.781140,0.000000
0.000000,22.585163,0.000000
0.000000,22.904758,0.000000
0.000000,21.932177,0.000000
0.000000,21.941977,0.000000
0.000000,21.608362,0.000000
0.000000,20.494757,0.000000
0.000000,20.977087,0.000000
0.000000,20.303783,0.000000
0.000000,22.172900,0.000000
0.000000,21.390062,0.000000
0.000000,20.904917,0.000000
0.000000,22.263535,0.000000
0.000000,22.084660,0.000000
0.000000,21.271727,0.000000
0.000000,20.728924,0.000000
0.000000,20.387726,0.000000
0.000000,19.622242,0.000000
0.000000,17.048828,0.000000
0.000000,16.558643,0.000000
0.000000,16.486610,0.000000
0.000000,18.500860,0.000000
0.000000,14.422717,0.000000
0.000000,20.886007,0.000000
0.000000,20.335700,0.000000
0.000000,17.755781,0.000000
0.000000,21.419405,0.000000
0.000000,20.680422,0.000000
0.000000,25.492588,0.000000
0.000000,20.700235,0.000000
0.000000,17.107262,0.000000
0.000000,11.457235,0.000000
0.000000,5.376494,0.000000
0.000000,5.493604,0.000000
0.000000,-3.967264,0.000000
0.000000,-5.722407,0.000000
0.000000,-3.524291,0.000000
0.000000,-1.949342,0.000000
0.000000,-3.151717,0.000000
0.000000,-1.553735,0.000000
0.000000,-3.490180,0.000000
0.000000,-3.354574,0.000000
0.000000,-12.980138,0.000000
0.000000,-13.140930,0.000000
0.000000,-7.995108,0.000000
0.000000,-13.426641,0.000000
0.000000,-25.301813,0.000000
0.000000,-30.023472,0.000000
0.000000,-36.384500,0.000000
0.000000,-53.392770,0.000000
0.000000,-51.421707,0.000000
0.000000,-58.420437,0.000000
0.000000,-59.684160,0.000000
0.000000,-61.598537,0.000000
0.000000,-59.219955,0.000000
0.000000,-61.284540,0.000000
0.000000,-61.523994,0.000000
0.000000,-63.658535,0.000000
0.000000,-67.688850,0.000000
0.000000,-67.219490,0.000000
0.000000,-64.786766,0.000000
0.000000,-65.034676,0.000000
0.000000,-62.170868,0.000000
0.000000,-66.127980,0.000000
0.000000,-66.886505,0.000000
0.000000,-67.841740,0.000000
0.000000,-69.046840,0.000000
0.000000,-66.559586,0.000000
0.000000,-64.985470,0.000000
0.000000,-61.839855,0.000000
0.000000,-63.216750,0.000000
0.000000,-58.542923,0.000000
0.000000,-61.017270,0.000000
0.000000,-47.792496,0.000000
0.000000,-28.573685,0.000000
0.000000,-41.950970,0.000000
0.000000,-53.262768,0.000000
0.000000,-55.912070,0.000000
0.000000,-50.249306,0.000000
0.000000,-51.704254,0.000000
0.000000,-42.837128,0.000000
0.000000,-39.653664,0.000000
0.000000,-38.416798,0.000000
0.000000,-29.887346,0.000000
0.000000,-24.673082,0.000000
0.000000,-21.921711,0.000000
0.000000,-14.948146,0.000000
0.000000,-17.489640,0.000000
0.000000,-13.824988,0.000000
0.000000,-8.659758,0.000000
0.000000,-3.007470,0.000000
0.000000,0.295388,0.000000
0.000000,2.261162,0.000000
0.000000,-5.153432,0.000000
0.000000,-6.858350,0.000000
0.000000,-5.281587,0.000000
0.000000,-4.946963,0.000000
0.000000,-4.320569,0.000000
0.000000,-9.141938,0.000000
0.000000,-2.098741,0.000000
0.000000,-0.203902,0.000000
0.000000,-1.581185,0.000000
0.000000,-0.259272,0.000000
0.000000,3.952597,0.000000
0.000000,2.855966,0.000000
0.000000,5.763273,0.000000
0.000000,6.444159,0.000000
0.000000,6.009834,0.000000
0.000000,11.341776,0.000000
0.000000,17.596767,0.000000
0.000000,15.682982,0.000000
0.000000,16.146110,0.000000
0.000000,16.445130,0.000000
0.000000,18.575390,0.000000
0.000000,23.433857,0.000000
0.000000,14.138543,0.000000
0.000000,14.197388,0.000000
0.000000,11.385645,0.000000
0.000000,13.572761,0.000000
0.000000,18.506887,0.000000
0.000000,14.775146,0.000000
0.000000,18.891123,0.000000
0.000000,12.403630,0.000000
0.000000,11.088155,0.000000
0.000000,11.827207,0.000000
0.000000,11.588960,0.000000
0.000000,13.620169,0.000000
0.000000,11.748834,0.000000
0.000000,13.816960,0.000000
0.000000,12.905307,0.000000
0.000000,14.893211,0.000000
0.000000,14.744156,0.000000
0.000000,14.073364,0.000000
0.000000,12.814287,0.000000
0.000000,23.397154,0.000000
0.000000,16.611658,0.000000
0.000000,19.152945,0.000000
0.000000,13.315484,0.000000
0.000000,19.591864,0.000000
0.000000,20.088085,0.000000
0.000000,13.186797,0.000000
0.000000,14.932840,0.000000
0.000000,16.777044,0.000000
0.000000,18.400915,0.000000
0.000000,11.873788,0.000000
0.000000,17.890446,0.000000
0.000000,18.796602,0.000000
0.000000,17.455225,0.000000
0.000000,17.110157,0.000000
0.000000,14.376583,0.000000
0.000000,12.712315,0.000000
0.000000,12.110259,0.000000
0.000000,17.354292,0.000000
0.000000,14.310902,0.000000
0.000000,12.333035,0.000000
0.000000,11.744321,0.000000
0.000000,11.156269,0.000000
0.000000,10.628241,0.000000
0.000000,10.309796,0.000000
0.000000,10.337348,0.000000
0.000000,11.537530,0.000000
0.000000,15.228567,0.000000
0.000000,11.226152,0.000000
0.000000,11.575898,0.000000
0.000000,11.447210,0.000000
0.000000,9.255940,0.000000
0.000000,8.704513,0.000000
0.000000,9.666086,0.000000
0.000000,9.644953,0.000000
0.000000,10.945398,0.000000
0.000000,10.246294,0.000000
0.000000,11.374654,0.000000
0.000000,11.445002,0.000000
0.000000,11.128200,0.000000
0.000000,10.565378,0.000000
0.000000,12.162974,0.000000
0.000000,11.643713,0.000000
0.000000,10.894105,0.000000
0.000000,10.749198,0.000000
0.000000,9.350033,0.000000
0.000000,10.581804,0.000000
0.000000,7.090560,0.000000
0.000000,10.659184,0.000000
0.000000,9.322998,0.000000
0.000000,11.129546,0.000000
0.000000,12.574278,0.000000
0.000000,12.696524,0.000000
0.000000,14.993008,0.000000
0.000000,11.658158,0.000000
0.000000,11.835278,0.000000
0.000000,10.884491,0.000000
0.000000,11.182209,0.000000
0.000000,12.023818,0.000000
0.000000,11.407224,0.000000
0.000000,11.655557,0.000000
0.000000,10.871612,0.000000
0.000000,9.840861,0.000000
0.000000,9.843777,0.000000
0.000000,3.012017,0.000000
0.000000,10.759977,0.000000
0.000000,7.517995,0.000000
0.000000,6.586532,0.000000
0.000000,6.537815,0.000000
0.000000,6.270711,0.000000
0.000000,7.024783,0.000000
0.000000,7.864569,0.000000
0.000000,7.746950,0.000000
0.000000,6.012885,0.000000
0.000000,4.925230,0.000000
0.000000,5.794883,0.000000
0.000000,3.664156,0.000000
0.000000,2.186101,0.000000
0.000000,3.636317,0.000000
0.000000,-0.758584,0.000000
0.000000,-4.220834,0.000000
0.000000,-5.829623,0.000000
0.000000,-3.566407,0.000000
0.000000,-1.485895,0.000000
0.000000,-5.834468,0.000000
0.000000,-4.531566,0.000000
0.000000,-6.622041,0.000000
0.000000,-5.755955,0.000000
0.000000,-4.333076,0.000000
0.000000,-6.731438,0.000000
0.000000,-6.528771,0.000000
0.000000,-6.450752,0.000000
0.000000,-7.300686,0.000000
0.000000,-10.315332,0.000000
0.000000,-8.407952,0.000000
0.000000,-8.509177,0.000000
0.000000,-7.659281,0.000000
0.000000,-10.181246,0.000000
0.000000,-6.605170,0.000000
0.000000,-6.861149,0.000000
0.000000,-6.786749,0.000000
0.000000,-8.170597,0.000000
0.000000,-6.137968,0.000000
0.000000,-6.094974,0.000000
0.000000,-7.972380,0.000000
0.000000,-6.626891,0.000000
0.000000,-6.335389,0.000000
0.000000,-7.525549,0.000000
0.000000,-6.159988,0.000000
0.000000,-7.475762,0.000000
0.000000,-6.463263,0.000000
0.000000,-4.722933,0.000000
0.000000,-7.417032,0.000000
0.000000,-7.587528,0.000000
0.000000,-6.468508,0.000000
0.000000,-7.906021,0.000000
0.000000,-6.646145,0.000000
0.000000,-6.945869,0.000000
0.000000,-7.857813,0.000000
0.000000,-7.123519,0.000000
0.000000,-8.514901,0.000000
0.000000,-7.860238,0.000000
0.000000,-5.849431,0.000000
0.000000,-5.482444,0.000000
0.000000,-6.528164,0.000000
0.000000,-5.469817,0.000000
0.000000,-0.526365,0.000000
0.000000,3.044135,0.000000
0.000000,5.303539,0.000000
0.000000,9.311635,0.000000
0.000000,9.629089,0.000000
0.000000,7.622227,0.000000
0.000000,8.638258,0.000000
0.000000,9.776482,0.000000
0.000000,9.967821,0.000000
0.000000,17.599825,0.000000
0.000000,10.452697,0.000000
0.000000,6.734571,0.000000
0.000000,12.978340,0.000000
0.000000,20.109700,0.000000
0.000000,26.973100,0.000000
0.000000,33.368680,0.000000
0.000000,30.849327,0.000000
0.000000,28.412975,0.000000
0.000000,31.470322,0.000000
0.000000,24.655075,0.000000
0.000000,27.216913,0.000000
0.000000,27.942510,0.000000
0.000000,32.585693,0.000000
0.000000,29.577723,0.000000
0.000000,34.046310,0.000000
0.000000,39.241924,0.000000
0.000000,43.844868,0.000000
0.000000,39.498430,0.000000
0.000000,43.239480,0.000000
0.000000,42.462020,0.000000
0.000000,42.790590,0.000000
0.000000,42.021164,0.000000
0.000000,46.663506,0.000000
0.000000,51.817554,0.000000
0.000000,50.455788,0.000000
0.000000,48.885212,0.000000
0.000000,50.974720,0.000000
0.000000,47.589573,0.000000
0.000000,31.932858,0.000000
0.000000,51.368546,0.000000
0.000000,52.253140,0.000000
0.000000,51.804592,0.000000
0.000000,53.116930,0.000000
0.000000,51.769127,0.000000
0.000000,53.403584,0.000000
0.000000,50.863922,0.000000
0.000000,52.287525,0.000000
0.000000,48.923733,0.000000
0.000000,50.489086,0.000000
0.000000,44.622890,0.000000
0.000000,47.107105,0.000000
0.000000,24.708483,0.000000
0.000000,32.153152,0.000000
0.000000,24.119982,0.000000
0.000000,34.315390,0.000000
0.000000,24.394316,0.000000
0.000000,25.717833,0.000000
0.000000,46.472840,0.000000
0.000000,45.831863,0.000000
0.000000,45.269157,0.000000
0.000000,49.311134,0.000000
0.000000,48.344770,0.000000
0.000000,49.887140,0.000000
0.000000,53.252490,0.000000
0.000000,55.198380,0.000000
0.000000,54.569828,0.000000
0.000000,51.409134,0.000000
0.000000,40.550710,0.000000
0.000000,43.321300,0.000000
0.000000,38.068870,0.000000
0.000000,32.214565,0.000000
0.000000,32.126180,0.000000
0.000000,35.184963,0.000000
0.000000,35.875515,0.000000
0.000000,33.330307,0.000000
0.000000,33.646110,0.000000
0.000000,37.061010,0.000000
0.000000,39.467777,0.000000
0.000000,36.156246,0.000000
0.000000,41.067814,0.000000
0.000000,40.430140,0.000000
0.000000,39.768390,0.000000
0.000000,40.005375,0.000000
0.000000,38.533867,0.000000
0.000000,38.893936,0.000000
0.000000,35.776993,0.000000
0.000000,37.311954,0.000000
0.000000,34.817790,0.000000
0.000000,33.520267,0.000000
0.000000,32.485430,0.000000
0.000000,33.427055,0.000000
0.000000,35.342674,0.000000
0.000000,34.493885,0.000000
0.000000,34.923714,0.000000
0.000000,32.245990,0.000000
0.000000,32.515923,0.000000
0.000000,32.063340,0.000000
0.000000,28.526491,0.000000
0.000000,29.196154,0.000000
0.000000,31.014282,0.000000
0.000000,31.108772,0.000000
0.000000,30.357859,0.000000
0.000000,31.709406,0.000000
0.000000,32.329952,0.000000
0.000000,31.964130,0.000000
0.000000,31.515364,0.000000
0.000000,30.988050,0.000000
0.000000,31.542662,0.000000
0.000000,30.158878,0.000000
0.000000,31.483467,0.000000
0.000000,30.339504,0.000000
0.000000,28.264643,0.000000
0.000000,28.599445,0.000000
0.000000,26.131178,0.000000
0.000000,26.524708,0.000000
0.000000,27.982628,0.000000
0.000000,28.239038,0.000000
0.000000,29.364690,0.000000
0.000000,26.893078,0.000000
0.000000,27.782660,0.000000
0.000000,28.868097,0.000000
0.000000,28.352394,0.000000
0.000000,28.599440,0.000000
0.000000,27.989330,0.000000
0.000000,29.026274,0.000000
0.000000,28.732813,0.000000
0.000000,28.151876,0.000000
0.000000,28.591616,0.000000
0.000000,30.057411,0.000000
0.000000,26.358023,0.000000
0.000000,29.905922,0.000000
0.000000,31.268524,0.000000
0.000000,27.829190,0.000000
0.000000,29.132437,0.000000
0.000000,29.225435,0.000000
0.000000,30.686440,0.000000
0.000000,30.731928,0.000000
0.000000,30.254913,0.000000
0.000000,18.863780,0.000000
0.000000,28.276827,0.000000
0.000000,28.641882,0.000000
0.000000,31.221975,0.000000
0.000000,29.699106,0.000000
0.000000,30.412360,0.000000
0.000000,28.153955,0.000000
0.000000,28.399780,0.000000
0.000000,26.630693,0.000000
0.000000,27.809502,0.000000
0.000000,25.633707,0.000000
0.000000,28.234514,0.000000
0.000000,27.794828,0.000000
0.000000,29.630610,0.000000
0.000000,28.234045,0.000000
0.000000,30.637165,0.000000
0.000000,29.576662,0.000000
0.000000,30.446861,0.000000
0.000000,28.135317,0.000000
0.000000,28.768152,0.000000
0.000000,27.960669,0.000000
0.000000,27.779512,0.000000
0.000000,25.837908,0.000000
0.000000,26.975190,0.000000
0.000000,24.622536,0.000000
0.000000,26.393232,0.000000
0.000000,24.890900,0.000000
0.000000,22.654844,0.000000
0.000000,24.726414,0.000000
0.000000,24.723686,0.000000
0.000000,19.419367,0.000000
0.000000,30.199305,0.000000
0.000000,11.374267,0.000000
0.000000,25.512600,0.000000
0.000000,24.540327,0.000000
0.000000,23.093248,0.000000
0.000000,22.880966,0.000000
0.000000,26.758615,0.000000
0.000000,22.553762,0.000000
0.000000,20.267530,0.000000
0.000000,24.520157,0.000000
0.000000,25.502518,0.000000
0.000000,13.209698,0.000000
0.000000,24.193604,0.000000
0.000000,20.467585,0.000000
0.000000,20.336714,0.000000
0.000000,26.587904,0.000000
0.000000,23.859300,0.000000
0.000000,24.454212,0.000000
0.000000,24.956554,0.000000
0.000000,24.983158,0.000000
0.000000,23.326649,0.000000
0.000000,24.345404,0.000000
0.000000,23.358662,0.000000
0.000000,24.031887,0.000000
0.000000,26.487291,0.000000
0.000000,25.440264,0.000000
0.000000,24.519361,0.000000
0.000000,4.576703,0.000000
0.000000,21.501507,0.000000
0.000000,25.849035,0.000000
0.000000,19.863152,0.000000
0.000000,17.366083,0.000000
0.000000,16.681004,0.000000
0.000000,18.009914,0.000000
0.000000,23.652775,0.000000
0.000000,22.527815,0.000000
0.000000,22.809698,0.000000
0.000000,25.889292,0.000000
0.000000,18.309195,0.000000
0.000000,18.387653,0.000000
0.000000,29.326480,0.000000
0.000000,19.917620,0.000000
0.000000,18.338320,0.000000
0.000000,18.203796,0.000000
0.000000,17.996042,0.000000
0.000000,16.011898,0.000000
0.000000,16.724848,0.000000
0.000000,17.598694,0.000000
0.000000,16.916132,0.000000
0.000000,18.041050,0.000000
0.000000,17.385881,0.000000
0.000000,15.578705,0.000000
0.000000,14.500404,0.000000
0.000000,15.142698,0.000000
0.000000,10.560558,0.000000
0.000000,9.348816,0.000000
0.000000,8.515395,0.000000
0.000000,7.404763,0.000000
0.000000,9.826377,0.000000
0.000000,14.366009,0.000000
0.000000,8.317946,0.000000
0.000000,8.020170,0.000000
0.000000,6.223225,0.000000
0.000000,7.585765,0.000000
0.000000,6.067506,0.000000
0.000000,6.610970,0.000000
0.000000,7.520319,0.000000
0.000000,3.582244,0.000000
0.000000,8.936534,0.000000
0.000000,4.875288,0.000000
0.000000,2.153334,0.000000
0.000000,4.294568,0.000000
0.000000,2.554239,0.000000
0.000000,1.850702,0.000000
0.000000,7.747190,0.000000
0.000000,1.698884,0.000000
0.000000,6.479360,0.000000
0.000000,2.503448,0.000000
0.000000,3.112989,0.000000
0.000000,2.183530,0.000000
0.000000,0.941239,0.000000
0.000000,7.558839,0.000000
0.000000,2.389589,0.000000
0.000000,-0.476165,0.000000
0.000000,-1.615083,0.000000
0.000000,2.864690,0.000000
0.000000,-4.399340,0.000000
0.000000,1.858996,0.000000
0.000000,1.562802,0.000000
0.000000,7.881581,0.000000
0.000000,0.292480,0.000000
0.000000,-3.145058,0.000000
0.000000,1.243119,0.000000
0.000000,1.786112,0.000000
0.000000,1.542645,0.000000
0.000000,3.378598,0.000000
0.000000,2.916225,0.000000
0.000000,5.372778,0.000000
0.000000,-4.676357,0.000000
0.000000,-2.241301,0.000000
0.000000,-3.641879,0.000000
0.000000,-1.904769,0.000000
0.000000,-1.922622,0.000000
0.000000,-0.358508,0.000000
0.000000,-4.372128,0.000000
0.000000,-1.610602,0.000000
0.000000,-3.805749,0.000000
0.000000,-5.534523,0.000000
0.000000,-9.458462,0.000000
0.000000,-2.440268,0.000000
0.000000,-0.237952,0.000000
0.000000,-1.002293,0.000000
0.000000,1.506013,0.000000
0.000000,2.219352,0.000000
0.000000,1.080098,0.000000
0.000000,15.166331,0.000000
0.000000,-2.128772,0.000000
0.000000,-0.507232,0.000000
0.000000,-0.810454,0.000000
0.000000,1.922895,0.000000
0.000000,-2.244905,0.000000
0.000000,4.678887,0.000000
0.000000,0.345496,0.000000
0.000000,-11.992092,0.000000
0.000000,-16.824900,0.000000
0.000000,-18.272308,0.000000
0.000000,-25.718927,0.000000
0.000000,-42.824400,0.000000
0.000000,-42.638176,0.000000
0.000000,-41.106670,0.000000
0.000000,-37.853970,0.000000
0.000000,-34.482914,0.000000
0.000000,-37.572243,0.000000
0.000000,-29.046133,0.000000
0.000000,-39.948822,0.000000
0.000000,-39.499080,0.000000
0.000000,-39.475502,0.000000
0.000000,-39.619400,0.000000
0.000000,-36.441647,0.000000
0.000000,-38.299630,0.000000
0.000000,-37.712788,0.000000
0.000000,-35.863533,0.000000
0.000000,-34.300360,0.000000
0.000000,-33.992200,0.000000
0.000000,-39.187363,0.000000
0.000000,-41.797160,0.000000
0.000000,-44.774796,0.000000
0.000000,-56.255543,0.000000
0.000000,-37.761460,0.000000
0.000000,-52.186348,0.000000
0.000000,-47.127056,0.000000
0.000000,-46.633102,0.000000
0.000000,-47.048270,0.000000
0.000000,-57.232136,0.000000
0.000000,-53.528667,0.000000
0.000000,-55.889786,0.000000
0.000000,-60.246937,0.000000
0.000000,-57.338320,0.000000
0.000000,-65.800514,0.000000
0.000000,-58.302273,0.000000
0.000000,-45.918144,0.000000
0.000000,-26.400007,0.000000
0.000000,-47.520380,0.000000
0.000000,-65.599650,0.000000
0.000000,-62.093780,0.000000
0.000000,-60.580450,0.000000
0.000000,-57.261360,0.000000
0.000000,-61.021190,0.000000
0.000000,-60.235023,0.000000
0.000000,-61.938580,0.000000
0.000000,-60.997066,0.000000
0.000000,-62.931915,0.000000
0.000000,-65.302860,0.000000
0.000000,-55.160400,0.000000
0.000000,-55.194374,0.000000
0.000000,-56.579716,0.000000
0.000000,-57.851986,0.000000
0.000000,-61.212240,0.000000
0.000000,-55.224500,0.000000
0.000000,-56.046710,0.000000
0.000000,-51.952873,0.000000
0.000000,-55.490300,0.000000
0.000000,-53.322365,0.000000
0.000000,-53.991070,0.000000
0.000000,-54.490364,0.000000
0.000000,-51.502270,0.000000
0.000000,-49.983624,0.000000
0.000000,-48.550850,0.000000
0.000000,-51.121906,0.000000
0.000000,-55.350468,0.000000
0.000000,-56.973430,0.000000
0.000000,-56.566956,0.000000
0.000000,-53.407673,0.000000
0.000000,-48.177910,0.000000
0.000000,-37.057540,0.000000
0.000000,-19.214205,0.000000
0.000000,-8.482398,0.000000
0.000000,-11.323664,0.000000
0.000000,-20.341183,0.000000
0.000000,-26.256388,0.000000
0.000000,-24.255486,0.000000
0.000000,-19.155293,0.000000
0.000000,-13.322021,0.000000
0.000000,-16.441854,0.000000
0.000000,-5.335032,0.000000
0.000000,-4.365138,0.000000
0.000000,-7.224184,0.000000
0.000000,-3.452643,0.000000
0.000000,-1.012789,0.000000
0.000000,-0.557100,0.000000
0.000000,-2.462815,0.000000
0.000000,3.582092,0.000000
0.000000,7.063589,0.000000
0.000000,5.219754,0.000000
0.000000,2.247875,0.000000
0.000000,5.794461,0.000000
0.000000,6.757471,0.000000
0.000000,13.770790,0.000000
0.000000,17.959465,0.000000
0.000000,19.357523,0.000000
0.000000,20.774075,0.000000
0.000000,20.719261,0.000000
0.000000,22.523539,0.000000
0.000000,23.250195,0.000000
0.000000,23.457306,0.000000
0.000000,21.672690,0.000000
0.000000,25.247478,0.000000
0.000000,22.298439,0.000000
0.000000,21.975815,0.000000
0.000000,25.720676,0.000000
0.000000,23.583090,0.000000
0.000000,19.982344,0.000000
0.000000,21.539585,0.000000
0.000000,21.460806,0.000000
0.000000,21.200493,0.000000
0.000000,19.923067,0.000000
0.000000,19.999850,0.000000
0.000000,20.537806,0.000000
0.000000,19.426102,0.000000
0.000000,19.237837,0.000000
0.000000,19.471520,0.000000
0.000000,22.055744,0.000000
0.000000,21.634953,0.000000
0.000000,21.458360,0.000000
0.000000,17.174185,0.000000
0.000000,19.640429,0.000000
0.000000,17.972296,0.000000
0.000000,18.568604,0.000000
0.000000,20.567677,0.000000
0.000000,17.454910,0.000000
0.000000,21.038143,0.000000
0.000000,18.615921,0.000000
0.000000,17.288582,0.000000
0.000000,16.142935,0.000000
0.000000,16.257742,0.000000
0.000000,16.621895,0.000000
0.000000,16.031520,0.000000
0.000000,14.459299,0.000000
0.000000,15.367535,0.000000
0.000000,12.864122,0.000000
0.000000,17.704970,0.000000
0.000000,13.660197,0.000000
0.000000,6.988005,0.000000
0.000000,10.939273,0.000000
0.000000,10.481917,0.000000
0.000000,18.301628,0.000000
0.000000,14.025586,0.000000
0.000000,13.322316,0.000000
0.000000,10.051344,0.000000
0.000000,12.415803,0.000000
0.000000,10.080652,0.000000
0.000000,10.119414,0.000000
0.000000,11.888262,0.000000
0.000000,8.179137,0.000000
0.000000,6.480873,0.000000
0.000000,9.592386,0.000000
0.000000,8.737268,0.000000
0.000000,8.415598,0.000000
0.000000,10.857742,0.000000
0.000000,10.610846,0.000000
0.000000,11.770558,0.000000
0.000000,12.884147,0.000000
0.000000,13.834083,0.000000
0.000000,14.986661,0.000000
0.000000,16.808834,0.000000
0.000000,14.103219,0.000000
0.000000,21.667017,0.000000
0.000000,20.557165,0.000000
0.000000,21.680480,0.000000
0.000000,20.173023,0.000000
0.000000,12.894194,0.000000
0.000000,19.661913,0.000000
0.000000,19.060010,0.000000
0.000000,20.916382,0.000000
0.000000,21.039976,0.000000
0.000000,19.899550,0.000000
0.000000,21.559347,0.000000
0.000000,23.014020,0.000000
0.000000,23.567420,0.000000
0.000000,27.150316,0.000000
0.000000,27.896128,0.000000
0.000000,23.448296,0.000000
0.000000,23.190857,0.000000
0.000000,22.943836,0.000000
0.000000,22.013412,0.000000
0.000000,23.087690,0.000000
0.000000,20.870623,0.000000
0.000000,16.966930,0.000000
0.000000,20.573734,0.000000
0.000000,22.015137,0.000000
0.000000,13.707456,0.000000
0.000000,21.546520,0.000000
0.000000,17.100615,0.000000
0.000000,18.399720,0.000000
0.000000,21.675972,0.000000
0.000000,16.330893,0.000000
0.000000,14.523714,0.000000
0.000000,15.442974,0.000000
0.000000,17.158642,0.000000
0.000000,18.572077,0.000000
0.000000,18.263258,0.000000
0.000000,16.862778,0.000000
0.000000,24.218615,0.000000
0.000000,21.611551,0.000000
0.000000,15.930730,0.000000
0.000000,13.431376,0.000000
0.000000,15.413594,0.000000
0.000000,15.851871,0.000000
0.000000,11.996177,0.000000
0.000000,13.310349,0.000000
0.000000,13.748693,0.000000
0.000000,15.661219,0.000000
0.000000,20.092781,0.000000
0.000000,14.771728,0.000000
0.000000,15.498923,0.000000
0.000000,17.868248,0.000000
0.000000,14.004913,0.000000
0.000000,20.511662,0.000000
0.000000,20.274265,0.000000
0.000000,15.249158,0.000000
0.000000,13.781809,0.000000
0.000000,14.145825,0.000000
0.000000,6.757348,0.000000
0.000000,9.124432,0.000000
0.000000,13.151244,0.000000
0.000000,9.554255,0.000000
0.000000,11.425701,0.000000
0.000000,9.958554,0.000000
0.000000,10.440043,0.000000
0.000000,11.582260,0.000000
0.000000,9.868953,0.000000
0.000000,9.085199,0.000000
0.000000,12.071161,0.000000
0.000000,12.365711,0.000000
0.000000,5.898065,0.000000
0.000000,15.773223,0.000000
0.000000,8.617090,0.000000
0.000000,5.914723,0.000000
0.000000,4.598485,0.000000
0.000000,4.198670,0.000000
0.000000,5.747501,0.000000
0.000000,8.762314,0.000000
0.000000,4.024804,0.000000
0.000000,8.765069,0.000000
0.000000,9.986192,0.000000
0.000000,14.367258,0.000000
0.000000,15.315931,0.000000
0.000000,17.923845,0.000000
0.000000,18.080402,0.000000
0.000000,9.576711,0.000000
0.000000,13.481630,0.000000
0.000000,9.513798,0.000000
0.000000,12.669229,0.000000
0.000000,12.299352,0.000000
0.000000,12.534015,0.000000
0.000000,11.634937,0.000000
0.000000,6.848127,0.000000
0.000000,13.375430,0.000000
0.000000,14.451993,0.000000
0.000000,14.420721,0.000000
0.000000,14.311618,0.000000
0.000000,11.129080,0.000000
0.000000,11.472601,0.000000
0.000000,12.837533,0.000000
0.000000,14.839063,0.000000
0.000000,16.163113,0.000000
0.000000,13.438712,0.000000
0.000000,14.180698,0.000000
0.000000,15.224629,0.000000
0.000000,15.141677,0.000000
0.000000,9.290411,0.000000
0.000000,7.100409,0.000000
0.000000,5.479543,0.000000
0.000000,5.232897,0.000000
0.000000,6.610883,0.000000
0.000000,7.043781,0.000000
0.000000,6.893872,0.000000
0.000000,8.356014,0.000000
0.000000,8.243572,0.000000
0.000000,8.534780,0.000000
0.000000,9.096404,0.000000
0.000000,8.289374,0.000000
0.000000,7.608715,0.000000
0.000000,8.286045,0.000000
0.000000,9.253308,0.000000
0.000000,6.426427,0.000000
0.000000,6.925930,0.000000
0.000000,7.575686,0.000000
0.000000,8.534860,0.000000
0.000000,8.573817,0.000000
0.000000,7.441786,0.000000
0.000000,8.125175,0.000000
0.000000,7.740665,0.000000
0.000000,8.276683,0.000000
0.000000,8.978579,0.000000
0.000000,8.212196,0.000000
0.000000,7.080329,0.000000
0.000000,8.479552,0.000000
0.000000,7.580533,0.000000
0.000000,6.599189,0.000000
0.000000,6.591451,0.000000
0.000000,7.311811,0.000000
0.000000,8.740355,0.000000
0.000000,7.254302,0.000000
0.000000,7.299041,0.000000
0.000000,7.857060,0.000000
0.000000,1.744516,0.000000
0.000000,1.148574,0.000000
0.000000,7.141850,0.000000
0.000000,6.193358,0.000000
0.000000,5.778378,0.000000
0.000000,5.347947,0.000000
0.000000,5.251094,0.000000
0.000000,8.040163,0.000000
0.000000,6.377709,0.000000
0.000000,5.832359,0.000000
0.000000,6.739864,0.000000
0.000000,6.930795,0.000000
0.000000,3.887211,0.000000
0.000000,7.039629,0.000000
0.000000,6.841219,0.000000
0.000000,6.975654,0.000000
0.000000,5.278031,0.000000
0.000000,8.952962,0.000000
0.000000,7.467338,0.000000
0.000000,7.795713,0.000000
0.000000,7.898871,0.000000
0.000000,6.866974,0.000000
0.000000,5.997787,0.000000
0.000000,0.298285,0.000000
0.000000,7.234076,0.000000
0.000000,6.865371,0.000000
0.000000,7.068073,0.000000
0.000000,6.452307,0.000000
0.000000,6.557192,0.000000
0.000000,6.660088,0.000000
0.000000,-0.150073,0.000000
0.000000,7.034452,0.000000
0.000000,8.018672,0.000000
0.000000,6.765710,0.000000
0.000000,6.850878,0.000000
0.000000,4.755117,0.000000
0.000000,5.112679,0.000000
0.000000,4.048770,0.000000
0.000000,5.042761,0.000000
0.000000,7.859690,0.000000
0.000000,5.764710,0.000000
0.000000,8.186864,0.000000
0.000000,6.332808,0.000000
0.000000,6.021453,0.000000
0.000000,7.308486,0.000000
0.000000,8.030274,0.000000
0.000000,8.502721,0.000000
0.000000,7.719605,0.000000
0.000000,8.681200,0.000000
0.000000,8.907349,0.000000
0.000000,5.153259,0.000000
0.000000,9.224968,0.000000
0.000000,7.682592,0.000000
0.000000,8.727770,0.000000
0.000000,10.496984,0.000000
0.000000,9.049533,0.000000
0.000000,10.549293,0.000000
0.000000,7.634680,0.000000
0.000000,10.523545,0.000000
0.000000,10.471229,0.000000
0.000000,10.469033,0.000000
0.000000,10.303943,0.000000
0.000000,10.907958,0.000000
0.000000,11.057726,0.000000
0.000000,9.228945,0.000000
0.000000,10.782941,0.000000
0.000000,8.023491,0.000000
0.000000,7.272862,0.000000
0.000000,8.881837,0.000000
0.000000,8.519478,0.000000
0.000000,5.503484,0.000000
0.000000,8.200059,0.000000
0.000000,6.368197,0.000000
0.000000,7.690906,0.000000
0.000000,5.709745,0.000000
0.000000,3.862639,0.000000
0.000000,9.049776,0.000000
0.000000,9.143965,0.000000
0.000000,9.230962,0.000000
0.000000,9.048976,0.000000
0.000000,8.899857,0.000000
0.000000,8.721085,0.000000
0.000000,8.655476,0.000000
0.000000,9.451523,0.000000
0.000000,9.409689,0.000000
0.000000,9.051424,0.000000
0.000000,8.837594,0.000000
0.000000,7.592642,0.000000
0.000000,8.738418,0.000000
0.000000,8.638741,0.000000
0.000000,8.768522,0.000000
0.000000,5.475770,0.000000
0.000000,9.222832,0.000000
0.000000,8.977289,0.000000
0.000000,9.109226,0.000000
0.000000,7.425979,0.000000
0.000000,8.953401,0.000000
0.000000,8.937461,0.000000
0.000000,8.442155,0.000000
0.000000,8.463147,0.000000
0.000000,8.028421,0.000000
0.000000,8.678733,0.000000
0.000000,10.260548,0.000000
0.000000,8.860202,0.000000
0.000000,7.658493,0.000000
0.000000,8.677731,0.000000
0.000000,8.531670,0.000000
0.000000,5.087192,0.000000
0.000000,9.392270,0.000000
0.000000,8.798578,0.000000
0.000000,9.123377,0.000000
0.000000,8.795131,0.000000
0.000000,-1.652376,0.000000
0.000000,8.241633,0.000000
0.000000,6.038327,0.000000
0.000000,8.555804,0.000000
0.000000,8.411499,0.000000
0.000000,8.408222,0.000000
0.000000,6.158522,0.000000
0.000000,9.632503,0.000000
0.000000,9.099347,0.000000
0.000000,9.188227,0.000000
0.000000,9.401503,0.000000
0.000000,9.914322,0.000000
0.000000,8.009716,0.000000
0.000000,8.846319,0.000000
0.000000,10.101503,0.000000
0.000000,10.144075,0.000000
0.000000,0.173588,0.000000
0.000000,9.620594,0.000000
0.000000,8.966165,0.000000
0.000000,8.587363,0.000000
0.000000,8.050148,0.000000
0.000000,7.562387,0.000000
0.000000,8.514594,0.000000
0.000000,8.133949,0.000000
0.000000,8.397947,0.000000
0.000000,8.168455,0.000000
0.000000,6.808402,0.000000
0.000000,6.653068,0.000000
0.000000,9.239834,0.000000
0.000000,2.957030,0.000000
0.000000,7.152072,0.000000
0.000000,8.683556,0.000000
0.000000,8.115080,0.000000
0.000000,7.435999,0.000000
0.000000,7.138128,0.000000
0.000000,7.571101,0.000000
0.000000,7.572151,0.000000
0.000000,7.905270,0.000000
0.000000,7.768611,0.000000
0.000000,7.636430,0.000000
0.000000,9.440831,0.000000
0.000000,8.707643,0.000000
0.000000,8.636928,0.000000
0.000000,2.199021,0.000000
0.000000,7.918756,0.000000
0.000000,8.665362,0.000000
0.000000,9.002254,0.000000
0.000000,7.093341,0.000000
0.000000,7.886584,0.000000
0.000000,9.778645,0.000000
0.000000,8.707253,0.000000
0.000000,8.029681,0.000000
0.000000,8.580828,0.000000
0.000000,8.545181,0.000000
0.000000,4.768546,0.000000
0.000000,9.142945,0.000000
0.000000,1.404784,0.000000
0.000000,9.160945,0.000000
0.000000,6.872645,0.000000
0.000000,7.942920,0.000000
0.000000,7.976354,0.000000
0.000000,7.863415,0.000000
0.000000,7.289014,0.000000
0.000000,7.570203,0.000000
0.000000,8.415813,0.000000
0.000000,10.068627,0.000000
0.000000,12.603914,0.000000
0.000000,13.146918,0.000000
0.000000,13.680037,0.000000
0.000000,15.065482,0.000000
0.000000,14.237108,0.000000
0.000000,12.309911,0.000000
0.000000,12.519527,0.000000
0.000000,15.833239,0.000000
0.000000,13.451214,0.000000
0.000000,14.544381,0.000000
0.000000,18.357119,0.000000
0.000000,17.611668,0.000000
0.000000,16.762444,0.000000
0.000000,19.616934,0.000000
0.000000,24.851276,0.000000
0.000000,29.466003,0.000000
0.000000,27.302430,0.000000
0.000000,32.560900,0.000000
0.000000,35.413654,0.000000
0.000000,37.046940,0.000000
0.000000,25.064125,0.000000
0.000000,44.967080,0.000000
0.000000,48.482094,0.000000
0.000000,52.888226,0.000000
0.000000,51.263756,0.000000
0.000000,45.138363,0.000000
0.000000,41.495630,0.000000
0.000000,44.612250,0.000000
0.000000,46.212738,0.000000
0.000000,48.231136,0.000000
0.000000,48.552120,0.000000
0.000000,47.281445,0.000000
0.000000,52.435600,0.000000
0.000000,52.735703,0.000000
0.000000,49.798820,0.000000
0.000000,54.001610,0.000000
0.000000,51.493523,0.000000
0.000000,53.079536,0.000000
0.000000,53.516235,0.000000
0.000000,52.897690,0.000000
0.000000,50.896270,0.000000
0.000000,52.472248,0.000000
0.000000,52.813797,0.000000
0.000000,52.482517,0.000000
0.000000,47.254723,0.000000
0.000000,47.319650,0.000000
0.000000,44.265182,0.000000
0.000000,44.602997,0.000000
0.000000,45.496630,0.000000
0.000000,48.968533,0.000000
0.000000,45.592384,0.000000
0.000000,46.326054,0.000000
0.000000,45.823430,0.000000
0.000000,48.216606,0.000000
0.000000,48.154950,0.000000
0.000000,44.345450,0.000000
0.000000,48.399770,0.000000
0.000000,50.770355,0.000000
0.000000,51.585228,0.000000
0.000000,46.217870,0.000000
0.000000,53.124763,0.000000
0.000000,48.497140,0.000000
0.000000,49.083546,0.000000
0.000000,43.910637,0.000000
0.000000,45.145485,0.000000
0.000000,41.240673,0.000000
0.000000,44.635403,0.000000
0.000000,50.846764,0.000000
0.000000,48.009630,0.000000
0.000000,44.818974,0.000000
0.000000,42.944700,0.000000
0.000000,39.094162,0.000000
0.000000,37.406986,0.000000
0.000000,38.229137,0.000000
0.000000,38.098730,0.000000
0.000000,39.195545,0.000000
0.000000,39.892826,0.000000
0.000000,35.762337,0.000000
0.000000,31.988167,0.000000
0.000000,31.319120,0.000000
0.000000,30.106081,0.000000
0.000000,24.891690,0.000000
0.000000,27.125704,0.000000
0.000000,22.802704,0.000000
0.000000,19.514984,0.000000
0.000000,16.877462,0.000000
0.000000,19.416334,0.000000
0.000000,20.736649,0.000000
0.000000,21.943260,0.000000
0.000000,18.191816,0.000000
0.000000,14.472446,0.000000
0.000000,24.279812,0.000000
0.000000,24.641283,0.000000
0.000000,22.014736,0.000000
0.000000,22.588848,0.000000
0.000000,22.166286,0.000000
0.000000,20.697931,0.000000
0.000000,20.993360,0.000000
0.000000,21.951263,0.000000
0.000000,19.259922,0.000000
0.000000,20.627825,0.000000
0.000000,17.147720,0.000000
0.000000,21.189880,0.000000
0.000000,20.272606,0.000000
0.000000,20.651552,0.000000
0.000000,21.472824,0.000000
0.000000,21.862760,0.000000
0.000000,21.433819,0.000000
0.000000,13.545452,0.000000
0.000000,20.498440,0.000000
0.000000,20.670832,0.000000
0.000000,17.939247,0.000000
0.000000,20.224300,0.000000
0.000000,16.060530,0.000000
0.000000,12.180069,0.000000
0.000000,12.366110,0.000000
0.000000,12.027718,0.000000
0.000000,9.431503,0.000000
0.000000,4.171795,0.000000
0.000000,9.204445,0.000000
0.000000,11.740773,0.000000
0.000000,6.277265,0.000000
0.000000,8.051853,0.000000
0.000000,6.037700,0.000000
0.000000,2.512786,0.000000
0.000000,1.826867,0.000000
0.000000,-2.784320,0.000000
0.000000,2.944768,0.000000
0.000000,6.255341,0.000000
0.000000,7.724415,0.000000
0.000000,0.943708,0.000000
0.000000,9.582552,0.000000
0.000000,-1.773339,0.000000
0.000000,0.642467,0.000000
0.000000,-0.710868,0.000000
0.000000,-0.604712,0.000000
0.000000,4.502376,0.000000
0.000000,0.835067,0.000000
0.000000,1.417428,0.000000
0.000000,3.726199,0.000000
0.000000,0.807853,0.000000
0.000000,-6.535267,0.000000
0.000000,-18.020958,0.000000
0.000000,-11.713976,0.000000
0.000000,-12.160431,0.000000
0.000000,-19.242985,0.000000
0.000000,-26.754190,0.000000
0.000000,-21.998232,0.000000
0.000000,-20.102308,0.000000
0.000000,-26.745780,0.000000
0.000000,-33.863194,0.000000
0.000000,-39.061188,0.000000
0.000000,-42.939440,0.000000
0.000000,-45.443752,0.000000
0.000000,-45.076065,0.000000
0.000000,-44.971043,0.000000
0.000000,-48.974567,0.000000
0.000000,-48.038900,0.000000
0.000000,-48.965590,0.000000
0.000000,-51.794610,0.000000
0.000000,-46.095177,0.000000
0.000000,-49.303715,0.000000
0.000000,-51.808163,0.000000
0.000000,-54.776210,0.000000
0.000000,-61.529133,0.000000
0.000000,-60.862694,0.000000
0.000000,-60.559013,0.000000
0.000000,-60.343740,0.000000
0.000000,-56.705730,0.000000
0.000000,-56.552280,0.000000
0.000000,-60.000874,0.000000
0.000000,-60.274258,0.000000
0.000000,-60.146214,0.000000
0.000000,-56.468723,0.000000
0.000000,-55.211315,0.000000
0.000000,-56.495310,0.000000
0.000000,-57.619606,0.000000
0.000000,-56.370323,0.000000
0.000000,-52.372288,0.000000
0.000000,-55.542080,0.000000
0.000000,-60.683660,0.000000
0.000000,-63.999825,0.000000
0.000000,-66.136375,0.000000
0.000000,-67.016400,0.000000
0.000000,-63.485844,0.000000
0.000000,-61.246426,0.000000
0.000000,-58.159410,0.000000
0.000000,-56.572426,0.000000
0.000000,-52.784000,0.000000
0.000000,-56.486570,0.000000
0.000000,-53.235380,0.000000
0.000000,-46.181404,0.000000
0.000000,-42.706017,0.000000
0.000000,-30.682636,0.000000
0.000000,-27.879461,0.000000
0.000000,-21.083363,0.000000
0.000000,-12.966912,0.000000
0.000000,-21.715185,0.000000
0.000000,-2.524964,0.000000
0.000000,-23.989943,0.000000
0.000000,-22.204021,0.000000
0.000000,-19.891659,0.000000
0.000000,-20.863220,0.000000
0.000000,-20.584616,0.000000
0.000000,-21.290485,0.000000
0.000000,-19.000475,0.000000
0.000000,-16.510756,0.000000
0.000000,-6.007106,0.000000
0.000000,-4.443416,0.000000
0.000000,-15.199295,0.000000
0.000000,-12.660337,0.000000
0.000000,-5.187657,0.000000
0.000000,-5.837054,0.000000
0.000000,-6.899893,0.000000
0.000000,-6.762137,0.000000
0.000000,-5.727829,0.000000
0.000000,-6.483970,0.000000
0.000000,-9.351603,0.000000
0.000000,-6.085841,0.000000
0.000000,-3.567483,0.000000
0.000000,-4.702016,0.000000
0.000000,-7.114738,0.000000
0.000000,-4.458457,0.000000
0.000000,-6.562163,0.000000
0.000000,-3.834019,0.000000
0.000000,-2.131407,0.000000
0.000000,2.906424,0.000000
0.000000,5.084767,0.000000
0.000000,13.193181,0.000000
0.000000,15.352561,0.000000
0.000000,13.343115,0.000000
0.000000,16.492357,0.000000
0.000000,12.322556,0.000000
0.000000,12.940558,0.000000
0.000000,13.510051,0.000000
0.000000,10.634368,0.000000
0.000000,14.138888,0.000000
0.000000,16.109428,0.000000
0.000000,13.419917,0.000000
0.000000,14.035751,0.000000
0.000000,11.502559,0.000000
0.000000,17.952278,0.000000
0.000000,14.300486,0.000000
0.000000,26.401735,0.000000
0.000000,16.637571,0.000000
0.000000,16.782755,0.000000
0.000000,18.606130,0.000000
0.000000,30.431307,0.000000
0.000000,26.075462,0.000000
0.000000,29.648950,0.000000
0.000000,29.736820,0.000000
0.000000,26.911036,0.000000
0.000000,26.267560,0.000000
0.000000,26.387766,0.000000
0.000000,29.320870,0.000000
0.000000,30.043190,0.000000
0.000000,29.487667,0.000000
0.000000,31.469833,0.000000
0.000000,28.301070,0.000000
0.000000,30.925514,0.000000
0.000000,33.252583,0.000000
0.000000,32.064026,0.000000
0.000000,44.616280,0.000000
0.000000,46.833874,0.000000
0.000000,51.572098,0.000000
0.000000,44.880913,0.000000
0.000000,52.159782,0.000000
0.000000,52.923020,0.000000
0.000000,46.286415,0.000000
0.000000,48.767650,0.000000
0.000000,44.893630,0.000000
0.000000,43.177353,0.000000
0.000000,45.230614,0.000000
0.000000,49.294308,0.000000
0.000000,51.156197,0.000000
0.000000,53.847427,0.000000
0.000000,53.175070,0.000000
0.000000,53.486874,0.000000
0.000000,53.696556,0.000000
0.000000,53.574757,0.000000
0.000000,52.165012,0.000000
0.000000,52.713165,0.000000
0.000000,52.405872,0.000000
0.000000,50.926983,0.000000
0.000000,50.810837,0.000000
0.000000,50.697712,0.000000
0.000000,49.981716,0.000000
0.000000,49.300594,0.000000
0.000000,48.643085,0.000000
0.000000,48.627083,0.000000
0.000000,47.697037,0.000000
0.000000,48.427643,0.000000
0.000000,46.549170,0.000000
0.000000,47.591610,0.000000
0.000000,49.222054,0.000000
0.000000,45.051890,0.000000
0.000000,44.824260,0.000000
0.000000,45.624542,0.000000
0.000000,22.683650,0.000000
0.000000,46.333366,0.000000
0.000000,19.486845,0.000000
0.000000,24.050830,0.000000
0.000000,24.823505,0.000000
0.000000,48.698280,0.000000
0.000000,51.718180,0.000000
0.000000,52.915860,0.000000
0.000000,50.671284,0.000000
0.000000,48.497110,0.000000
0.000000,51.643288,0.000000
0.000000,48.509907,0.000000
0.000000,44.266224,0.000000
0.000000,41.928870,0.000000
0.000000,41.041595,0.000000
0.000000,36.152527,0.000000
0.000000,27.717556,0.000000
0.000000,30.064460,0.000000
0.000000,32.942917,0.000000
0.000000,39.238094,0.000000
0.000000,43.187645,0.000000
0.000000,44.262646,0.000000
0.000000,40.415092,0.000000
0.000000,37.141014,0.000000
0.000000,41.222400,0.000000
0.000000,36.899380,0.000000
0.000000,34.711610,0.000000
0.000000,33.260696,0.000000
0.000000,32.138714,0.000000
0.000000,31.436167,0.000000
0.000000,33.849840,0.000000
0.000000,33.945396,0.000000
0.000000,32.657383,0.000000
0.000000,28.307035,0.000000
0.000000,34.427440,0.000000
0.000000,31.945590,0.000000
0.000000,32.362953,0.000000
0.000000,29.462715,0.000000
0.000000,29.283165,0.000000
0.000000,29.019680,0.000000
0.000000,30.484665,0.000000
0.000000,32.226505,0.000000
0.000000,31.607487,0.000000
0.000000,32.053062,0.000000
0.000000,30.253958,0.000000
0.000000,30.775171,0.000000
0.000000,31.631996,0.000000
0.000000,30.654474,0.000000
0.000000,30.720371,0.000000
0.000000,25.121235,0.000000
0.000000,30.913280,0.000000
0.000000,28.010988,0.000000
0.000000,30.710009,0.000000
0.000000,29.564793,0.000000
0.000000,28.598974,0.000000
0.000000,26.129992,0.000000
0.000000,20.228441,0.000000
0.000000,20.811405,0.000000
0.000000,21.684404,0.000000
0.000000,20.790602,0.000000
0.000000,23.209913,0.000000
0.000000,21.630732,0.000000
0.000000,20.263119,0.000000
0.000000,20.850971,0.000000
0.000000,21.353228,0.000000
0.000000,18.551950,0.000000
0.000000,19.753544,0.000000
0.000000,14.798524,0.000000
0.000000,18.033833,0.000000
0.000000,11.439727,0.000000
0.000000,15.518253,0.000000
0.000000,13.405862,0.000000
0.000000,14.180103,0.000000
0.000000,12.834740,0.000000
0.000000,10.625931,0.000000
0.000000,10.571281,0.000000
0.000000,4.788658,0.000000
0.000000,3.744580,0.000000
0.000000,4.365004,0.000000
0.000000,-2.067782,0.000000
0.000000,-1.948816,0.000000
0.000000,-1.550134,0.000000
0.000000,-9.428265,0.000000
0.000000,-7.528227,0.000000
0.000000,-11.572450,0.000000
0.000000,-12.611796,0.000000
0.000000,-11.082018,0.000000
0.000000,-8.480314,0.000000
0.000000,-8.862094,0.000000
0.000000,-9.402047,0.000000
0.000000,2.830851,0.000000
0.000000,-3.150012,0.000000
0.000000,-7.450911,0.000000
0.000000,-5.279832,0.000000
0.000000,-2.598978,0.000000
0.000000,-2.984263,0.000000
0.000000,2.879032,0.000000
0.000000,2.968633,0.000000
0.000000,3.178100,0.000000
0.000000,1.753549,0.000000
0.000000,2.035625,0.000000
0.000000,-2.041346,0.000000
0.000000,0.916457,0.000000
0.000000,6.402195,0.000000
0.000000,2.645556,0.000000
0.000000,4.910428,0.000000
0.000000,5.638052,0.000000
0.000000,6.186876,0.000000
0.000000,4.674392,0.000000
0.000000,5.290789,0.000000
0.000000,5.604763,0.000000
0.000000,6.766485,0.000000
0.000000,6.717023,0.000000
0.000000,5.550143,0.000000
0.000000,7.053616,0.000000
0.000000,8.192659,0.000000
0.000000,7.182482,0.000000
0.000000,7.417881,0.000000
0.000000,6.497521,0.000000
0.000000,7.553986,0.000000
0.000000,7.177870,0.000000
0.000000,6.842119,0.000000
0.000000,6.928060,0.000000
0.000000,7.255028,0.000000
0.000000,7.733214,0.000000
0.000000,5.452202,0.000000
0.000000,6.761712,0.000000
0.000000,5.615399,0.000000
0.000000,6.481069,0.000000
0.000000,5.604462,0.000000
0.000000,-6.198225,0.000000
0.000000,4.788543,0.000000
0.000000,-7.065349,0.000000
0.000000,-1.151284,0.000000
0.000000,-1.647652,0.000000
0.000000,-2.058569,0.000000
0.000000,-1.554313,0.000000
0.000000,-1.453887,0.000000
0.000000,-0.402153,0.000000
0.000000,0.219031,0.000000
0.000000,-2.230224,0.000000
0.000000,-0.483665,0.000000
0.000000,-2.804665,0.000000
0.000000,-2.277935,0.000000
0.000000,-2.256540,0.000000
0.000000,-4.274741,0.000000
0.000000,-0.147784,0.000000
0.000000,0.235551,0.000000
0.000000,0.243005,0.000000
0.000000,3.692995,0.000000
0.000000,-2.270500,0.000000
0.000000,0.723007,0.000000
0.000000,3.275884,0.000000
0.000000,3.117720,0.000000
0.000000,-0.500334,0.000000
0.000000,0.703829,0.000000
0.000000,-0.393381,0.000000
0.000000,-1.736406,0.000000
0.000000,-1.923155,0.000000
0.000000,0.206308,0.000000
0.000000,4.177928,0.000000
0.000000,0.530341,0.000000
0.000000,1.485072,0.000000
0.000000,-0.186374,0.000000
0.000000,0.547458,0.000000
0.000000,-6.323609,0.000000
0.000000,0.907144,0.000000
0.000000,-8.876096,0.000000
0.000000,-1.140473,0.000000
0.000000,2.804172,0.000000
0.000000,-0.963947,0.000000
0.000000,0.541101,0.000000
0.000000,-0.115914,0.000000
0.000000,0.246693,0.000000
0.000000,-0.289853,0.000000
0.000000,0.570471,0.000000
0.000000,1.429769,0.000000
0.000000,-0.051434,0.000000
0.000000,1.585965,0.000000
0.000000,0.134512,0.000000
0.000000,2.133982,0.000000
0.000000,1.229255,0.000000
0.000000,-0.166406,0.000000
0.000000,1.968765,0.000000
0.000000,0.064006,0.000000
0.000000,-0.196025,0.000000
0.000000,0.825385,0.000000
0.000000,1.232138,0.000000
0.000000,2.170910,0.000000
0.000000,1.089932,0.000000
0.000000,1.134269,0.000000
0.000000,-0.025338,0.000000
0.000000,0.939214,0.000000
0.000000,0.067772,0.000000
0.000000,2.884016,0.000000
0.000000,3.098053,0.000000
0.000000,3.738823,0.000000
0.000000,1.262994,0.000000
0.000000,2.628057,0.000000
0.000000,1.905449,0.000000
0.000000,-3.348700,0.000000
0.000000,0.148645,0.000000
0.000000,0.727197,0.000000
0.000000,1.062932,0.000000
0.000000,1.084804,0.000000
0.000000,0.797163,0.000000
0.000000,0.357560,0.000000
0.000000,2.352237,0.000000
0.000000,3.905336,0.000000
0.000000,2.837812,0.000000
0.000000,2.333029,0.000000
0.000000,4.008499,0.000000
0.000000,1.725743,0.000000
0.000000,0.985748,0.000000
0.000000,-5.051561,0.000000
0.000000,1.779782,0.000000
0.000000,1.871489,0.000000
0.000000,1.495007,0.000000
0.000000,2.509222,0.000000
0.000000,1.729566,0.000000
0.000000,2.766690,0.000000
0.000000,1.222783,0.000000
0.000000,1.973089,0.000000
0.000000,0.139366,0.000000
0.000000,3.338437,0.000000
0.000000,1.966373,0.000000
0.000000,2.136733,0.000000
0.000000,2.634176,0.000000
0.000000,-4.263549,0.000000
0.000000,1.963314,0.000000
0.000000,2.058938,0.000000
0.000000,2.528566,0.000000
0.000000,-3.419350,0.000000
0.000000,2.124624,0.000000
0.000000,2.120221,0.000000
0.000000,0.337742,0.000000
0.000000,3.606931,0.000000
0.000000,1.714163,0.000000
0.000000,1.093187,0.000000
0.000000,2.816727,0.000000
0.000000,4.531291,0.000000
0.000000,0.653063,0.000000
0.000000,1.315059,0.000000
0.000000,2.960116,0.000000
0.000000,2.794922,0.000000
0.000000,3.206844,0.000000
0.000000,4.542707,0.000000
0.000000,1.952270,0.000000
0.000000,3.368121,0.000000
0.000000,2.262224,0.000000
0.000000,3.564343,0.000000
0.000000,2.930597,0.000000
0.000000,2.349886,0.000000
0.000000,2.249482,0.000000
0.000000,1.452050,0.000000
0.000000,0.906261,0.000000
0.000000,1.689834,0.000000
0.000000,2.218198,0.000000
0.000000,1.553467,0.000000
0.000000,0.750512,0.000000
0.000000,0.963139,0.000000
0.000000,2.011614,0.000000
0.000000,1.982920,0.000000
0.000000,1.776759,0.000000
0.000000,0.957577,0.000000
0.000000,1.137311,0.000000
0.000000,1.077830,0.000000
0.000000,1.091119,0.000000
0.000000,2.804065,0.000000
0.000000,1.715146,0.000000
0.000000,3.695669,0.000000
0.000000,3.065745,0.000000
0.000000,1.345790,0.000000
0.000000,1.042396,0.000000
0.000000,4.416803,0.000000
0.000000,3.560297,0.000000
0.000000,1.444015,0.000000
0.000000,4.168413,0.000000
0.000000,4.627761,0.000000
0.000000,2.875798,0.000000
0.000000,1.624899,0.000000
0.000000,1.275894,0.000000
0.000000,-2.047830,0.000000
0.000000,2.724435,0.000000
0.000000,3.468814,0.000000
0.000000,4.812400,0.000000
0.000000,4.891061,0.000000
0.000000,1.133882,0.000000
0.000000,0.369871,0.000000
0.000000,1.892077,0.000000
0.000000,0.975592,0.000000
0.000000,1.489289,0.000000
0.000000,-0.339031,0.000000
0.000000,0.654840,0.000000
0.000000,-0.204461,0.000000
0.000000,0.809195,0.000000
0.000000,0.489391,0.000000
0.000000,1.037953,0.000000
0.000000,1.457797,0.000000
0.000000,-0.383406,0.000000
0.000000,0.433117,0.000000
0.000000,0.868406,0.000000
0.000000,0.453693,0.000000
0.000000,-0.143100,0.000000
0.000000,-0.138893,0.000000
0.000000,0.378351,0.000000
0.000000,0.979921,0.000000
0.000000,-0.668968,0.000000
0.000000,0.865332,0.000000
0.000000,-1.210977,0.000000
0.000000,-0.099488,0.000000
0.000000,1.015597,0.000000
0.000000,0.115589,0.000000
0.000000,0.096838,0.000000
0.000000,0.978424,0.000000
0.000000,0.829428,0.000000
0.000000,-0.362828,0.000000
0.000000,0.026159,0.000000
0.000000,0.291465,0.000000
0.000000,0.355523,0.000000
0.000000,0.930323,0.000000
0.000000,0.126300,0.000000
0.000000,0.299187,0.000000
0.000000,0.532967,0.000000
0.000000,0.617156,0.000000
0.000000,-0.211971,0.000000
0.000000,1.069928,0.000000
0.000000,0.627182,0.000000
0.000000,-0.050503,0.000000
0.000000,2.339722,0.000000
0.000000,-1.394906,0.000000
0.000000,-1.901602,0.000000
0.000000,-6.121409,0.000000
0.000000,-1.381679,0.000000
0.000000,-4.113604,0.000000
0.000000,-2.986535,0.000000
0.000000,-2.342566,0.000000
0.000000,-4.630316,0.000000
0.000000,-1.712673,0.000000
0.000000,-2.735433,0.000000
0.000000,-1.576557,0.000000
0.000000,-2.683430,0.000000
0.000000,-2.573798,0.000000
0.000000,-3.321770,0.000000
0.000000,-2.609479,0.000000
0.000000,-2.026745,0.000000
0.000000,-2.999921,0.000000
0.000000,-1.643259,0.000000
0.000000,-2.921918,0.000000
0.000000,-2.493086,0.000000
0.000000,-1.892572,0.000000
0.000000,-4.089971,0.000000
0.000000,-3.082588,0.000000
0.000000,-3.436925,0.000000
0.000000,-3.021795,0.000000
0.000000,-2.088107,0.000000
0.000000,-1.767748,0.000000
0.000000,-2.180539,0.000000
0.000000,-2.727536,0.000000
0.000000,-2.293678,0.000000
0.000000,-2.377461,0.000000
0.000000,-2.491777,0.000000
0.000000,-1.763341,0.000000
0.000000,-2.613942,0.000000
0.000000,-1.075506,0.000000
0.000000,-1.338210,0.000000
0.000000,-2.036800,0.000000
0.000000,-3.310309,0.000000
0.000000,-2.882396,0.000000
0.000000,-1.521431,0.000000
0.000000,-2.377359,0.000000
0.000000,-1.486849,0.000000
0.000000,-2.615223,0.000000
0.000000,-1.382495,0.000000
0.000000,-2.021039,0.000000
0.000000,-2.268251,0.000000
0.000000,-1.336556,0.000000
0.000000,-1.365957,0.000000
0.000000,-1.926245,0.000000
0.000000,-1.898350,0.000000
0.000000,-1.840235,0.000000
0.000000,-1.937619,0.000000
0.000000,-2.174101,0.000000
0.000000,-1.643789,0.000000
0.000000,-2.097739,0.000000
0.000000,-1.360974,0.000000
0.000000,-0.443839,0.000000
0.000000,1.576493,0.000000
0.000000,-1.393837,0.000000
0.000000,-2.441869,0.000000
0.000000,2.515696,0.000000
0.000000,-2.927881,0.000000
0.000000,-1.563609,0.000000
0.000000,-3.669531,0.000000
0.000000,-0.819169,0.000000
0.000000,-3.981797,0.000000
0.000000,-1.789889,0.000000
0.000000,-3.281342,0.000000
0.000000,-3.214270,0.000000
0.000000,-1.885837,0.000000
0.000000,-3.198711,0.000000
0.000000,-1.374312,0.000000
0.000000,-2.386061,0.000000
0.000000,-1.549118,0.000000
0.000000,-1.513685,0.000000
0.000000,-3.596843,0.000000
0.000000,-2.997521,0.000000
0.000000,-1.633696,0.000000
0.000000,-1.720294,0.000000
0.000000,-3.042338,0.000000
0.000000,-7.959015,0.000000
0.000000,-1.132661,0.000000
0.000000,-2.068516,0.000000
0.000000,-2.871026,0.000000
0.000000,-1.696571,0.000000
0.000000,-2.761367,0.000000
0.000000,-2.387811,0.000000
0.000000,-0.621086,0.000000
0.000000,-1.693822,0.000000
0.000000,-1.594760,0.000000
0.000000,-0.470313,0.000000
0.000000,-1.883104,0.000000
0.000000,-1.596360,0.000000
0.000000,-1.826207,0.000000
0.000000,-1.317945,0.000000
0.000000,-6.555689,0.000000
0.000000,-5.664779,0.000000
0.000000,-1.657248,0.000000
0.000000,-2.100696,0.000000
0.000000,-1.456714,0.000000
0.000000,-2.048788,0.000000
0.000000,-2.119348,0.000000
0.000000,-2.701617,0.000000
0.000000,-1.899924,0.000000
0.000000,-2.872810,0.000000
0.000000,-1.188512,0.000000
0.000000,-2.940797,0.000000
0.000000,-2.373456,0.000000
0.000000,-2.085109,0.000000
0.000000,-2.792209,0.000000
0.000000,-0.110530,0.000000
0.000000,-2.555197,0.000000
0.000000,-2.227670,0.000000
0.000000,-3.293837,0.000000
0.000000,-2.927242,0.000000
0.000000,-2.984898,0.000000
0.000000,-5.205470,0.000000
0.000000,-2.657360,0.000000
0.000000,-2.941481,0.000000
0.000000,-1.069087,0.000000
0.000000,-2.844102,0.000000
0.000000,-2.558751,0.000000
0.000000,-4.456891,0.000000
0.000000,-2.465790,0.000000
0.000000,-2.911694,0.000000
0.000000,-2.748897,0.000000
0.000000,-2.518619,0.000000
0.000000,-1.579734,0.000000
0.000000,-3.270297,0.000000
0.000000,-3.042302,0.000000
0.000000,-2.453130,0.000000
0.000000,-4.399536,0.000000
0.000000,-3.384317,0.000000
0.000000,-4.264209,0.000000
0.000000,-2.310790,0.000000
0.000000,-2.682499,0.000000
0.000000,-3.707341,0.000000
0.000000,-1.230424,0.000000
0.000000,-1.366805,0.000000
0.000000,-1.839414,0.000000
0.000000,-1.798225,0.000000
0.000000,-1.677327,0.000000
0.000000,0.903677,0.000000
0.000000,2.102461,0.000000
0.000000,-10.709464,0.000000
0.000000,-0.842351,0.000000
0.000000,2.646323,0.000000
0.000000,1.064466,0.000000
0.000000,0.899980,0.000000
0.000000,-4.507507,0.000000
0.000000,-0.828681,0.000000
0.000000,-0.274161,0.000000
0.000000,0.838573,0.000000
0.000000,-3.096359,0.000000
0.000000,0.640491,0.000000
0.000000,-4.210219,0.000000
0.000000,-3.879972,0.000000
0.000000,-2.470357,0.000000
0.000000,-2.009407,0.000000
0.000000,-2.267083,0.000000
0.000000,2.836164,0.000000
0.000000,-2.476468,0.000000
0.000000,-9.205606,0.000000
0.000000,-3.400657,0.000000
0.000000,-4.529071,0.000000
0.000000,-3.191325,0.000000
0.000000,-5.073570,0.000000
0.000000,-2.980320,0.000000
0.000000,-4.013914,0.000000
0.000000,0.547468,0.000000
0.000000,-2.445747,0.000000
0.000000,-0.977673,0.000000
0.000000,-3.275006,0.000000
0.000000,-3.808327,0.000000
0.000000,-3.400855,0.000000
0.000000,-3.421875,0.000000
0.000000,-1.094508,0.000000
0.000000,-0.281472,0.000000
0.000000,-0.591008,0.000000
0.000000,-0.638861,0.000000
0.000000,-0.741059,0.000000
0.000000,1.102036,0.000000
0.000000,0.468834,0.000000
0.000000,3.192560,0.000000
0.000000,-2.866705,0.000000
0.000000,-3.856900,0.000000
0.000000,-3.012652,0.000000
0.000000,-0.557174,0.000000
0.000000,-3.535136,0.000000
0.000000,-5.489382,0.000000
0.000000,-8.672375,0.000000
0.000000,-10.911387,0.000000
0.000000,0.517162,0.000000
0.000000,1.165437,0.000000
0.000000,-4.374251,0.000000
0.000000,10.845409,0.000000
0.000000,2.968590,0.000000
0.000000,2.205181,0.000000
0.000000,-5.531356,0.000000
0.000000,4.933801,0.000000
0.000000,-4.972657,0.000000
0.000000,-5.059898,0.000000
0.000000,-3.879802,0.000000
0.000000,-0.737418,0.000000
0.000000,-3.297394,0.000000
0.000000,2.255190,0.000000
0.000000,0.753676,0.000000
0.000000,-3.105993,0.000000
0.000000,1.122751,0.000000
0.000000,0.446013,0.000000
0.000000,-5.482296,0.000000
0.000000,-3.286318,0.000000
0.000000,2.437323,0.000000
0.000000,2.077113,0.000000
0.000000,2.996922,0.000000
0.000000,-4.038294,0.000000
0.000000,2.426013,0.000000
0.000000,1.819896,0.000000
0.000000,0.365977,0.000000
0.000000,-0.088511,0.000000
0.000000,5.083244,0.000000
0.000000,11.356483,0.000000
0.000000,15.743204,0.000000
0.000000,17.769941,0.000000
0.000000,12.576667,0.000000
0.000000,14.782828,0.000000
0.000000,9.658743,0.000000
0.000000,5.668101,0.000000
0.000000,-2.138365,0.000000
0.000000,-6.533506,0.000000
0.000000,-5.986011,0.000000
0.000000,2.019899,0.000000
0.000000,3.387711,0.000000
0.000000,9.505118,0.000000
0.000000,12.265897,0.000000
0.000000,16.380302,0.000000
0.000000,12.838341,0.000000
0.000000,15.838371,0.000000
0.000000,20.073803,0.000000
0.000000,26.257034,0.000000
0.000000,29.443104,0.000000
0.000000,33.370857,0.000000
0.000000,37.244804,0.000000
0.000000,31.242485,0.000000
0.000000,29.621227,0.000000
0.000000,30.209661,0.000000
0.000000,38.068424,0.000000
0.000000,40.075130,0.000000
0.000000,38.371437,0.000000
0.000000,42.500940,0.000000
0.000000,45.536983,0.000000
0.000000,48.860672,0.000000
0.000000,48.157030,0.000000
0.000000,48.117805,0.000000
0.000000,41.776047,0.000000
0.000000,51.147430,0.000000
0.000000,48.955997,0.000000
0.000000,48.454240,0.000000
0.000000,47.098380,0.000000
0.000000,47.420525,0.000000
0.000000,44.192814,0.000000
0.000000,47.176872,0.000000
0.000000,48.145035,0.000000
0.000000,51.228764,0.000000
0.000000,53.072998,0.000000
0.000000,50.677933,0.000000
0.000000,50.099773,0.000000
0.000000,49.726704,0.000000
0.000000,45.246574,0.000000
0.000000,24.670708,0.000000
0.000000,29.086157,0.000000
0.000000,45.146084,0.000000
0.000000,45.202503,0.000000
0.000000,46.511093,0.000000
0.000000,43.518940,0.000000
0.000000,47.348488,0.000000
0.000000,45.369663,0.000000
0.000000,47.869140,0.000000
0.000000,49.397102,0.000000
0.000000,49.805294,0.000000
0.000000,47.491203,0.000000
0.000000,43.959260,0.000000
0.000000,40.172867,0.000000
0.000000,40.775494,0.000000
0.000000,41.129986,0.000000
0.000000,45.409668,0.000000
0.000000,47.217820,0.000000
0.000000,43.939100,0.000000
0.000000,47.523514,0.000000
0.000000,43.833600,0.000000
0.000000,43.315945,0.000000
0.000000,16.417955,0.000000
0.000000,15.086501,0.000000
0.000000,20.763735,0.000000
0.000000,14.470724,0.000000
0.000000,17.031204,0.000000
0.000000,17.695095,0.000000
0.000000,19.601242,0.000000
0.000000,12.735268,0.000000
0.000000,11.740122,0.000000
0.000000,-6.013131,0.000000
0.000000,-9.303863,0.000000
0.000000,-3.497859,0.000000
0.000000,-20.156801,0.000000
0.000000,-15.309673,0.000000
0.000000,-13.121369,0.000000
0.000000,-13.483153,0.000000
0.000000,-13.680432,0.000000
0.000000,-16.343744,0.000000
0.000000,-23.049840,0.000000
0.000000,-19.392298,0.000000
0.000000,-20.908974,0.000000
0.000000,-5.676232,0.000000
0.000000,-8.086402,0.000000
0.000000,-49.929405,0.000000
0.000000,-39.606674,0.000000
0.000000,-44.325844,0.000000
0.000000,-46.443718,0.000000
0.000000,-46.577720,0.000000
0.000000,-50.557148,0.000000
0.000000,-56.779694,0.000000
0.000000,-56.986370,0.000000
0.000000,-49.616300,0.000000
0.000000,-46.698956,0.000000
0.000000,-46.707638,0.000000
0.000000,-41.456554,0.000000
0.000000,-38.632050,0.000000
0.000000,-46.219750,0.000000
0.000000,-55.877213,0.000000
0.000000,-58.364574,0.000000
0.000000,-60.565610,0.000000
0.000000,-63.739240,0.000000
0.000000,-68.420180,0.000000
0.000000,-64.776460,0.000000
0.000000,-62.407234,0.000000
0.000000,-60.434906,0.000000
0.000000,-62.878307,0.000000
0.000000,-60.993435,0.000000
0.000000,-62.118780,0.000000
0.000000,-68.219530,0.000000
0.000000,-61.996723,0.000000
0.000000,-56.106068,0.000000
0.000000,-68.517720,0.000000
0.000000,-67.253600,0.000000
0.000000,-68.947945,0.000000
0.000000,-66.183044,0.000000
0.000000,-67.944084,0.000000
0.000000,-69.624150,0.000000
0.000000,-67.979935,0.000000
0.000000,-62.028847,0.000000
0.000000,-61.169926,0.000000
0.000000,-59.829600,0.000000
0.000000,-54.779690,0.000000
0.000000,-45.578740,0.000000
0.000000,-11.682343,0.000000
0.000000,-10.524799,0.000000
0.000000,-8.739878,0.000000
0.000000,-14.098147,0.000000
0.000000,-12.836057,0.000000
0.000000,-21.264467,0.000000
0.000000,-14.194674,0.000000
0.000000,-18.524773,0.000000
0.000000,-5.438801,0.000000
0.000000,5.412909,0.000000
0.000000,-8.289309,0.000000
0.000000,18.300367,0.000000
0.000000,3.670592,0.000000
0.000000,4.158403,0.000000
0.000000,1.092750,0.000000
0.000000,-11.946547,0.000000
0.000000,1.451449,0.000000
0.000000,0.596763,0.000000
0.000000,14.566147,0.000000
0.000000,20.390150,0.000000
0.000000,22.446136,0.000000
0.000000,13.140071,0.000000
0.000000,21.514755,0.000000
0.000000,29.980812,0.000000
0.000000,33.781776,0.000000
0.000000,27.010319,0.000000
0.000000,27.195728,0.000000
0.000000,43.970245,0.000000
0.000000,44.942810,0.000000
0.000000,47.106500,0.000000
0.000000,47.277233,0.000000
0.000000,40.886513,0.000000
0.000000,50.903976,0.000000
0.000000,50.291520,0.000000
0.000000,51.526090,0.000000
0.000000,49.422394,0.000000
0.000000,47.596462,0.000000
0.000000,47.435993,0.000000
0.000000,47.479298,0.000000
0.000000,45.181892,0.000000
0.000000,38.975464,0.000000
0.000000,46.952217,0.000000
0.000000,45.257053,0.000000
0.000000,48.443356,0.000000
0.000000,46.595680,0.000000
0.000000,45.209420,0.000000
0.000000,44.523420,0.000000
0.000000,45.234790,0.000000
0.000000,45.055412,0.000000
0.000000,49.681374,0.000000
0.000000,45.304913,0.000000
0.000000,48.580630,0.000000
0.000000,48.146940,0.000000
0.000000,48.748630,0.000000
0.000000,48.579440,0.000000
0.000000,47.654545,0.000000
0.000000,49.384155,0.000000
0.000000,45.286777,0.000000
0.000000,48.992493,0.000000
0.000000,48.653050,0.000000
0.000000,46.843090,0.000000
0.000000,46.150550,0.000000
0.000000,48.489727,0.000000
0.000000,51.291530,0.000000
0.000000,50.035260,0.000000
0.000000,51.260770,0.000000
0.000000,47.772427,0.000000
0.000000,45.790570,0.000000
0.000000,35.558723,0.000000
0.000000,36.016895,0.000000
0.000000,36.428402,0.000000
0.000000,35.683190,0.000000
0.000000,42.244827,0.000000
0.000000,46.343666,0.000000
0.000000,42.805145,0.000000
0.000000,43.006650,0.000000
0.000000,46.787422,0.000000
0.000000,34.072815,0.000000
0.000000,2.613475,0.000000
0.000000,9.641660,0.000000
0.000000,11.062228,0.000000
0.000000,15.146570,0.000000
0.000000,19.569990,0.000000
0.000000,36.693684,0.000000
0.000000,38.755795,0.000000
0.000000,20.330744,0.000000
0.000000,21.597881,0.000000
0.000000,16.086418,0.000000
0.000000,20.378020,0.000000
0.000000,25.004436,0.000000
0.000000,37.590480,0.000000
0.000000,40.130035,0.000000
0.000000,38.764730,0.000000
0.000000,21.212189,0.000000
0.000000,18.849932,0.000000
0.000000,23.212639,0.000000
0.000000,24.134695,0.000000
0.000000,14.722788,0.000000
0.000000,7.226806,0.000000
0.000000,9.040739,0.000000
0.000000,6.686848,0.000000
0.000000,5.174891,0.000000
0.000000,5.877718,0.000000
0.000000,4.339563,0.000000
0.000000,6.631148,0.000000
0.000000,3.410426,0.000000
0.000000,2.365387,0.000000
0.000000,3.819174,0.000000
0.000000,2.199942,0.000000
0.000000,2.478559,0.000000
0.000000,3.961438,0.000000
0.000000,3.543347,0.000000
0.000000,4.375604,0.000000
0.000000,3.023699,0.000000
0.000000,1.575004,0.000000
0.000000,5.669897,0.000000
0.000000,2.698234,0.000000
0.000000,2.712473,0.000000
0.000000,2.544286,0.000000
0.000000,5.544294,0.000000
0.000000,4.417650,0.000000
0.000000,10.642323,0.000000
0.000000,13.938678,0.000000
0.000000,12.305671,0.000000
0.000000,16.796547,0.000000
0.000000,16.747694,0.000000
0.000000,18.569988,0.000000
0.000000,19.003168,0.000000
0.000000,17.351643,0.000000
0.000000,16.013510,0.000000
0.000000,18.312052,0.000000
0.000000,14.418565,0.000000
0.000000,4.461140,0.000000
0.000000,0.654465,0.000000
0.000000,-1.180114,0.000000
0.000000,-4.436314,0.000000
0.000000,-5.519791,0.000000
0.000000,-6.525267,0.000000
0.000000,-10.973064,0.000000
0.000000,-13.208104,0.000000
0.000000,1.610692,0.000000
0.000000,-8.547892,0.000000
0.000000,0.488534,0.000000
0.000000,2.470369,0.000000
0.000000,6.900860,0.000000
0.000000,6.649946,0.000000
0.000000,1.318369,0.000000
0.000000,7.119502,0.000000
0.000000,2.945284,0.000000
0.000000,-0.410749,0.000000
0.000000,-0.461789,0.000000
0.000000,-13.655737,0.000000
0.000000,-11.214425,0.000000
0.000000,-15.855125,0.000000
0.000000,-16.211887,0.000000
0.000000,-17.068493,0.000000
0.000000,-18.152922,0.000000
0.000000,-12.882574,0.000000
0.000000,-15.645303,0.000000
0.000000,13.255516,0.000000
0.000000,5.331536,0.000000
0.000000,-28.341090,0.000000
0.000000,-27.537941,0.000000
0.000000,-26.548872,0.000000
0.000000,-27.182260,0.000000
0.000000,-28.354786,0.000000
0.000000,-37.787365,0.000000
0.000000,-40.620716,0.000000
0.000000,-51.857494,0.000000
0.000000,-46.811160,0.000000
0.000000,-52.566704,0.000000
0.000000,-48.710438,0.000000
0.000000,-42.295662,0.000000
0.000000,-47.092297,0.000000
0.000000,-52.526405,0.000000
0.000000,-50.205402,0.000000
0.000000,-47.645940,0.000000
0.000000,-47.418247,0.000000
0.000000,-48.409687,0.000000
0.000000,-52.055264,0.000000
0.000000,-56.876972,0.000000
0.000000,-46.081844,0.000000
0.000000,-45.090458,0.000000
0.000000,-47.920464,0.000000
0.000000,-53.513320,0.000000
0.000000,-52.977943,0.000000
0.000000,-52.663643,0.000000
0.000000,-46.074960,0.000000
0.000000,-52.229893,0.000000
0.000000,-52.868400,0.000000
0.000000,-32.369660,0.000000
0.000000,-36.196598,0.000000
0.000000,-38.674694,0.000000
0.000000,-42.651350,0.000000
0.000000,-38.752308,0.000000
0.000000,-49.431526,0.000000
0.000000,-48.228200,0.000000
0.000000,-51.012722,0.000000
0.000000,-49.683712,0.000000
0.000000,-50.848824,0.000000
0.000000,-54.154514,0.000000
0.000000,-55.917965,0.000000
0.000000,-55.388805,0.000000
0.000000,-58.401604,0.000000
0.000000,-58.848740,0.000000
0.000000,-61.154366,0.000000
0.000000,-58.934532,0.000000
0.000000,-61.751110,0.000000
0.000000,-60.881810,0.000000
0.000000,-59.656265,0.000000
0.000000,-60.826810,0.000000
0.000000,-59.974144,0.000000
0.000000,-62.690025,0.000000
0.000000,-59.653065,0.000000
0.000000,-58.725464,0.000000
0.000000,-57.371470,0.000000
0.000000,-59.330210,0.000000
0.000000,-58.091680,0.000000
0.000000,-57.038870,0.000000
0.000000,-58.038530,0.000000
0.000000,-60.121532,0.000000
0.000000,-59.735474,0.000000
0.000000,-59.620594,0.000000
0.000000,-59.634720,0.000000
0.000000,-57.368046,0.000000
0.000000,-58.610023,0.000000
0.000000,-59.492466,0.000000
0.000000,-58.246788,0.000000
0.000000,-59.872288,0.000000
0.000000,-58.553486,0.000000
0.000000,-57.538310,0.000000
0.000000,-59.252400,0.000000
0.000000,-55.538315,0.000000
0.000000,-53.851660,0.000000
0.000000,-53.703120,0.000000
0.000000,-53.933872,0.000000
0.000000,-54.269073,0.000000
0.000000,-54.019535,0.000000
0.000000,-53.080090,0.000000
0.000000,-53.778336,0.000000
0.000000,-53.715218,0.000000
0.000000,-53.042470,0.000000
0.000000,-53.323017,0.000000
0.000000,-54.053140,0.000000
0.000000,-54.165646,0.000000
0.000000,-53.212185,0.000000
0.000000,-52.593630,0.000000
0.000000,-55.132782,0.000000
0.000000,-53.619133,0.000000
0.000000,-53.218822,0.000000
0.000000,-52.986580,0.000000
0.000000,-54.455685,0.000000
0.000000,-53.114310,0.000000
0.000000,-56.158440,0.000000
0.000000,-57.377922,0.000000
0.000000,-58.424510,0.000000
0.000000,-56.854910,0.000000
0.000000,-57.319355,0.000000
0.000000,-56.684544,0.000000
0.000000,-57.692337,0.000000
0.000000,-56.737804,0.000000
0.000000,-59.733620,0.000000
0.000000,-56.952404,0.000000
0.000000,-56.603947,0.000000
0.000000,-56.215187,0.000000
0.000000,-57.662310,0.000000
0.000000,-59.711630,0.000000
0.000000,-62.192450,0.000000
0.000000,-63.092754,0.000000
0.000000,-61.274113,0.000000
0.000000,-57.976370,0.000000
0.000000,-56.676846,0.000000
0.000000,-62.012314,0.000000
0.000000,-61.620010,0.000000
0.000000,-64.438360,0.000000
0.000000,-61.346733,0.000000
0.000000,-63.306305,0.000000
0.000000,-58.255943,0.000000
0.000000,-59.446587,0.000000
0.000000,-65.234726,0.000000
0.000000,-60.686390,0.000000
0.000000,-59.553738,0.000000
0.000000,-61.256054,0.000000
0.000000,-64.398250,0.000000
0.000000,-62.479683,0.000000
0.000000,-62.034160,0.000000
0.000000,-60.745483,0.000000
0.000000,-58.128830,0.000000
0.000000,-61.933810,0.000000
0.000000,-52.903610,0.000000
0.000000,-33.324253,0.000000
0.000000,-41.851593,0.000000
0.000000,-39.536453,0.000000
0.000000,-12.455798,0.000000
0.000000,-6.086170,0.000000
0.000000,-12.760676,0.000000
0.000000,-16.122303,0.000000
0.000000,-24.646961,0.000000
0.000000,-16.018728,0.000000
0.000000,-13.253096,0.000000
0.000000,-21.923494,0.000000
0.000000,-15.804219,0.000000
0.000000,-7.225172,0.000000
0.000000,-16.394709,0.000000
0.000000,-12.752254,0.000000
0.000000,-11.975095,0.000000
0.000000,-11.324133,0.000000
0.000000,-18.197136,0.000000
0.000000,-23.248000,0.000000
0.000000,-14.214654,0.000000
0.000000,-19.738012,0.000000
0.000000,-17.820911,0.000000
0.000000,-12.392243,0.000000
0.000000,-10.406155,0.000000
0.000000,-9.707163,0.000000
0.000000,-5.017233,0.000000
0.000000,-0.734499,0.000000
0.000000,2.422141,0.000000
0.000000,-0.026816,0.000000
0.000000,-0.142268,0.000000
0.000000,0.236727,0.000000
0.000000,3.475652,0.000000
0.000000,6.681709,0.000000
0.000000,9.604110,0.000000
0.000000,-1.733021,0.000000
0.000000,8.395905,0.000000
0.000000,6.516043,0.000000
0.000000,9.263390,0.000000
0.000000,6.724825,0.000000
0.000000,9.500490,0.000000
0.000000,11.862792,0.000000
0.000000,9.017556,0.000000
0.000000,10.213421,0.000000
0.000000,12.391692,0.000000
0.000000,11.593505,0.000000
0.000000,10.372337,0.000000
0.000000,6.958140,0.000000
0.000000,10.568535,0.000000
0.000000,5.423728,0.000000
0.000000,1.981274,0.000000
0.000000,2.894352,0.000000
0.000000,5.444689,0.000000
0.000000,3.797185,0.000000
0.000000,4.450640,0.000000
0.000000,2.282929,0.000000
0.000000,5.110010,0.000000
0.000000,4.614427,0.000000
0.000000,3.260561,0.000000
0.000000,9.980291,0.000000
0.000000,5.101744,0.000000
0.000000,-1.771172,0.000000
0.000000,4.574375,0.000000
0.000000,4.591521,0.000000
0.000000,6.340725,0.000000
0.000000,-3.316773,0.000000
0.000000,7.070902,0.000000
0.000000,6.351564,0.000000
0.000000,6.915437,0.000000
0.000000,7.108293,0.000000
0.000000,6.255604,0.000000
0.000000,4.823263,0.000000
0.000000,6.224398,0.000000
0.000000,6.311759,0.000000
0.000000,8.681716,0.000000
0.000000,8.243058,0.000000
0.000000,6.302865,0.000000
0.000000,7.080777,0.000000
0.000000,6.104530,0.000000
0.000000,9.040133,0.000000
0.000000,5.108836,0.000000
0.000000,6.213945,0.000000
0.000000,6.022434,0.000000
0.000000,7.348848,0.000000
0.000000,7.015843,0.000000
0.000000,7.012238,0.000000
0.000000,7.170073,0.000000
0.000000,5.529785,0.000000
0.000000,6.183409,0.000000
0.000000,6.425253,0.000000
0.000000,6.451112,0.000000
0.000000,6.150838,0.000000
0.000000,1.413429,0.000000
0.000000,7.081733,0.000000
0.000000,6.465288,0.000000
0.000000,7.617629,0.000000
0.000000,6.397659,0.000000
0.000000,5.417849,0.000000
0.000000,5.937632,0.000000
0.000000,7.178899,0.000000
0.000000,5.577170,0.000000
0.000000,7.129917,0.000000
0.000000,3.872983,0.000000
0.000000,7.291782,0.000000
0.000000,2.862358,0.000000
0.000000,7.857804,0.000000
0.000000,6.688154,0.000000
0.000000,7.351225,0.000000
0.000000,5.513257,0.000000
0.000000,7.374576,0.000000
0.000000,6.207496,0.000000
0.000000,4.861267,0.000000
0.000000,5.832015,0.000000
0.000000,3.316000,0.000000
0.000000,6.772247,0.000000
0.000000,8.386553,0.000000
0.000000,6.268367,0.000000
0.000000,7.734212,0.000000
0.000000,8.201308,0.000000
0.000000,7.113541,0.000000
0.000000,8.189581,0.000000
0.000000,6.659829,0.000000
0.000000,5.259383,0.000000
0.000000,6.003185,0.000000
0.000000,7.446979,0.000000
0.000000,6.424563,0.000000
0.000000,5.613214,0.000000
0.000000,7.127001,0.000000
0.000000,7.414819,0.000000
0.000000,7.316262,0.000000
0.000000,7.101160,0.000000
0.000000,6.013609,0.000000
0.000000,2.491510,0.000000
0.000000,6.771993,0.000000
0.000000,4.956976,0.000000
0.000000,6.389718,0.000000
0.000000,6.193278,0.000000
0.000000,5.922629,0.000000
0.000000,5.280693,0.000000
0.000000,7.486060,0.000000
0.000000,6.004243,0.000000
0.000000,6.853404,0.000000
0.000000,6.723429,0.000000
0.000000,5.392037,0.000000
0.000000,5.102757,0.000000
0.000000,6.136005,0.000000
0.000000,5.294714,0.000000
0.000000,3.306343,0.000000
0.000000,2.215473,0.000000
0.000000,4.911809,0.000000
0.000000,5.627555,0.000000
0.000000,6.577919,0.000000
0.000000,6.155363,0.000000
0.000000,5.121806,0.000000
0.000000,7.578314,0.000000
0.000000,6.124449,0.000000
0.000000,0.527854,0.000000
0.000000,-2.876084,0.000000
0.000000,7.345218,0.000000
0.000000,5.815684,0.000000
0.000000,5.085861,0.000000
0.000000,5.491394,0.000000
0.000000,6.685155,0.000000
0.000000,4.427498,0.000000
0.000000,6.428757,0.000000
0.000000,8.136269,0.000000
0.000000,5.593908,0.000000
0.000000,6.818234,0.000000
0.000000,6.378487,0.000000
0.000000,5.187313,0.000000
0.000000,4.795249,0.000000
0.000000,3.923062,0.000000
0.000000,4.974331,0.000000
0.000000,5.543780,0.000000
0.000000,5.330226,0.000000
0.000000,3.564534,0.000000
0.000000,3.071133,0.000000
0.000000,1.558022,0.000000
0.000000,7.900566,0.000000
0.000000,3.075919,0.000000
0.000000,5.268438,0.000000
0.000000,4.155346,0.000000
0.000000,3.053694,0.000000
0.000000,5.726875,0.000000
0.000000,7.056855,0.000000
0.000000,5.344772,0.000000
0.000000,4.359020,0.000000
0.000000,4.929698,0.000000
0.000000,6.404172,0.000000
0.000000,5.482208,0.000000
0.000000,2.170242,0.000000
0.000000,4.293490,0.000000
0.000000,5.466529,0.000000
0.000000,2.117912,0.000000
0.000000,5.193033,0.000000
0.000000,4.764758,0.000000
0.000000,5.642777,0.000000
0.000000,1.329158,0.000000
0.000000,5.018142,0.000000
0.000000,3.123280,0.000000
0.000000,4.694568,0.000000
0.000000,1.485487,0.000000
0.000000,3.852667,0.000000
0.000000,1.760856,0.000000
0.000000,4.832192,0.000000
0.000000,1.632310,0.000000
0.000000,-0.601344,0.000000
0.000000,-0.711536,0.000000
0.000000,1.364022,0.000000
0.000000,1.349810,0.000000
0.000000,4.601688,0.000000
0.000000,0.054228,0.000000
0.000000,2.603893,0.000000
0.000000,1.372565,0.000000
0.000000,-0.990112,0.000000
0.000000,-1.388619,0.000000
0.000000,-1.167798,0.000000
0.000000,0.051712,0.000000
0.000000,-0.804608,0.000000
0.000000,0.799466,0.000000
0.000000,-5.831523,0.000000
0.000000,3.221730,0.000000
0.000000,-0.694241,0.000000
0.000000,-0.552533,0.000000
0.000000,-0.577011,0.000000
0.000000,-6.005443,0.000000
0.000000,-2.464317,0.000000
0.000000,-2.844292,0.000000
0.000000,0.815702,0.000000
0.000000,-4.185708,0.000000
0.000000,1.411431,0.000000
0.000000,-2.142335,0.000000
0.000000,-2.160372,0.000000
0.000000,-3.276704,0.000000
0.000000,-3.290469,0.000000
0.000000,-1.883609,0.000000
0.000000,0.738178,0.000000
0.000000,-0.333614,0.000000
0.000000,0.003200,0.000000
0.000000,4.287697,0.000000
0.000000,-0.760933,0.000000
0.000000,2.040344,0.000000
0.000000,0.696391,0.000000
0.000000,-0.627200,0.000000
0.000000,-1.382640,0.000000
0.000000,-4.189801,0.000000
0.000000,-1.417827,0.000000
0.000000,-1.459243,0.000000
0.000000,0.293454,0.000000
0.000000,-1.433930,0.000000
0.000000,-0.082636,0.000000
0.000000,-0.733652,0.000000
0.000000,-0.963238,0.000000
0.000000,0.832152,0.000000
0.000000,0.979815,0.000000
0.000000,0.363299,0.000000
0.000000,6.581722,0.000000
0.000000,1.048996,0.000000
0.000000,5.988489,0.000000
0.000000,3.519042,0.000000
0.000000,-0.917168,0.000000
0.000000,-1.530134,0.000000
0.000000,-0.977908,0.000000
0.000000,2.789140,0.000000
0.000000,0.244141,0.000000
0.000000,-1.688187,0.000000
0.000000,-0.235921,0.000000
0.000000,-1.036371,0.000000
0.000000,-3.970550,0.000000
0.000000,-4.852397,0.000000
0.000000,0.608032,0.000000
0.000000,-1.465763,0.000000
0.000000,0.173067,0.000000
0.000000,-0.710220,0.000000
0.000000,-0.596296,0.000000
0.000000,0.688291,0.000000
0.000000,-0.344019,0.000000
0.000000,1.667122,0.000000
0.000000,2.161469,0.000000
0.000000,2.035298,0.000000
0.000000,2.860401,0.000000
0.000000,2.778607,0.000000
0.000000,0.049390,0.000000
0.000000,-0.061738,0.000000
0.000000,-1.014325,0.000000
0.000000,2.296008,0.000000
0.000000,7.285302,0.000000
0.000000,1.139462,0.000000
0.000000,0.488080,0.000000
0.000000,-0.363347,0.000000
0.000000,-1.161776,0.000000
0.000000,-0.514007,0.000000
0.000000,2.109149,0.000000
0.000000,3.601880,0.000000
0.000000,-0.088251,0.000000
0.000000,-0.185208,0.000000
0.000000,-3.135008,0.000000
0.000000,0.981777,0.000000
0.000000,0.216074,0.000000
0.000000,1.439182,0.000000
0.000000,-0.313492,0.000000
0.000000,2.126562,0.000000
0.000000,1.152023,0.000000
0.000000,2.001240,0.000000
0.000000,0.493876,0.000000
0.000000,3.365794,0.000000
0.000000,4.416595,0.000000
0.000000,0.818442,0.000000
0.000000,1.461693,0.000000
0.000000,2.684770,0.000000
0.000000,0.647126,0.000000
0.000000,1.252282,0.000000
0.000000,0.951971,0.000000
0.000000,1.041979,0.000000
0.000000,2.059003,0.000000
0.000000,0.811926,0.000000
0.000000,1.226132,0.000000
0.000000,1.706275,0.000000
0.000000,2.058510,0.000000
0.000000,-0.372857,0.000000
0.000000,1.765629,0.000000
0.000000,1.156110,0.000000
0.000000,3.576906,0.000000
0.000000,3.814415,0.000000
0.000000,3.013418,0.000000
0.000000,2.190570,0.000000
0.000000,1.940678,0.000000
0.000000,1.467880,0.000000
0.000000,3.986829,0.000000
0.000000,2.091782,0.000000
0.000000,0.486870,0.000000
0.000000,0.546513,0.000000
0.000000,2.818485,0.000000
0.000000,0.467116,0.000000
0.000000,1.004649,0.000000
0.000000,3.082502,0.000000
0.000000,3.845824,0.000000
0.000000,2.371907,0.000000
0.000000,6.644255,0.000000
0.000000,4.687413,0.000000
0.000000,6.676798,0.000000
0.000000,6.079092,0.000000
0.000000,7.167640,0.000000
0.000000,5.890585,0.000000
0.000000,5.953232,0.000000
0.000000,4.942813,0.000000
0.000000,4.564296,0.000000
0.000000,4.022007,0.000000
0.000000,4.437267,0.000000
0.000000,4.338307,0.000000
0.000000,4.338943,0.000000
0.000000,5.173649,0.000000
0.000000,5.120630,0.000000
0.000000,2.877107,0.000000
0.000000,2.436055,0.000000
0.000000,1.951818,0.000000
0.000000,1.825542,0.000000
0.000000,5.470529,0.000000
0.000000,4.395677,0.000000
0.000000,5.135573,0.000000
0.000000,3.581500,0.000000
0.000000,3.083818,0.000000
0.000000,3.900498,0.000000
0.000000,1.622341,0.000000
0.000000,5.812592,0.000000
0.000000,4.096381,0.000000
0.000000,8.218493,0.000000
0.000000,6.389875,0.000000
0.000000,5.434877,0.000000
0.000000,3.375064,0.000000
0.000000,5.609153,0.000000
0.000000,6.427374,0.000000
0.000000,6.088797,0.000000
0.000000,6.371566,0.000000
0.000000,6.226912,0.000000
0.000000,7.798367,0.000000
0.000000,6.947943,0.000000
0.000000,6.470808,0.000000
0.000000,6.026940,0.000000
0.000000,6.235176,0.000000
0.000000,3.100616,0.000000
0.000000,5.371206,0.000000
0.000000,6.128426,0.000000
0.000000,1.121368,0.000000
0.000000,2.257451,0.000000
0.000000,4.842623,0.000000
0.000000,0.936507,0.000000
0.000000,6.562807,0.000000
0.000000,5.601687,0.000000
0.000000,6.935627,0.000000
0.000000,7.907764,0.000000
0.000000,7.537711,0.000000
0.000000,8.356552,0.000000
0.000000,6.038945,0.000000
0.000000,5.835310,0.000000
0.000000,5.501226,0.000000
0.000000,4.607833,0.000000
0.000000,4.904877,0.000000
0.000000,5.414532,0.000000
0.000000,4.210690,0.000000
0.000000,4.095318,0.000000
0.000000,4.143064,0.000000
0.000000,3.205303,0.000000
0.000000,4.642851,0.000000
0.000000,3.498140,0.000000
0.000000,2.150143,0.000000
0.000000,3.042265,0.000000
0.000000,3.995023,0.000000
0.000000,1.883703,0.000000
0.000000,4.042784,0.000000
0.000000,4.201899,0.000000
0.000000,4.386803,0.000000
0.000000,5.466435,0.000000
0.000000,4.320545,0.000000
0.000000,3.357150,0.000000
0.000000,4.064186,0.000000
0.000000,1.079457,0.000000
0.000000,1.607939,0.000000
0.000000,5.271532,0.000000
0.000000,4.697543,0.000000
0.000000,4.614804,0.000000
0.000000,6.760358,0.000000
0.000000,4.810637,0.000000
0.000000,5.156804,0.000000
0.000000,3.956478,0.000000
0.000000,4.949042,0.000000
0.000000,6.310347,0.000000
0.000000,1.807541,0.000000
0.000000,5.075855,0.000000
0.000000,4.178657,0.000000
0.000000,4.713783,0.000000
0.000000,3.231109,0.000000
0.000000,5.176750,0.000000
0.000000,4.537212,0.000000
0.000000,6.136596,0.000000
0.000000,4.295619,0.000000
0.000000,5.050786,0.000000
0.000000,4.452461,0.000000
0.000000,3.241037,0.000000
0.000000,1.140865,0.000000
0.000000,4.223254,0.000000
0.000000,5.241767,0.000000
0.000000,5.793615,0.000000
0.000000,10.879197,0.000000
0.000000,3.488262,0.000000
0.000000,2.238085,0.000000
0.000000,3.093434,0.000000
0.000000,5.223663,0.000000
0.000000,1.390680,0.000000
0.000000,3.641716,0.000000
0.000000,2.051665,0.000000
0.000000,5.330653,0.000000
0.000000,1.835669,0.000000
0.000000,2.473071,0.000000
0.000000,8.839171,0.000000
0.000000,1.506370,0.000000
0.000000,5.029757,0.000000
0.000000,7.103114,0.000000
0.000000,3.308162,0.000000
0.000000,5.912033,0.000000
0.000000,5.073367,0.000000
0.000000,5.559672,0.000000
0.000000,2.586600,0.000000
0.000000,2.965835,0.000000
0.000000,3.588748,0.000000
0.000000,1.914162,0.000000
0.000000,2.735101,0.000000
0.000000,2.175843,0.000000
0.000000,-4.064148,0.000000
0.000000,2.515051,0.000000
0.000000,3.016579,0.000000
0.000000,2.573284,0.000000
0.000000,6.450282,0.000000
0.000000,2.259265,0.000000
0.000000,1.894442,0.000000
0.000000,1.744766,0.000000
0.000000,5.914485,0.000000
0.000000,5.389517,0.000000
0.000000,7.378465,0.000000
0.000000,4.401395,0.000000
0.000000,2.415818,0.000000
0.000000,6.254595,0.000000
0.000000,2.928323,0.000000
0.000000,1.924209,0.000000
0.000000,3.283224,0.000000
0.000000,2.479990,0.000000
0.000000,10.345795,0.000000
0.000000,7.064741,0.000000
0.000000,5.617592,0.000000
0.000000,4.453674,0.000000
0.000000,2.566664,0.000000
0.000000,4.525259,0.000000
0.000000,2.580927,0.000000
0.000000,2.793817,0.000000
0.000000,5.511222,0.000000
0.000000,9.030190,0.000000
0.000000,2.471815,0.000000
0.000000,6.264367,0.000000
0.000000,4.814799,0.000000
0.000000,5.938683,0.000000
0.000000,6.266987,0.000000
0.000000,4.566937,0.000000
0.000000,5.265969,0.000000
0.000000,2.412907,0.000000
0.000000,6.565340,0.000000
0.000000,4.685897,0.000000
0.000000,4.758331,0.000000
0.000000,4.380701,0.000000
0.000000,4.671802,0.000000
0.000000,5.221396,0.000000
0.000000,4.925743,0.000000
0.000000,4.917103,0.000000
0.000000,3.926686,0.000000
0.000000,4.735235,0.000000
0.000000,4.658721,0.000000
0.000000,5.030659,0.000000
0.000000,4.547166,0.000000
0.000000,6.196115,0.000000
0.000000,5.635489,0.000000
0.000000,6.882296,0.000000
0.000000,5.350975,0.000000
0.000000,6.761202,0.000000
0.000000,8.359515,0.000000
0.000000,1.396633,0.000000
0.000000,1.184565,0.000000
0.000000,3.739622,0.000000
0.000000,2.491957,0.000000
0.000000,2.617315,0.000000
0.000000,1.259214,0.000000
0.000000,1.995023,0.000000
0.000000,6.955934,0.000000
0.000000,4.184956,0.000000
0.000000,4.438600,0.000000
0.000000,2.156324,0.000000
0.000000,-3.462823,0.000000
0.000000,3.752029,0.000000
0.000000,1.360605,0.000000
0.000000,2.198706,0.000000
0.000000,1.990815,0.000000
0.000000,2.568184,0.000000
0.000000,3.271283,0.000000
0.000000,2.483808,0.000000
0.000000,2.509794,0.000000
0.000000,1.745530,0.000000
0.000000,2.281270,0.000000
0.000000,9.111216,0.000000
0.000000,2.218004,0.000000
0.000000,2.204471,0.000000
0.000000,2.882160,0.000000
0.000000,4.252196,0.000000
0.000000,2.604303,0.000000
0.000000,2.326315,0.000000
0.000000,3.290240,0.000000
0.000000,-1.651009,0.000000
0.000000,2.378113,0.000000
0.000000,3.329890,0.000000
0.000000,3.056665,0.000000
0.000000,1.215489,0.000000
0.000000,1.089670,0.000000
0.000000,1.101144,0.000000
0.000000,2.183379,0.000000
0.000000,1.997973,0.000000
0.000000,3.037001,0.000000
0.000000,1.833816,0.000000
0.000000,2.028132,0.000000
0.000000,3.271288,0.000000
0.000000,5.338809,0.000000
0.000000,2.256175,0.000000
0.000000,1.933011,0.000000
0.000000,8.531778,0.000000
0.000000,5.299304,0.000000
0.000000,2.876246,0.000000
0.000000,2.843651,0.000000
0.000000,7.208892,0.000000
0.000000,3.476747,0.000000
0.000000,2.756173,0.000000
0.000000,3.264068,0.000000
0.000000,1.716765,0.000000
0.000000,2.500454,0.000000
0.000000,6.520046,0.000000
0.000000,3.072793,0.000000
0.000000,1.554611,0.000000
0.000000,6.332429,0.000000
0.000000,2.919843,0.000000
0.000000,2.182298,0.000000
0.000000,-0.710149,0.000000
0.000000,2.445624,0.000000
0.000000,2.746557,0.000000
0.000000,5.512144,0.000000
0.000000,4.876493,0.000000
0.000000,1.392808,0.000000
0.000000,2.576807,0.000000
0.000000,1.183941,0.000000
0.000000,1.533151,0.000000
0.000000,1.831576,0.000000
0.000000,0.524416,0.000000
0.000000,2.215442,0.000000
0.000000,1.298168,0.000000
0.000000,1.141713,0.000000
0.000000,3.081803,0.000000
0.000000,2.158567,0.000000
0.000000,1.442604,0.000000
0.000000,4.136375,0.000000
0.000000,0.796314,0.000000
0.000000,6.049343,0.000000
0.000000,-4.717390,0.000000
0.000000,1.572915,0.000000
0.000000,2.605730,0.000000
0.000000,5.404995,0.000000
0.000000,1.904033,0.000000
0.000000,0.607265,0.000000
0.000000,1.663617,0.000000
0.000000,1.973813,0.000000
0.000000,1.013187,0.000000
0.000000,0.274322,0.000000
0.000000,2.158435,0.000000
0.000000,1.339520,0.000000
0.000000,1.663084,0.000000
0.000000,0.660589,0.000000
0.000000,1.311867,0.000000
0.000000,1.313976,0.000000
0.000000,4.800885,0.000000
0.000000,2.203188,0.000000
0.000000,1.934873,0.000000
0.000000,3.117351,0.000000
0.000000,-0.206107,0.000000
0.000000,0.130372,0.000000
0.000000,2.395307,0.000000
0.000000,0.707565,0.000000
0.000000,1.193240,0.000000
0.000000,1.090360,0.000000
0.000000,2.279230,0.000000
0.000000,1.281699,0.000000
0.000000,0.297308,0.000000
0.000000,-2.507094,0.000000
0.000000,-0.070082,0.000000
0.000000,0.630443,0.000000
0.000000,4.802257,0.000000
0.000000,1.103440,0.000000
0.000000,0.573699,0.000000
0.000000,1.361479,0.000000
0.000000,0.372665,0.000000
0.000000,7.266408,0.000000
0.000000,-6.076437,0.000000
0.000000,0.236550,0.000000
0.000000,-3.815768,0.000000
0.000000,1.082361,0.000000
0.000000,-0.879354,0.000000
0.000000,-1.196726,0.000000
0.000000,0.297894,0.000000
0.000000,0.386690,0.000000
0.000000,0.894645,0.000000
0.000000,0.541318,0.000000
0.000000,0.372712,0.000000
0.000000,1.013335,0.000000
0.000000,3.393528,0.000000
0.000000,0.648589,0.000000
0.000000,0.709494,0.000000
0.000000,-2.530798,0.000000
0.000000,-0.828750,0.000000
0.000000,-1.864723,0.000000
0.000000,-2.966386,0.000000
0.000000,0.171017,0.000000
0.000000,-2.733825,0.000000
0.000000,1.003123,0.000000
0.000000,3.747797,0.000000
0.000000,1.298750,0.000000
0.000000,1.500799,0.000000
0.000000,-2.034861,0.000000
0.000000,-3.647050,0.000000
0.000000,0.047496,0.000000
0.000000,4.217386,0.000000
0.000000,3.166632,0.000000
0.000000,5.477359,0.000000
0.000000,4.807548,0.000000
0.000000,4.592148,0.000000
0.000000,3.646431,0.000000
0.000000,6.503859,0.000000
0.000000,2.676084,0.000000
0.000000,6.496857,0.000000
0.000000,5.634194,0.000000
0.000000,4.334607,0.000000
0.000000,5.352486,0.000000
0.000000,4.870852,0.000000
0.000000,7.090479,0.000000
0.000000,5.031218,0.000000
0.000000,4.017162,0.000000
0.000000,5.064955,0.000000
0.000000,4.913285,0.000000
0.000000,2.320782,0.000000
0.000000,4.954142,0.000000
0.000000,3.742035,0.000000
0.000000,5.748774,0.000000
0.000000,3.699073,0.000000
0.000000,3.058796,0.000000
0.000000,3.230551,0.000000
0.000000,2.551954,0.000000
0.000000,3.730603,0.000000
0.000000,4.051385,0.000000
0.000000,2.763563,0.000000
0.000000,1.708166,0.000000
0.000000,2.858163,0.000000
0.000000,0.967195,0.000000
0.000000,1.308026,0.000000
0.000000,3.310322,0.000000
0.000000,6.915399,0.000000
0.000000,2.366010,0.000000
0.000000,0.735807,0.000000
0.000000,8.687470,0.000000
0.000000,2.568905,0.000000
0.000000,4.584275,0.000000
0.000000,2.593898,0.000000
0.000000,2.892027,0.000000
0.000000,-1.202782,0.000000
0.000000,2.370478,0.000000
0.000000,5.185629,0.000000
0.000000,2.416951,0.000000
0.000000,2.414126,0.000000
0.000000,3.612346,0.000000
0.000000,2.316276,0.000000
0.000000,2.427931,0.000000
0.000000,2.565501,0.000000
0.000000,1.563003,0.000000
0.000000,1.305605,0.000000
0.000000,1.294492,0.000000
0.000000,0.645353,0.000000
0.000000,1.335979,0.000000
0.000000,1.572152,0.000000
0.000000,1.343907,0.000000
0.000000,1.353759,0.000000
0.000000,2.422351,0.000000
0.000000,2.354755,0.000000
0.000000,3.051940,0.000000
0.000000,-0.361574,0.000000
0.000000,1.499545,0.000000
0.000000,1.320523,0.000000
0.000000,4.724893,0.000000
0.000000,2.828579,0.000000
0.000000,2.832645,0.000000
0.000000,2.602734,0.000000
0.000000,1.361266,0.000000
0.000000,2.224317,0.000000
0.000000,1.234527,0.000000
0.000000,-0.594775,0.000000
0.000000,2.452061,0.000000
0.000000,1.764946,0.000000
0.000000,1.676808,0.000000
0.000000,2.507991,0.000000
0.000000,2.968616,0.000000
0.000000,2.810201,0.000000
0.000000,3.664780,0.000000
0.000000,2.078305,0.000000
0.000000,-0.122624,0.000000
0.000000,1.635815,0.000000
0.000000,1.816410,0.000000
0.000000,7.839948,0.000000
0.000000,1.739637,0.000000
0.000000,4.946047,0.000000
0.000000,1.695504,0.000000
0.000000,0.733715,0.000000
0.000000,0.401130,0.000000
0.000000,2.005972,0.000000
0.000000,6.972168,0.000000
0.000000,0.992144,0.000000
0.000000,-0.371884,0.000000
0.000000,0.204605,0.000000
0.000000,1.034774,0.000000
0.000000,0.637801,0.000000
0.000000,0.595445,0.000000
0.000000,3.524868,0.000000
0.000000,3.624217,0.000000
0.000000,1.203637,0.000000
0.000000,0.435592,0.000000
0.000000,2.850813,0.000000
0.000000,1.629800,0.000000
0.000000,0.652138,0.000000
0.000000,4.150313,0.000000
0.000000,3.734055,0.000000
0.000000,5.988432,0.000000
0.000000,1.802359,0.000000
0.000000,2.094791,0.000000
0.000000,-5.827256,0.000000
0.000000,1.931688,0.000000
0.000000,1.672661,0.000000
0.000000,0.689122,0.000000
0.000000,1.417137,0.000000
0.000000,1.667082,0.000000
0.000000,-6.683474,0.000000
0.000000,1.385597,0.000000
0.000000,0.262284,0.000000
0.000000,1.019759,0.000000
0.000000,-1.898295,0.000000
0.000000,-2.046711,0.000000
0.000000,-1.976594,0.000000
0.000000,-4.239564,0.000000
0.000000,-1.138302,0.000000
0.000000,-0.841458,0.000000
0.000000,-2.547601,0.000000
0.000000,-4.448573,0.000000
0.000000,-3.620577,0.000000
0.000000,-3.504297,0.000000
0.000000,-3.451758,0.000000
0.000000,-2.455385,0.000000
0.000000,-0.769347,0.000000
0.000000,-3.185043,0.000000
0.000000,-2.849870,0.000000
0.000000,-3.499916,0.000000
0.000000,-6.370465,0.000000
0.000000,-6.257270,0.000000
0.000000,-3.772356,0.000000
0.000000,-3.076979,0.000000
0.000000,-0.438293,0.000000
0.000000,-1.771594,0.000000
0.000000,-3.148175,0.000000
0.000000,-1.289065,0.000000
0.000000,-3.120745,0.000000
0.000000,4.682338,0.000000
0.000000,-0.496834,0.000000
0.000000,1.083523,0.000000
0.000000,0.643004,0.000000
0.000000,-0.420037,0.000000
0.000000,0.484917,0.000000
0.000000,0.257971,0.000000
0.000000,-1.046529,0.000000
0.000000,-1.103623,0.000000
0.000000,-1.588728,0.000000
0.000000,-1.678916,0.000000
0.000000,0.345949,0.000000
0.000000,-1.381047,0.000000
0.000000,-2.257935,0.000000
0.000000,-1.114179,0.000000
0.000000,-4.280420,0.000000
0.000000,-2.960646,0.000000
0.000000,-2.045070,0.000000
0.000000,-1.699900,0.000000
0.000000,-0.996998,0.000000
0.000000,5.571766,0.000000
0.000000,0.200017,0.000000
0.000000,-1.456596,0.000000
0.000000,-1.225792,0.000000
0.000000,0.019812,0.000000
0.000000,-1.136205,0.000000
0.000000,-2.097176,0.000000
0.000000,-4.397040,0.000000
0.000000,2.856968,0.000000
0.000000,0.571923,0.000000
0.000000,0.490644,0.000000
0.000000,-0.243775,0.000000
0.000000,0.334302,0.000000
0.000000,0.629762,0.000000
0.000000,0.628968,0.000000
0.000000,0.333918,0.000000
0.000000,0.242486,0.000000
0.000000,-0.982221,0.000000
0.000000,-4.930640,0.000000
0.000000,-8.153512,0.000000
0.000000,-5.668533,0.000000
0.000000,-2.664598,0.000000
0.000000,-4.676189,0.000000
0.000000,-1.839685,0.000000
0.000000,-3.356961,0.000000
0.000000,-3.951142,0.000000
0.000000,-6.577821,0.000000
0.000000,-2.717081,0.000000
0.000000,-2.762039,0.000000
0.000000,0.892749,0.000000
0.000000,0.543305,0.000000
0.000000,-1.420597,0.000000
0.000000,-2.465552,0.000000
0.000000,-1.177307,0.000000
0.000000,1.318718,0.000000
0.000000,-2.021160,0.000000
0.000000,-0.582433,0.000000
0.000000,1.748873,0.000000
0.000000,0.277812,0.000000
0.000000,-0.187001,0.000000
0.000000,1.521038,0.000000
0.000000,0.527805,0.000000
0.000000,1.586237,0.000000
0.000000,0.439987,0.000000
0.000000,-0.518233,0.000000
0.000000,-0.138109,0.000000
0.000000,-0.931761,0.000000
0.000000,-0.273645,0.000000
0.000000,0.576927,0.000000
0.000000,-0.051120,0.000000
0.000000,1.224008,0.000000
0.000000,4.571749,0.000000
0.000000,-3.596788,0.000000
0.000000,1.826036,0.000000
0.000000,0.252800,0.000000
0.000000,-1.580539,0.000000
0.000000,-2.746140,0.000000
0.000000,-1.550253,0.000000
0.000000,2.129848,0.000000
0.000000,0.445927,0.000000
0.000000,0.438938,0.000000
0.000000,0.354432,0.000000
0.000000,-5.458846,0.000000
0.000000,3.362955,0.000000
0.000000,-0.561461,0.000000
0.000000,-1.783539,0.000000
0.000000,-1.204346,0.000000
0.000000,-1.767550,0.000000
0.000000,-2.026775,0.000000
0.000000,0.482975,0.000000
0.000000,-0.894452,0.000000
0.000000,-0.538575,0.000000
0.000000,4.166905,0.000000
0.000000,-2.511840,0.000000
0.000000,-1.972445,0.000000
0.000000,-1.104893,0.000000
0.000000,-1.056262,0.000000
0.000000,1.646147,0.000000
0.000000,-1.139198,0.000000
0.000000,-0.979464,0.000000
0.000000,0.318524,0.000000
0.000000,-1.718502,0.000000
0.000000,0.053013,0.000000
0.000000,-0.884615,0.000000
0.000000,-0.816990,0.000000
0.000000,-4.476450,0.000000
0.000000,-1.671869,0.000000
0.000000,-1.902733,0.000000
0.000000,-1.482817,0.000000
0.000000,-1.980024,0.000000
0.000000,-2.460160,0.000000
0.000000,-1.689390,0.000000
0.000000,-0.335205,0.000000
0.000000,0.043545,0.000000
0.000000,5.233279,0.000000
0.000000,5.123496,0.000000
0.000000,-4.212702,0.000000
0.000000,3.504793,0.000000
0.000000,-2.052993,0.000000
0.000000,-3.198695,0.000000
0.000000,-2.888206,0.000000
0.000000,-9.312760,0.000000
0.000000,-9.722839,0.000000
0.000000,1.115453,0.000000
0.000000,-4.501870,0.000000
0.000000,-23.070475,0.000000
0.000000,-10.745513,0.000000
0.000000,0.892390,0.000000
0.000000,-1.714632,0.000000
0.000000,-22.220478,0.000000
0.000000,-23.801939,0.000000
0.000000,-44.942486,0.000000
0.000000,-55.136620,0.000000
0.000000,-59.186050,0.000000
0.000000,-58.030144,0.000000
0.000000,-57.563210,0.000000
0.000000,-54.946774,0.000000
0.000000,-58.119633,0.000000
0.000000,-55.687534,0.000000
0.000000,-59.504543,0.000000
0.000000,-55.828320,0.000000
0.000000,-66.532684,0.000000
0.000000,-68.336030,0.000000
0.000000,-67.922140,0.000000
0.000000,-62.091324,0.000000
0.000000,-60.989166,0.000000
0.000000,-65.569080,0.000000
0.000000,-70.679090,0.000000
0.000000,-73.702990,0.000000
0.000000,-74.392700,0.000000
0.000000,-76.395910,0.000000
0.000000,-67.323975,0.000000
0.000000,-69.263910,0.000000
0.000000,-61.107390,0.000000
0.000000,-65.003265,0.000000
0.000000,-54.001980,0.000000
0.000000,-20.645780,0.000000
0.000000,-10.677139,0.000000
0.000000,-29.861620,0.000000
0.000000,-13.232091,0.000000
0.000000,-9.741565,0.000000
0.000000,-14.797437,0.000000
0.000000,-4.725193,0.000000
0.000000,-3.188693,0.000000
0.000000,2.427103,0.000000
0.000000,22.039875,0.000000
0.000000,24.122105,0.000000
0.000000,27.813038,0.000000
0.000000,28.476671,0.000000
0.000000,29.320590,0.000000
0.000000,39.243908,0.000000
0.000000,33.333244,0.000000
0.000000,35.312992,0.000000
0.000000,40.108875,0.000000
0.000000,48.617153,0.000000
0.000000,38.087680,0.000000
0.000000,51.398136,0.000000
0.000000,49.355804,0.000000
0.000000,49.823030,0.000000
0.000000,47.041283,0.000000
0.000000,49.312504,0.000000
0.000000,52.093600,0.000000
0.000000,51.089880,0.000000
0.000000,52.294956,0.000000
0.000000,52.259434,0.000000
0.000000,51.188810,0.000000
0.000000,51.325027,0.000000
0.000000,51.583240,0.000000
0.000000,51.235527,0.000000
0.000000,54.044220,0.000000
0.000000,54.643085,0.000000
0.000000,54.707718,0.000000
0.000000,52.091537,0.000000
0.000000,52.024650,0.000000
0.000000,52.182730,0.000000
0.000000,52.024513,0.000000
0.000000,47.280490,0.000000
0.000000,51.934196,0.000000
0.000000,52.754450,0.000000
0.000000,41.420130,0.000000
0.000000,51.685240,0.000000
0.000000,42.723970,0.000000
0.000000,41.810406,0.000000
0.000000,50.720100,0.000000
0.000000,39.980827,0.000000
0.000000,50.235960,0.000000
0.000000,47.111015,0.000000
0.000000,46.063763,0.000000
0.000000,50.939648,0.000000
0.000000,51.032677,0.000000
0.000000,15.777319,0.000000
0.000000,46.467613,0.000000
0.000000,42.282720,0.000000
0.000000,41.784973,0.000000
0.000000,34.435120,0.000000
0.000000,4.581280,0.000000
0.000000,6.629689,0.000000
0.000000,14.279482,0.000000
0.000000,12.353326,0.000000
0.000000,9.599659,0.000000
0.000000,20.636879,0.000000
0.000000,19.826544,0.000000
0.000000,23.023300,0.000000
0.000000,20.388370,0.000000
0.000000,20.260937,0.000000
0.000000,21.604866,0.000000
0.000000,12.179863,0.000000
0.000000,7.084355,0.000000
0.000000,3.970118,0.000000
0.000000,4.672019,0.000000
0.000000,4.487062,0.000000
0.000000,1.253456,0.000000
0.000000,10.470414,0.000000
0.000000,7.305427,0.000000
0.000000,8.969100,0.000000
0.000000,10.365510,0.000000
0.000000,7.750025,0.000000
0.000000,9.754178,0.000000
0.000000,7.183365,0.000000
0.000000,4.550986,0.000000
0.000000,0.826140,0.000000
0.000000,-6.259347,0.000000
0.000000,0.195532,0.000000
0.000000,-2.539137,0.000000
0.000000,0.042887,0.000000
0.000000,-1.144087,0.000000
0.000000,-12.775231,0.000000
0.000000,-5.876962,0.000000
0.000000,-5.951447,0.000000
0.000000,-11.711445,0.000000
0.000000,-10.482249,0.000000
0.000000,-12.284536,0.000000
0.000000,-12.612237,0.000000
0.000000,-15.226469,0.000000
0.000000,-14.651903,0.000000
0.000000,-12.673808,0.000000
0.000000,-14.838100,0.000000
0.000000,-13.000625,0.000000
0.000000,-10.919224,0.000000
0.000000,-8.662797,0.000000
0.000000,-9.873457,0.000000
0.000000,-10.251646,0.000000
0.000000,-3.713986,0.000000
0.000000,-2.640660,0.000000
0.000000,-5.602733,0.000000
0.000000,-10.988676,0.000000
0.000000,-9.780660,0.000000
0.000000,-18.018457,0.000000
0.000000,-16.045546,0.000000
0.000000,-18.367153,0.000000
0.000000,-25.159418,0.000000
0.000000,-27.784058,0.000000
0.000000,-6.838193,0.000000
0.000000,-28.401747,0.000000
0.000000,-6.593434,0.000000
0.000000,-37.641193,0.000000
0.000000,-38.297493,0.000000
0.000000,-39.972470,0.000000
0.000000,-36.512380,0.000000
0.000000,-46.480220,0.000000
0.000000,-61.112495,0.000000
0.000000,-43.005100,0.000000
0.000000,-50.669563,0.000000
0.000000,-54.377518,0.000000
0.000000,-57.162550,0.000000
0.000000,-58.078620,0.000000
0.000000,-56.382170,0.000000
0.000000,-58.521694,0.000000
0.000000,-63.210820,0.000000
0.000000,-72.419530,0.000000
0.000000,-70.840550,0.000000
0.000000,-65.260895,0.000000
0.000000,-69.613860,0.000000
0.000000,-70.776640,0.000000
0.000000,-70.687290,0.000000
0.000000,-69.288020,0.000000
0.000000,-70.004840,0.000000
0.000000,-69.150500,0.000000
0.000000,-70.916040,0.000000
0.000000,-72.094830,0.000000
0.000000,-72.288200,0.000000
0.000000,-73.484726,0.000000
0.000000,-76.922930,0.000000
0.000000,-73.769670,0.000000
0.000000,-74.169495,0.000000
0.000000,-68.221060,0.000000
0.000000,-69.027360,0.000000
0.000000,-63.670110,0.000000
0.000000,-57.355217,0.000000
0.000000,-50.705708,0.000000
0.000000,-52.327970,0.000000
0.000000,-24.555399,0.000000
0.000000,-5.870503,0.000000
0.000000,-5.126654,0.000000
0.000000,-11.531154,0.000000
0.000000,-23.054710,0.000000
0.000000,-26.666172,0.000000
0.000000,-18.235615,0.000000
0.000000,-12.895503,0.000000
0.000000,-7.388309,0.000000
0.000000,-0.956856,0.000000
0.000000,0.603666,0.000000
0.000000,5.194961,0.000000
0.000000,0.653729,0.000000
0.000000,2.600189,0.000000
0.000000,6.210871,0.000000
0.000000,18.744804,0.000000
0.000000,21.243240,0.000000
0.000000,27.065384,0.000000
0.000000,24.940739,0.000000
0.000000,31.550797,0.000000
0.000000,25.415525,0.000000
0.000000,40.501640,0.000000
0.000000,48.776432,0.000000
0.000000,49.879320,0.000000
0.000000,50.411460,0.000000
0.000000,54.886880,0.000000
0.000000,52.624027,0.000000
0.000000,51.267883,0.000000
0.000000,29.223280,0.000000
0.000000,50.715332,0.000000
0.000000,52.041080,0.000000
0.000000,49.470867,0.000000
0.000000,48.744470,0.000000
0.000000,27.243440,0.000000
0.000000,48.597557,0.000000
0.000000,47.456190,0.000000
0.000000,49.840126,0.000000
0.000000,51.198845,0.000000
0.000000,47.542780,0.000000
0.000000,47.589355,0.000000
0.000000,49.096660,0.000000
0.000000,50.795773,0.000000
0.000000,49.796486,0.000000
0.000000,50.965137,0.000000
0.000000,50.272644,0.000000
0.000000,51.665770,0.000000
0.000000,50.721540,0.000000
0.000000,50.451010,0.000000
0.000000,49.931904,0.000000
0.000000,49.256680,0.000000
0.000000,48.387753,0.000000
0.000000,49.806230,0.000000
0.000000,51.991250,0.000000
0.000000,47.157710,0.000000
0.000000,48.625270,0.000000
0.000000,48.849926,0.000000
0.000000,45.251740,0.000000
0.000000,31.112925,0.000000
0.000000,18.494280,0.000000
0.000000,14.813284,0.000000
0.000000,14.049359,0.000000
0.000000,9.330448,0.000000
0.000000,10.454922,0.000000
0.000000,13.784843,0.000000
0.000000,22.008371,0.000000
0.000000,26.638803,0.000000
0.000000,21.814718,0.000000
0.000000,20.872270,0.000000
0.000000,15.405622,0.000000
0.000000,14.743937,0.000000
0.000000,21.204798,0.000000
0.000000,24.429525,0.000000
0.000000,21.920448,0.000000
0.000000,21.856308,0.000000
0.000000,17.716534,0.000000
0.000000,10.995070,0.000000
0.000000,17.482552,0.000000
0.000000,17.040276,0.000000
0.000000,13.191717,0.000000
0.000000,1.105914,0.000000
0.000000,4.023123,0.000000
0.000000,4.052745,0.000000
0.000000,3.892317,0.000000
0.000000,-1.783456,0.000000
0.000000,2.370949,0.000000
0.000000,-5.134101,0.000000
0.000000,-2.170968,0.000000
0.000000,-3.384334,0.000000
0.000000,-1.575271,0.000000
0.000000,-3.802151,0.000000
0.000000,-4.033233,0.000000
0.000000,-2.777146,0.000000
0.000000,-5.492606,0.000000
0.000000,-7.674969,0.000000
0.000000,-5.425054,0.000000
0.000000,-9.780786,0.000000
0.000000,-9.676046,0.000000
0.000000,-10.141227,0.000000
0.000000,-12.519310,0.000000
0.000000,-13.538444,0.000000
0.000000,-14.882149,0.000000
0.000000,-16.201895,0.000000
0.000000,-16.332508,0.000000
0.000000,-17.825975,0.000000
0.000000,-12.653668,0.000000
0.000000,-15.077610,0.000000
0.000000,-8.329472,0.000000
0.000000,-14.486913,0.000000
0.000000,-17.186310,0.000000
0.000000,-8.571398,0.000000
0.000000,-9.537587,0.000000
0.000000,-8.200847,0.000000
0.000000,-6.948573,0.000000
0.000000,-9.048768,0.000000
0.000000,-12.182218,0.000000
0.000000,-16.049324,0.000000
0.000000,-12.251982,0.000000
0.000000,-14.728558,0.000000
0.000000,-13.616105,0.000000
0.000000,-3.178460,0.000000
0.000000,-3.304282,0.000000
0.000000,-23.228567,0.000000
0.000000,-13.624982,0.000000
0.000000,-22.055540,0.000000
0.000000,-14.922443,0.000000
0.000000,-13.470750,0.000000
0.000000,-12.083002,0.000000
0.000000,-11.005552,0.000000
0.000000,-18.279154,0.000000
0.000000,-7.826472,0.000000
0.000000,-12.599101,0.000000
0.000000,-23.600185,0.000000
0.000000,-42.432793,0.000000
0.000000,-51.138027,0.000000
0.000000,-55.171513,0.000000
0.000000,-59.394825,0.000000
0.000000,-59.007683,0.000000
0.000000,-59.613250,0.000000
0.000000,-64.320830,0.000000
0.000000,-64.578180,0.000000
0.000000,-68.406075,0.000000
0.000000,-68.766770,0.000000
0.000000,-67.073920,0.000000
0.000000,-63.143940,0.000000
0.000000,-56.175390,0.000000
0.000000,-72.727560,0.000000
0.000000,-69.348640,0.000000
0.000000,-69.009800,0.000000
0.000000,-67.249535,0.000000
0.000000,-69.088776,0.000000
0.000000,-68.457050,0.000000
0.000000,-67.592710,0.000000
0.000000,-68.794075,0.000000
0.000000,-70.637010,0.000000
0.000000,-70.430310,0.000000
0.000000,-70.963920,0.000000
0.000000,-72.270330,0.000000
0.000000,-74.851560,0.000000
0.000000,-73.337540,0.000000
0.000000,-77.226090,0.000000
0.000000,-79.395870,0.000000
0.000000,-72.908260,0.000000
0.000000,-71.306660,0.000000
0.000000,-67.648800,0.000000
0.000000,-62.060303,0.000000
0.000000,-69.950110,0.000000
0.000000,-67.379100,0.000000
0.000000,-57.640790,0.000000
0.000000,-57.747400,0.000000
0.000000,-52.621014,0.000000
0.000000,-63.563053,0.000000
0.000000,-60.242670,0.000000
0.000000,-32.532340,0.000000
0.000000,-32.412365,0.000000
0.000000,-29.492939,0.000000
0.000000,-27.492340,0.000000
0.000000,-22.568537,0.000000
0.000000,-23.065334,0.000000
0.000000,-22.783154,0.000000
0.000000,-15.964836,0.000000
0.000000,-14.320845,0.000000
0.000000,-6.483524,0.000000
0.000000,-3.894586,0.000000
0.000000,3.095227,0.000000
0.000000,9.503387,0.000000
0.000000,8.554522,0.000000
0.000000,6.677812,0.000000
0.000000,9.820511,0.000000
0.000000,22.298431,0.000000
0.000000,20.093536,0.000000
0.000000,16.197802,0.000000
0.000000,14.710069,0.000000
0.000000,9.539781,0.000000
0.000000,8.588670,0.000000
0.000000,7.801438,0.000000
0.000000,10.690383,0.000000
0.000000,10.270211,0.000000
0.000000,10.091143,0.000000
0.000000,3.807956,0.000000
0.000000,11.422444,0.000000
0.000000,9.938766,0.000000
0.000000,14.956430,0.000000
0.000000,15.690068,0.000000
0.000000,18.792059,0.000000
0.000000,22.665815,0.000000
0.000000,24.117012,0.000000
0.000000,31.381855,0.000000
0.000000,24.863880,0.000000
0.000000,25.519260,0.000000
0.000000,12.336061,0.000000
0.000000,12.958265,0.000000
0.000000,28.476347,0.000000
0.000000,7.693762,0.000000
0.000000,49.311123,0.000000
0.000000,51.882690,0.000000
0.000000,44.939957,0.000000
0.000000,48.983727,0.000000
0.000000,52.866894,0.000000
0.000000,47.671654,0.000000
0.000000,47.777477,0.000000
0.000000,49.313816,0.000000
0.000000,52.550420,0.000000
0.000000,53.563250,0.000000
0.000000,51.818150,0.000000
0.000000,52.490265,0.000000
0.000000,53.873350,0.000000
0.000000,53.619360,0.000000
0.000000,53.909386,0.000000
0.000000,55.103000,0.000000
0.000000,53.557133,0.000000
0.000000,55.026860,0.000000
0.000000,54.667713,0.000000
0.000000,52.675827,0.000000
0.000000,54.906982,0.000000
0.000000,54.488450,0.000000
0.000000,50.524193,0.000000
0.000000,52.107960,0.000000
0.000000,50.701600,0.000000
0.000000,49.512478,0.000000
0.000000,51.883762,0.000000
0.000000,51.271830,0.000000
0.000000,49.408035,0.000000
0.000000,30.432238,0.000000
0.000000,37.349453,0.000000
0.000000,37.035656,0.000000
0.000000,34.022900,0.000000
0.000000,32.570965,0.000000
0.000000,35.650177,0.000000
0.000000,35.676517,0.000000
0.000000,35.487120,0.000000
0.000000,35.375930,0.000000
0.000000,35.795110,0.000000
0.000000,37.875410,0.000000
0.000000,47.261448,0.000000
0.000000,36.250900,0.000000
0.000000,32.555878,0.000000
0.000000,39.592180,0.000000
0.000000,49.942726,0.000000
0.000000,48.994343,0.000000
0.000000,51.225655,0.000000
0.000000,51.727480,0.000000
0.000000,45.987810,0.000000
0.000000,45.231308,0.000000
0.000000,35.214584,0.000000
0.000000,39.477295,0.000000
0.000000,18.719099,0.000000
0.000000,30.355682,0.000000
0.000000,32.504753,0.000000
0.000000,22.710386,0.000000
0.000000,16.126404,0.000000
0.000000,10.976958,0.000000
0.000000,9.304534,0.000000
0.000000,5.277274,0.000000
0.000000,8.405854,0.000000
0.000000,24.091017,0.000000
0.000000,15.283311,0.000000
0.000000,11.689074,0.000000
0.000000,1.831976,0.000000
0.000000,-2.814748,0.000000
0.000000,-1.494663,0.000000
0.000000,-1.353021,0.000000
0.000000,3.535850,0.000000
0.000000,9.400972,0.000000
0.000000,15.834888,0.000000
0.000000,17.237066,0.000000
0.000000,14.995851,0.000000
0.000000,15.015320,0.000000
0.000000,12.356173,0.000000
0.000000,13.910693,0.000000
0.000000,11.363436,0.000000
0.000000,5.750179,0.000000
0.000000,11.971855,0.000000
0.000000,4.035407,0.000000
0.000000,1.422412,0.000000
0.000000,0.477761,0.000000
0.000000,-2.730290,0.000000
0.000000,-1.657318,0.000000
0.000000,0.547535,0.000000
0.000000,3.644645,0.000000
0.000000,-2.337364,0.000000
0.000000,-2.842320,0.000000
0.000000,-5.786013,0.000000
0.000000,-8.442780,0.000000
0.000000,-10.453959,0.000000
0.000000,-8.560214,0.000000
0.000000,-0.151893,0.000000
0.000000,-12.458668,0.000000
0.000000,-5.442284,0.000000
0.000000,-4.926991,0.000000
0.000000,-3.263027,0.000000
0.000000,-6.139154,0.000000
0.000000,-5.465384,0.000000
0.000000,-4.402987,0.000000
0.000000,-7.882503,0.000000
0.000000,-6.947013,0.000000
0.000000,-7.401955,0.000000
0.000000,-10.088671,0.000000
0.000000,-8.217215,0.000000
0.000000,-8.450278,0.000000
0.000000,-10.024054,0.000000
0.000000,-9.241204,0.000000
0.000000,-4.391663,0.000000
0.000000,-9.459228,0.000000
0.000000,5.557190,0.000000
0.000000,-7.807300,0.000000
0.000000,-6.434352,0.000000
0.000000,-10.984736,0.000000
0.000000,-8.390562,0.000000
0.000000,-9.816883,0.000000
0.000000,-11.791380,0.000000
0.000000,-1.489151,0.000000
0.000000,-10.324268,0.000000
0.000000,-10.896478,0.000000
0.000000,-12.675469,0.000000
0.000000,-11.610826,0.000000
0.000000,-16.098835,0.000000
0.000000,-10.299240,0.000000
0.000000,-12.992317,0.000000
0.000000,-12.770226,0.000000
0.000000,-13.066532,0.000000
0.000000,-12.818025,0.000000
0.000000,-13.474634,0.000000
0.000000,-15.420988,0.000000
0.000000,-15.266129,0.000000
0.000000,-14.583903,0.000000
0.000000,-15.210578,0.000000
0.000000,-8.283304,0.000000
0.000000,-4.806572,0.000000
0.000000,-3.874861,0.000000
0.000000,-15.370376,0.000000
0.000000,-15.575024,0.000000
0.000000,-2.360352,0.000000
0.000000,-2.494470,0.000000
0.000000,-19.178165,0.000000
0.000000,-5.555445,0.000000
0.000000,-1.485992,0.000000
0.000000,-14.667092,0.000000
0.000000,-0.270856,0.000000
0.000000,-11.413631,0.000000
0.000000,-4.420332,0.000000
0.000000,-18.730389,0.000000
0.000000,-19.470222,0.000000
0.000000,-19.063980,0.000000
0.000000,-19.421616,0.000000
0.000000,-12.743580,0.000000
0.000000,-14.921849,0.000000
0.000000,-13.632529,0.000000
0.000000,-12.957190,0.000000
0.000000,-13.130113,0.000000
0.000000,-13.093006,0.000000
0.000000,-13.038039,0.000000
0.000000,-13.651899,0.000000
0.000000,-13.360816,0.000000
0.000000,-14.527184,0.000000
0.000000,-13.392192,0.000000
0.000000,-12.305439,0.000000
0.000000,-13.371833,0.000000
0.000000,-14.089922,0.000000
0.000000,-13.074514,0.000000
0.000000,-12.676868,0.000000
0.000000,-14.306083,0.000000
0.000000,-14.461820,0.000000
0.000000,-15.533658,0.000000
0.000000,-13.193212,0.000000
0.000000,-13.736545,0.000000
0.000000,-13.882751,0.000000
0.000000,-15.737675,0.000000
0.000000,-21.644249,0.000000
0.000000,-7.473472,0.000000
0.000000,-4.943610,0.000000
0.000000,-2.273913,0.000000
0.000000,-6.118042,0.000000
0.000000,-8.803737,0.000000
0.000000,-8.833362,0.000000
0.000000,-19.190720,0.000000
0.000000,1.502170,0.000000
0.000000,-6.058581,0.000000
0.000000,-9.823817,0.000000
0.000000,-14.242826,0.000000
0.000000,-8.352252,0.000000
0.000000,-3.361506,0.000000
0.000000,-1.450699,0.000000
0.000000,-9.527491,0.000000
0.000000,-9.097634,0.000000
0.000000,-9.914624,0.000000
0.000000,-8.524115,0.000000
0.000000,-9.087514,0.000000
0.000000,-6.201842,0.000000
0.000000,-3.302289,0.000000
0.000000,-3.297534,0.000000
0.000000,-3.837226,0.000000
0.000000,-3.710616,0.000000
0.000000,-1.898037,0.000000
0.000000,-2.291790,0.000000
0.000000,-3.779934,0.000000
0.000000,-1.965029,0.000000
0.000000,-2.723162,0.000000
0.000000,-4.284170,0.000000
0.000000,8.056571,0.000000
0.000000,-4.162409,0.000000
0.000000,-2.831908,0.000000
0.000000,-3.698447,0.000000
0.000000,-0.922938,0.000000
0.000000,-3.147809,0.000000
0.000000,-3.361343,0.000000
0.000000,-3.844192,0.000000
0.000000,-28.341446,0.000000
0.000000,-16.973055,0.000000
0.000000,1.479262,0.000000
0.000000,-3.505469,0.000000
0.000000,-21.447062,0.000000
0.000000,-3.159549,0.000000
0.000000,-3.642824,0.000000
0.000000,-1.389194,0.000000
0.000000,-1.614410,0.000000
0.000000,-1.810939,0.000000
0.000000,-6.200950,0.000000
0.000000,-7.076222,0.000000
0.000000,-8.179902,0.000000
0.000000,-2.546013,0.000000
0.000000,-3.244524,0.000000
0.000000,-3.587492,0.000000
0.000000,-3.188199,0.000000
0.000000,-3.752049,0.000000
0.000000,-4.122882,0.000000
0.000000,-2.846246,0.000000
0.000000,-3.357112,0.000000
0.000000,-13.515304,0.000000
0.000000,-5.004720,0.000000
0.000000,-2.188424,0.000000
0.000000,-3.317769,0.000000
0.000000,-3.534918,0.000000
0.000000,-5.098933,0.000000
0.000000,-3.198282,0.000000
0.000000,-1.893187,0.000000
0.000000,-3.189327,0.000000
0.000000,-3.236977,0.000000
0.000000,-2.527039,0.000000
0.000000,-2.441150,0.000000
0.000000,-2.280039,0.000000
0.000000,-1.479511,0.000000
0.000000,-0.760580,0.000000
0.000000,-6.727833,0.000000
0.000000,-0.512092,0.000000
0.000000,-3.783265,0.000000
0.000000,-2.449610,0.000000
0.000000,-4.122167,0.000000
0.000000,-3.611526,0.000000
0.000000,-2.825952,0.000000
0.000000,-12.716546,0.000000
0.000000,-2.815083,0.000000
0.000000,-3.390023,0.000000
0.000000,-3.305390,0.000000
0.000000,-1.856976,0.000000
0.000000,-3.783744,0.000000
0.000000,-3.595576,0.000000
0.000000,0.613841,0.000000
0.000000,-4.938083,0.000000
0.000000,-7.632213,0.000000
0.000000,-3.527240,0.000000
0.000000,-2.833289,0.000000
0.000000,-3.791392,0.000000
0.000000,-4.013450,0.000000
0.000000,-2.486099,0.000000
0.000000,-2.939530,0.000000
0.000000,-2.472197,0.000000
0.000000,-4.082776,0.000000
0.000000,-2.192217,0.000000
0.000000,-4.219776,0.000000
0.000000,-7.806932,0.000000
0.000000,-2.758618,0.000000
0.000000,-0.807608,0.000000
0.000000,-16.677267,0.000000
0.000000,-2.793111,0.000000
0.000000,-3.735012,0.000000
0.000000,-4.862417,0.000000
0.000000,-2.741932,0.000000
0.000000,-2.603745,0.000000
0.000000,-3.438828,0.000000
0.000000,-3.679543,0.000000
0.000000,-13.903992,0.000000
0.000000,-3.519255,0.000000
0.000000,-3.823956,0.000000
0.000000,-2.995118,0.000000
0.000000,-3.760516,0.000000
0.000000,-3.674807,0.000000
0.000000,-3.860730,0.000000
0.000000,-2.201938,0.000000
0.000000,-2.863965,0.000000
0.000000,-4.904635,0.000000
0.000000,-4.810427,0.000000
0.000000,-3.251737,0.000000
0.000000,-3.153578,0.000000
0.000000,-2.747544,0.000000
0.000000,-3.551154,0.000000
0.000000,-1.039452,0.000000
0.000000,-4.525520,0.000000
0.000000,-4.089336,0.000000
0.000000,-2.886379,0.000000
0.000000,-1.952874,0.000000
0.000000,-6.270327,0.000000
0.000000,-3.663977,0.000000
0.000000,-3.450286,0.000000
0.000000,-7.082118,0.000000
0.000000,-3.381340,0.000000
0.000000,-13.768737,0.000000
0.000000,-3.517698,0.000000
0.000000,-6.373497,0.000000
0.000000,-3.176928,0.000000
0.000000,-2.589844,0.000000
0.000000,-20.455109,0.000000
0.000000,-3.535716,0.000000
0.000000,-2.388707,0.000000
0.000000,-8.104210,0.000000
0.000000,-4.244928,0.000000
0.000000,-3.771966,0.000000
0.000000,-9.214560,0.000000
0.000000,-18.491064,0.000000
0.000000,-4.407457,0.000000
0.000000,-6.171163,0.000000
0.000000,-3.457695,0.000000
0.000000,-8.093967,0.000000
0.000000,-4.076205,0.000000
0.000000,-4.018426,0.000000
0.000000,-6.139227,0.000000
0.000000,-3.794142,0.000000
0.000000,-3.199957,0.000000
0.000000,-10.383451,0.000000
0.000000,-6.581603,0.000000
0.000000,-9.783477,0.000000
0.000000,-17.318962,0.000000
0.000000,-9.717935,0.000000
0.000000,-6.615473,0.000000
0.000000,-4.607791,0.000000
0.000000,-5.477694,0.000000
0.000000,-5.539732,0.000000
0.000000,-1.798045,0.000000
0.000000,-4.427558,0.000000
0.000000,-5.218471,0.000000
0.000000,-7.485333,0.000000
0.000000,-1.871319,0.000000
0.000000,-11.314880,0.000000
0.000000,-3.494708,0.000000
0.000000,-17.893223,0.000000
0.000000,-17.813830,0.000000
0.000000,-8.681361,0.000000
0.000000,-5.360872,0.000000
0.000000,-10.023526,0.000000
0.000000,-5.333320,0.000000
0.000000,1.069907,0.000000
0.000000,-11.779711,0.000000
0.000000,-16.486656,0.000000
0.000000,-15.722732,0.000000
0.000000,-7.868973,0.000000
0.000000,-7.520112,0.000000
0.000000,-11.547012,0.000000
0.000000,-5.169208,0.000000
0.000000,-12.513128,0.000000
0.000000,-14.063662,0.000000
0.000000,-17.615520,0.000000
0.000000,-14.458567,0.000000
0.000000,-14.514122,0.000000
0.000000,-9.045850,0.000000
0.000000,-14.925832,0.000000
0.000000,-14.846449,0.000000
0.000000,-13.583442,0.000000
0.000000,-15.553215,0.000000
0.000000,-11.949765,0.000000
0.000000,-11.814052,0.000000
0.000000,-11.767680,0.000000
0.000000,-9.178591,0.000000
0.000000,-17.146057,0.000000
0.000000,-17.186577,0.000000
0.000000,-18.453981,0.000000
0.000000,-13.961057,0.000000
0.000000,-14.368505,0.000000
0.000000,-11.096567,0.000000
0.000000,-9.454456,0.000000
0.000000,-18.920479,0.000000
0.000000,-14.048081,0.000000
0.000000,-15.013555,0.000000
0.000000,-5.713007,0.000000
0.000000,-7.503556,0.000000
0.000000,-12.348838,0.000000
0.000000,-14.445315,0.000000
0.000000,-10.846815,0.000000
0.000000,-15.074190,0.000000
0.000000,-15.908055,0.000000
0.000000,7.844445,0.000000
0.000000,-16.732534,0.000000
0.000000,-11.098366,0.000000
0.000000,-14.178608,0.000000
0.000000,-12.755519,0.000000
0.000000,-16.082588,0.000000
0.000000,-12.633744,0.000000
0.000000,-13.201502,0.000000
0.000000,-10.380813,0.000000
0.000000,-10.392322,0.000000
0.000000,-10.771400,0.000000
0.000000,-5.197673,0.000000
0.000000,-12.469272,0.000000
0.000000,-9.286278,0.000000
0.000000,-12.755052,0.000000
0.000000,-14.248136,0.000000
0.000000,-12.854707,0.000000
0.000000,-11.048893,0.000000
0.000000,-11.987827,0.000000
0.000000,-10.549209,0.000000
0.000000,-13.184736,0.000000
0.000000,-8.547887,0.000000
0.000000,-10.988839,0.000000
0.000000,-10.754957,0.000000
0.000000,-13.074962,0.000000
0.000000,-11.983779,0.000000
0.000000,-10.876677,0.000000
0.000000,-11.867563,0.000000
0.000000,-3.007930,0.000000
0.000000,-13.964022,0.000000
0.000000,-19.629480,0.000000
0.000000,-11.956588,0.000000
0.000000,6.107811,0.000000
0.000000,-12.469099,0.000000
0.000000,7.798541,0.000000
0.000000,-12.154576,0.000000
0.000000,-11.047744,0.000000
0.000000,-8.777742,0.000000
0.000000,-13.361955,0.000000
0.000000,-13.207726,0.000000
0.000000,-12.063634,0.000000
0.000000,-19.365068,0.000000
0.000000,-15.993516,0.000000
0.000000,-12.785004,0.000000
0.000000,-3.763002,0.000000
0.000000,-12.492903,0.000000
0.000000,-17.758583,0.000000
0.000000,-11.420922,0.000000
0.000000,-8.395189,0.000000
0.000000,-14.465198,0.000000
0.000000,-16.382591,0.000000
0.000000,-14.435139,0.000000
0.000000,-17.819890,0.000000
0.000000,-21.702720,0.000000
0.000000,-7.816706,0.000000
0.000000,-13.970218,0.000000
0.000000,-8.008645,0.000000
0.000000,-14.645747,0.000000
0.000000,-10.540959,0.000000
0.000000,-4.319643,0.000000
0.000000,-16.462965,0.000000
0.000000,-12.866313,0.000000
0.000000,-13.434346,0.000000
0.000000,-13.840296,0.000000
0.000000,-12.886509,0.000000
0.000000,-14.679563,0.000000
0.000000,-8.032053,0.000000
0.000000,-12.116395,0.000000
0.000000,-13.340874,0.000000
0.000000,-13.699260,0.000000
0.000000,-18.197382,0.000000
0.000000,-12.165867,0.000000
0.000000,-13.433242,0.000000
0.000000,-12.270024,0.000000
0.000000,-14.088371,0.000000
0.000000,-15.555927,0.000000
0.000000,2.676399,0.000000
0.000000,-14.975181,0.000000
0.000000,-12.843108,0.000000
0.000000,3.763265,0.000000
0.000000,-17.151780,0.000000
0.000000,-14.561480,0.000000
0.000000,-14.610677,0.000000
0.000000,-16.481298,0.000000
0.000000,-13.816763,0.000000
0.000000,-16.520367,0.000000
0.000000,-11.813061,0.000000
0.000000,-17.578363,0.000000
0.000000,-17.423267,0.000000
0.000000,-16.725466,0.000000
0.000000,-12.581608,0.000000
0.000000,-17.212723,0.000000
0.000000,-15.578244,0.000000
0.000000,-11.698599,0.000000
0.000000,-13.874115,0.000000
0.000000,-10.653621,0.000000
0.000000,-14.100680,0.000000
0.000000,-16.595463,0.000000
0.000000,-17.105204,0.000000
0.000000,-18.259296,0.000000
0.000000,-16.497965,0.000000
0.000000,-4.954561,0.000000
0.000000,-12.816502,0.000000
0.000000,-16.744330,0.000000
0.000000,-16.515953,0.000000
0.000000,-17.575228,0.000000
0.000000,-13.782245,0.000000
0.000000,-15.179854,0.000000
0.000000,-15.550019,0.000000
0.000000,-17.302567,0.000000
0.000000,-12.949088,0.000000
0.000000,2.595970,0.000000
0.000000,-16.261045,0.000000
0.000000,-15.192710,0.000000
0.000000,-14.322143,0.000000
0.000000,-15.862168,0.000000
0.000000,-18.206633,0.000000
0.000000,-9.590708,0.000000
0.000000,-21.659664,0.000000
0.000000,-11.636527,0.000000
0.000000,-15.871873,0.000000
0.000000,-16.253885,0.000000
0.000000,-9.486925,0.000000
0.000000,-14.101454,0.000000
0.000000,-13.414037,0.000000
0.000000,-16.675238,0.000000
0.000000,-15.298924,0.000000
0.000000,-12.310304,0.000000
0.000000,-12.700138,0.000000
0.000000,-12.358799,0.000000
0.000000,-17.420216,0.000000
0.000000,-14.369603,0.000000
0.000000,-16.450464,0.000000
0.000000,-19.487066,0.000000
0.000000,-12.352353,0.000000
0.000000,-12.965457,0.000000
0.000000,-14.075397,0.000000
0.000000,-16.810125,0.000000
0.000000,-13.886147,0.000000
0.000000,5.148970,0.000000
0.000000,-15.722716,0.000000
0.000000,-12.193235,0.000000
0.000000,-17.117891,0.000000
0.000000,-10.597474,0.000000
0.000000,-12.453800,0.000000
0.000000,-18.200916,0.000000
0.000000,-19.549547,0.000000
0.000000,-18.413588,0.000000
0.000000,-18.420620,0.000000
0.000000,-17.416847,0.000000
0.000000,-11.386887,0.000000
0.000000,-8.810252,0.000000
0.000000,-12.855287,0.000000
0.000000,-12.470839,0.000000
0.000000,-13.120981,0.000000
0.000000,-14.400608,0.000000
0.000000,-15.493447,0.000000
0.000000,-13.389048,0.000000
0.000000,-18.743300,0.000000
0.000000,-11.739733,0.000000
0.000000,-13.597706,0.000000
0.000000,-14.744396,0.000000
0.000000,-16.932629,0.000000
0.000000,-12.394072,0.000000
0.000000,-15.348742,0.000000
0.000000,-17.128044,0.000000
0.000000,-15.501627,0.000000
0.000000,-18.044888,0.000000
0.000000,-14.307551,0.000000
0.000000,-16.091597,0.000000
0.000000,-12.651928,0.000000
0.000000,-14.638227,0.000000
0.000000,-17.931293,0.000000
0.000000,-13.494495,0.000000
0.000000,-17.391266,0.000000
0.000000,-14.044170,0.000000
0.000000,-18.003178,0.000000
0.000000,-14.759838,0.000000
0.000000,-13.119968,0.000000
0.000000,-17.660850,0.000000
0.000000,-18.603283,0.000000
0.000000,-17.663765,0.000000
0.000000,-15.131475,0.000000
0.000000,-14.057437,0.000000
0.000000,-13.585123,0.000000
0.000000,-11.362644,0.000000
0.000000,-16.262090,0.000000
0.000000,-14.420462,0.000000
0.000000,-11.589858,0.000000
0.000000,-12.336266,0.000000
0.000000,-12.237439,0.000000
0.000000,-10.930004,0.000000
0.000000,-12.206011,0.000000
0.000000,-12.783942,0.000000
0.000000,-12.731022,0.000000
0.000000,-12.224119,0.000000
0.000000,-11.186644,0.000000
0.000000,-11.197682,0.000000
0.000000,-11.252852,0.000000
0.000000,-11.366952,0.000000
0.000000,-10.049376,0.000000
0.000000,-11.843688,0.000000
0.000000,-10.970550,0.000000
0.000000,-12.612573,0.000000
0.000000,-11.793937,0.000000
0.000000,-8.799046,0.000000
0.000000,-5.215012,0.000000
0.000000,-6.152875,0.000000
0.000000,-4.645416,0.000000
0.000000,-6.623138,0.000000
0.000000,-4.761241,0.000000
0.000000,-4.956060,0.000000
0.000000,-4.058878,0.000000
0.000000,-3.242558,0.000000
0.000000,-1.383113,0.000000
0.000000,-3.393642,0.000000
0.000000,-2.713576,0.000000
0.000000,-4.138032,0.000000
0.000000,-8.345951,0.000000
0.000000,-17.553286,0.000000
0.000000,-5.420699,0.000000
0.000000,-11.508792,0.000000
0.000000,-14.017743,0.000000
0.000000,-15.328543,0.000000
0.000000,-13.206402,0.000000
0.000000,-11.026482,0.000000
0.000000,-13.924342,0.000000
0.000000,-16.126997,0.000000
0.000000,-5.715309,0.000000
0.000000,-7.493953,0.000000
0.000000,-10.088794,0.000000
0.000000,-8.617591,0.000000
0.000000,-10.803665,0.000000
0.000000,-17.962557,0.000000
0.000000,-17.393509,0.000000
0.000000,-15.097249,0.000000
0.000000,-17.951694,0.000000
0.000000,-18.461699,0.000000
0.000000,-14.570109,0.000000
0.000000,-20.864492,0.000000
0.000000,-10.942240,0.000000
0.000000,5.770480,0.000000
0.000000,10.115706,0.000000
0.000000,-32.885307,0.000000
0.000000,-40.796590,0.000000
0.000000,-54.421314,0.000000
0.000000,-49.106290,0.000000
0.000000,-41.559670,0.000000
0.000000,-49.072945,0.000000
0.000000,-48.909447,0.000000
0.000000,-46.708942,0.000000
0.000000,-62.139427,0.000000
0.000000,-56.341057,0.000000
0.000000,-49.686306,0.000000
0.000000,-52.772896,0.000000
0.000000,-66.551810,0.000000
0.000000,-69.199486,0.000000
0.000000,-62.504528,0.000000
0.000000,-65.109450,0.000000
0.000000,-65.425606,0.000000
0.000000,-61.509270,0.000000
0.000000,-68.145720,0.000000
0.000000,-67.403790,0.000000
0.000000,-69.734670,0.000000
0.000000,-68.336730,0.000000
0.000000,-71.241310,0.000000
0.000000,-78.786340,0.000000
0.000000,-74.007140,0.000000
0.000000,-75.015175,0.000000
0.000000,-72.369810,0.000000
0.000000,-65.838280,0.000000
0.000000,-65.498600,0.000000
0.000000,-61.524963,0.000000
0.000000,-52.300304,0.000000
0.000000,-48.842663,0.000000
0.000000,-35.601967,0.000000
0.000000,-15.446053,0.000000
0.000000,-14.090058,0.000000
0.000000,1.992379,0.000000
0.000000,-1.220881,0.000000
0.000000,-15.934452,0.000000
0.000000,-27.365420,0.000000
0.000000,-21.288979,0.000000
0.000000,-18.757137,0.000000
0.000000,-18.656698,0.000000
0.000000,7.511694,0.000000
0.000000,12.147279,0.000000
0.000000,9.066680,0.000000
0.000000,-3.017912,0.000000
0.000000,-1.534965,0.000000
0.000000,-1.464737,0.000000
0.000000,-3.484980,0.000000
0.000000,-6.317316,0.000000
0.000000,4.000584,0.000000
0.000000,-5.045409,0.000000
0.000000,9.404070,0.000000
0.000000,10.417249,0.000000
0.000000,14.543531,0.000000
0.000000,18.902796,0.000000
0.000000,20.575100,0.000000
0.000000,25.345554,0.000000
0.000000,24.502653,0.000000
0.000000,23.561422,0.000000
0.000000,29.249384,0.000000
0.000000,37.817986,0.000000
0.000000,35.794395,0.000000
0.000000,40.998714,0.000000
0.000000,49.310543,0.000000
0.000000,47.619920,0.000000
0.000000,36.894875,0.000000
0.000000,49.275080,0.000000
0.000000,48.104916,0.000000
0.000000,48.003742,0.000000
0.000000,49.386960,0.000000
0.000000,52.891865,0.000000
0.000000,48.278820,0.000000
0.000000,52.832250,0.000000
0.000000,48.970985,0.000000
0.000000,48.542984,0.000000
0.000000,51.019115,0.000000
0.000000,42.025590,0.000000
0.000000,50.978504,0.000000
0.000000,45.460980,0.000000
0.000000,49.758152,0.000000
0.000000,50.026474,0.000000
0.000000,47.755245,0.000000
0.000000,46.025272,0.000000
0.000000,46.237156,0.000000
0.000000,41.163094,0.000000
0.000000,26.420570,0.000000
0.000000,26.790320,0.000000
0.000000,45.729042,0.000000
0.000000,46.893623,0.000000
0.000000,46.852330,0.000000
0.000000,46.036877,0.000000
0.000000,52.564270,0.000000
0.000000,52.025673,0.000000
0.000000,49.935856,0.000000
0.000000,38.967340,0.000000
0.000000,42.628807,0.000000
0.000000,38.828354,0.000000
0.000000,42.077940,0.000000
0.000000,42.126945,0.000000
0.000000,36.804924,0.000000
0.000000,34.596985,0.000000
0.000000,41.452778,0.000000
0.000000,38.187363,0.000000
0.000000,39.381310,0.000000
0.000000,38.577343,0.000000
0.000000,38.915660,0.000000
0.000000,39.941307,0.000000
0.000000,36.247524,0.000000
0.000000,35.823807,0.000000
0.000000,28.594473,0.000000
0.000000,14.429413,0.000000
0.000000,21.255222,0.000000
0.000000,16.129297,0.000000
0.000000,18.111332,0.000000
0.000000,21.152890,0.000000
0.000000,20.141901,0.000000
0.000000,23.037697,0.000000
0.000000,23.977783,0.000000
0.000000,24.143288,0.000000
0.000000,19.216396,0.000000
0.000000,21.503136,0.000000
0.000000,22.965902,0.000000
0.000000,17.811972,0.000000
0.000000,16.247566,0.000000
0.000000,14.607312,0.000000
0.000000,15.329081,0.000000
0.000000,14.143947,0.000000
0.000000,2.977219,0.000000
0.000000,4.347806,0.000000
0.000000,11.505248,0.000000
0.000000,6.881596,0.000000
0.000000,3.742860,0.000000
0.000000,2.510140,0.000000
0.000000,3.063683,0.000000
0.000000,2.394598,0.000000
0.000000,3.216283,0.000000
0.000000,6.208873,0.000000
0.000000,5.952938,0.000000
0.000000,8.767817,0.000000
0.000000,2.170500,0.000000
0.000000,6.431507,0.000000
0.000000,9.844328,0.000000
0.000000,7.055636,0.000000
0.000000,4.217405,0.000000
0.000000,8.093760,0.000000
0.000000,6.266140,0.000000
0.000000,4.582627,0.000000
0.000000,5.608783,0.000000
0.000000,10.798203,0.000000
0.000000,7.493173,0.000000
0.000000,7.256491,0.000000
0.000000,11.392444,0.000000
0.000000,11.117456,0.000000
0.000000,13.782731,0.000000
0.000000,12.058894,0.000000
0.000000,11.800470,0.000000
0.000000,15.359966,0.000000
0.000000,12.030565,0.000000
0.000000,13.584675,0.000000
0.000000,10.774366,0.000000
0.000000,10.339605,0.000000
0.000000,14.591024,0.000000
0.000000,16.919888,0.000000
0.000000,25.320440,0.000000
0.000000,13.273279,0.000000
0.000000,19.094955,0.000000
0.000000,17.016690,0.000000
0.000000,18.683592,0.000000
0.000000,10.530403,0.000000
0.000000,10.380857,0.000000
0.000000,25.793465,0.000000
0.000000,22.444485,0.000000
0.000000,23.305895,0.000000
0.000000,23.532576,0.000000
0.000000,17.573421,0.000000
0.000000,16.720419,0.000000
0.000000,15.476342,0.000000
0.000000,14.780085,0.000000
0.000000,15.974214,0.000000
0.000000,15.816537,0.000000
0.000000,14.899261,0.000000
0.000000,14.929646,0.000000
0.000000,14.184903,0.000000
0.000000,14.715442,0.000000
0.000000,14.634421,0.000000
0.000000,15.046400,0.000000
0.000000,13.871114,0.000000
0.000000,14.744069,0.000000
0.000000,14.822132,0.000000
0.000000,13.171721,0.000000
0.000000,10.790098,0.000000
0.000000,13.320565,0.000000
0.000000,12.819687,0.000000
0.000000,12.042263,0.000000
0.000000,-0.267609,0.000000
0.000000,14.293363,0.000000
0.000000,17.293200,0.000000
0.000000,15.993189,0.000000
0.000000,15.921560,0.000000
0.000000,13.205874,0.000000
0.000000,14.610791,0.000000
0.000000,14.803997,0.000000
0.000000,17.542229,0.000000
0.000000,13.861528,0.000000
0.000000,2.249768,0.000000
0.000000,16.301640,0.000000
0.000000,15.229774,0.000000
0.000000,16.683739,0.000000
0.000000,8.552911,0.000000
0.000000,15.179400,0.000000
0.000000,15.387330,0.000000
0.000000,15.655484,0.000000
0.000000,13.443206,0.000000
0.000000,15.742166,0.000000
0.000000,13.399266,0.000000
0.000000,9.145860,0.000000
0.000000,17.597893,0.000000
0.000000,11.361458,0.000000
0.000000,11.655825,0.000000
0.000000,17.244556,0.000000
0.000000,13.172107,0.000000
0.000000,14.453343,0.000000
0.000000,12.877135,0.000000
0.000000,15.028331,0.000000
0.000000,15.756260,0.000000
0.000000,16.029093,0.000000
0.000000,14.337668,0.000000
0.000000,8.745169,0.000000
0.000000,13.699561,0.000000
0.000000,15.558054,0.000000
0.000000,16.547667,0.000000
0.000000,18.022778,0.000000
0.000000,15.058654,0.000000
0.000000,14.404954,0.000000
0.000000,15.890812,0.000000
0.000000,15.929691,0.000000
0.000000,15.450748,0.000000
0.000000,15.441189,0.000000
0.000000,17.842575,0.000000
0.000000,14.858193,0.000000
0.000000,23.729170,0.000000
0.000000,15.435015,0.000000
0.000000,14.439255,0.000000
0.000000,16.580574,0.000000
0.000000,18.179590,0.000000
0.000000,15.909779,0.000000
0.000000,16.931154,0.000000
0.000000,9.693453,0.000000
0.000000,17.428123,0.000000
0.000000,17.095882,0.000000
0.000000,15.707992,0.000000
0.000000,16.389944,0.000000
0.000000,15.830913,0.000000
0.000000,16.811878,0.000000
0.000000,18.841145,0.000000
0.000000,16.597641,0.000000
0.000000,15.565308,0.000000
0.000000,16.853900,0.000000
0.000000,18.519466,0.000000
0.000000,7.136703,0.000000
0.000000,16.587496,0.000000
0.000000,14.681951,0.000000
0.000000,16.428862,0.000000
0.000000,11.908385,0.000000
0.000000,14.630980,0.000000
0.000000,17.663694,0.000000
0.000000,17.423328,0.000000
0.000000,15.802764,0.000000
0.000000,15.517408,0.000000
0.000000,15.671293,0.000000
0.000000,17.414140,0.000000
0.000000,14.936667,0.000000
0.000000,11.988003,0.000000
0.000000,15.017902,0.000000
0.000000,16.187490,0.000000
0.000000,8.985333,0.000000
0.000000,16.468773,0.000000
0.000000,15.043350,0.000000
0.000000,15.104003,0.000000
0.000000,17.829172,0.000000
0.000000,17.072199,0.000000
0.000000,15.597073,0.000000
0.000000,6.800261,0.000000
0.000000,11.263502,0.000000
0.000000,14.956553,0.000000
0.000000,13.862592,0.000000
0.000000,15.970555,0.000000
0.000000,16.307661,0.000000
0.000000,16.911410,0.000000
0.000000,15.794621,0.000000
0.000000,16.746380,0.000000
0.000000,16.374289,0.000000
0.000000,14.552029,0.000000
0.000000,15.923912,0.000000
0.000000,16.848616,0.000000
0.000000,12.468190,0.000000
0.000000,15.910852,0.000000
0.000000,16.574774,0.000000
0.000000,16.366934,0.000000
0.000000,17.948175,0.000000
0.000000,17.072063,0.000000
0.000000,16.155014,0.000000
0.000000,16.791822,0.000000
0.000000,15.116994,0.000000
0.000000,17.022928,0.000000
0.000000,16.600330,0.000000
0.000000,19.095432,0.000000
0.000000,16.289942,0.000000
0.000000,17.102654,0.000000
0.000000,17.042048,0.000000
0.000000,15.714984,0.000000
0.000000,20.745617,0.000000
0.000000,17.494730,0.000000
0.000000,16.753094,0.000000
0.000000,17.155123,0.000000
0.000000,14.591964,0.000000
0.000000,11.896844,0.000000
0.000000,16.661873,0.000000
0.000000,16.339470,0.000000
0.000000,17.981960,0.000000
0.000000,12.525174,0.000000
0.000000,17.932983,0.000000
0.000000,18.543707,0.000000
0.000000,18.393053,0.000000
0.000000,20.219430,0.000000
0.000000,17.179625,0.000000
0.000000,16.705883,0.000000
0.000000,18.364594,0.000000
0.000000,18.675323,0.000000
0.000000,16.484789,0.000000
0.000000,8.050721,0.000000
0.000000,15.459849,0.000000
0.000000,14.999252,0.000000
0.000000,16.069368,0.000000
0.000000,17.208450,0.000000
0.000000,19.478642,0.000000
0.000000,19.047650,0.000000
0.000000,16.243952,0.000000
0.000000,17.580534,0.000000
0.000000,4.573788,0.000000
0.000000,17.704266,0.000000
0.000000,16.576714,0.000000
0.000000,12.486461,0.000000
0.000000,20.399563,0.000000
0.000000,16.284689,0.000000
0.000000,17.997957,0.000000
0.000000,16.694834,0.000000
0.000000,18.243107,0.000000
0.000000,17.565908,0.000000
0.000000,17.607454,0.000000
0.000000,15.109065,0.000000
0.000000,17.007465,0.000000
0.000000,16.362500,0.000000
0.000000,16.005413,0.000000
0.000000,15.011771,0.000000
0.000000,16.770166,0.000000
0.000000,17.598907,0.000000
0.000000,15.196094,0.000000
0.000000,17.773262,0.000000
0.000000,16.569284,0.000000
0.000000,16.792141,0.000000
0.000000,15.481182,0.000000
0.000000,16.424206,0.000000
0.000000,15.760185,0.000000
0.000000,16.009040,0.000000
0.000000,18.262661,0.000000
0.000000,16.999111,0.000000
0.000000,14.019401,0.000000
0.000000,15.068283,0.000000
0.000000,16.560630,0.000000
0.000000,15.488498,0.000000
0.000000,16.002483,0.000000
0.000000,15.171851,0.000000
0.000000,6.893548,0.000000
0.000000,16.005117,0.000000
0.000000,16.039750,0.000000
0.000000,16.229599,0.000000
0.000000,15.903771,0.000000
0.000000,14.947724,0.000000
0.000000,16.687850,0.000000
0.000000,16.851557,0.000000
0.000000,14.040072,0.000000
0.000000,14.966776,0.000000
0.000000,14.860475,0.000000
0.000000,14.459400,0.000000
0.000000,15.975725,0.000000
0.000000,15.604262,0.000000
0.000000,17.260683,0.000000
0.000000,15.726781,0.000000
0.000000,15.688168,0.000000
0.000000,15.677085,0.000000
0.000000,16.070103,0.000000
0.000000,17.095339,0.000000
0.000000,15.983336,0.000000
0.000000,18.955105,0.000000
0.000000,18.608484,0.000000
0.000000,18.622160,0.000000
0.000000,15.296178,0.000000
0.000000,11.896672,0.000000
0.000000,17.629210,0.000000
0.000000,15.090402,0.000000
0.000000,18.109205,0.000000
0.000000,16.342836,0.000000
0.000000,13.476259,0.000000
0.000000,15.596315,0.000000
0.000000,16.402912,0.000000
0.000000,16.783138,0.000000
0.000000,16.348257,0.000000
0.000000,9.549294,0.000000
0.000000,12.212033,0.000000
0.000000,4.041215,0.000000
0.000000,-3.730886,0.000000
0.000000,-12.647177,0.000000
0.000000,-14.334784,0.000000
0.000000,-7.384143,0.000000
0.000000,-5.750250,0.000000
0.000000,-12.567023,0.000000
0.000000,-16.449501,0.000000
0.000000,-12.805170,0.000000
0.000000,-15.956881,0.000000
0.000000,9.701364,0.000000
0.000000,4.995401,0.000000
0.000000,2.744723,0.000000
0.000000,-11.386775,0.000000
0.000000,-23.375565,0.000000
0.000000,-28.451221,0.000000
0.000000,-38.055447,0.000000
0.000000,-33.052166,0.000000
0.000000,-45.522710,0.000000
0.000000,-47.410526,0.000000
0.000000,-49.318333,0.000000
0.000000,-46.783386,0.000000
0.000000,-41.546110,0.000000
0.000000,-34.414635,0.000000
0.000000,-38.789944,0.000000
0.000000,-19.670876,0.000000
0.000000,-46.059074,0.000000
0.000000,-22.196623,0.000000
0.000000,-46.811348,0.000000
0.000000,-52.933426,0.000000
0.000000,-41.311897,0.000000
0.000000,-45.639550,0.000000
0.000000,-33.653350,0.000000
0.000000,-32.958084,0.000000
0.000000,-44.839825,0.000000
0.000000,-59.020440,0.000000
0.000000,-64.083070,0.000000
0.000000,-66.906970,0.000000
0.000000,-60.634434,0.000000
0.000000,-60.605000,0.000000
0.000000,-57.772892,0.000000
0.000000,-53.689487,0.000000
0.000000,-60.016636,0.000000
0.000000,-52.609970,0.000000
0.000000,-51.498253,0.000000
0.000000,-39.709587,0.000000
0.000000,-13.965419,0.000000
0.000000,-1.623095,0.000000
0.000000,-22.965153,0.000000
0.000000,-21.959030,0.000000
0.000000,-9.166640,0.000000
0.000000,-4.655872,0.000000
0.000000,-9.134293,0.000000
0.000000,-0.226897,0.000000
0.000000,1.633962,0.000000
0.000000,4.368626,0.000000
0.000000,6.434052,0.000000
0.000000,4.806512,0.000000
0.000000,5.512990,0.000000
0.000000,2.960489,0.000000
0.000000,5.163137,0.000000
0.000000,3.109105,0.000000
0.000000,7.233455,0.000000
0.000000,7.761506,0.000000
0.000000,8.351964,0.000000
0.000000,1.311448,0.000000
0.000000,1.471891,0.000000
0.000000,-0.867985,0.000000
0.000000,0.775402,0.000000
0.000000,2.258747,0.000000
0.000000,10.840407,0.000000
0.000000,-3.755661,0.000000
0.000000,0.804721,0.000000
0.000000,2.402512,0.000000
0.000000,3.146070,0.000000
0.000000,-0.273604,0.000000
0.000000,2.524169,0.000000
0.000000,2.858894,0.000000
0.000000,4.810473,0.000000
0.000000,6.377288,0.000000
0.000000,6.419469,0.000000
0.000000,11.720237,0.000000
0.000000,23.543144,0.000000
0.000000,21.967123,0.000000
0.000000,18.128683,0.000000
0.000000,20.647375,0.000000
0.000000,29.391240,0.000000
0.000000,32.555634,0.000000
0.000000,35.280323,0.000000
0.000000,42.179268,0.000000
0.000000,45.025650,0.000000
0.000000,45.731470,0.000000
0.000000,44.506306,0.000000
0.000000,51.484310,0.000000
0.000000,52.062250,0.000000
0.000000,48.837734,0.000000
0.000000,52.397200,0.000000
0.000000,46.071255,0.000000
0.000000,45.298077,0.000000
0.000000,53.204450,0.000000
0.000000,46.979380,0.000000
0.000000,48.657930,0.000000
0.000000,52.889843,0.000000
0.000000,47.584045,0.000000
0.000000,48.632977,0.000000
0.000000,46.156414,0.000000
0.000000,47.510933,0.000000
0.000000,49.208810,0.000000
0.000000,47.152405,0.000000
0.000000,45.693160,0.000000
0.000000,46.628117,0.000000
0.000000,46.469543,0.000000
0.000000,46.621696,0.000000
0.000000,46.712837,0.000000
0.000000,55.295790,0.000000
0.000000,52.388065,0.000000
0.000000,44.844450,0.000000
0.000000,43.386130,0.000000
0.000000,46.006660,0.000000
0.000000,44.923336,0.000000
0.000000,40.700485,0.000000
0.000000,37.190040,0.000000
0.000000,28.192465,0.000000
0.000000,19.620290,0.000000
0.000000,20.121714,0.000000
0.000000,-0.433669,0.000000
0.000000,5.142972,0.000000
0.000000,3.327041,0.000000
0.000000,1.104930,0.000000
0.000000,0.826678,0.000000
0.000000,10.141823,0.000000
0.000000,14.768799,0.000000
0.000000,9.515419,0.000000
0.000000,11.709854,0.000000
0.000000,7.283388,0.000000
0.000000,-1.032635,0.000000
0.000000,2.812941,0.000000
0.000000,-6.156914,0.000000
0.000000,5.548312,0.000000
0.000000,12.456316,0.000000
0.000000,13.072105,0.000000
0.000000,19.533240,0.000000
0.000000,17.269642,0.000000
0.000000,12.075352,0.000000
0.000000,18.261995,0.000000
0.000000,18.149181,0.000000
0.000000,14.307541,0.000000
0.000000,11.717743,0.000000
0.000000,10.270956,0.000000
0.000000,10.245846,0.000000
0.000000,11.664522,0.000000
0.000000,12.300337,0.000000
0.000000,9.346135,0.000000
0.000000,9.781773,0.000000
0.000000,4.756182,0.000000
0.000000,7.274680,0.000000
0.000000,2.652075,0.000000
0.000000,7.513865,0.000000
0.000000,9.866339,0.000000
0.000000,3.100677,0.000000
0.000000,8.602941,0.000000
0.000000,4.277488,0.000000
0.000000,3.394613,0.000000
0.000000,2.637026,0.000000
0.000000,3.148405,0.000000
0.000000,4.733720,0.000000
0.000000,3.206733,0.000000
0.000000,9.738624,0.000000
0.000000,5.213102,0.000000
0.000000,6.798559,0.000000
0.000000,4.740963,0.000000
0.000000,8.650381,0.000000
0.000000,5.854438,0.000000
0.000000,5.061943,0.000000
0.000000,5.546691,0.000000
0.000000,5.386135,0.000000
0.000000,5.715690,0.000000
0.000000,5.794939,0.000000
0.000000,4.600301,0.000000
0.000000,2.892474,0.000000
0.000000,2.199850,0.000000
0.000000,4.220322,0.000000
0.000000,2.877340,0.000000
0.000000,5.322722,0.000000
0.000000,3.803734,0.000000
0.000000,2.137094,0.000000
0.000000,2.650081,0.000000
0.000000,2.523043,0.000000
0.000000,0.858794,0.000000
0.000000,0.942013,0.000000
0.000000,4.966443,0.000000
0.000000,2.317127,0.000000
0.000000,4.469008,0.000000
0.000000,-0.985908,0.000000
0.000000,1.672971,0.000000
0.000000,1.391773,0.000000
0.000000,1.587022,0.000000
0.000000,-1.240612,0.000000
0.000000,-2.861271,0.000000
0.000000,-2.394451,0.000000
0.000000,-0.362056,0.000000
0.000000,2.474609,0.000000
0.000000,-0.242269,0.000000
0.000000,7.816547,0.000000
0.000000,-1.303696,0.000000
0.000000,-0.114834,0.000000
0.000000,2.068367,0.000000
0.000000,5.280195,0.000000
0.000000,6.210616,0.000000
0.000000,4.990282,0.000000
0.000000,-0.171883,0.000000
0.000000,-3.282066,0.000000
0.000000,-10.838721,0.000000
0.000000,-13.818698,0.000000
0.000000,-15.060984,0.000000
0.000000,-16.206890,0.000000
0.000000,-14.839395,0.000000
0.000000,-11.197911,0.000000
0.000000,-14.918564,0.000000
0.000000,-13.443929,0.000000
0.000000,-20.955952,0.000000
0.000000,-15.020036,0.000000
0.000000,-9.199617,0.000000
0.000000,7.662223,0.000000
0.000000,-9.513235,0.000000
0.000000,-5.094107,0.000000
0.000000,-40.744003,0.000000
0.000000,-46.175480,0.000000
0.000000,-40.131730,0.000000
0.000000,-44.619354,0.000000
0.000000,-42.122260,0.000000
0.000000,-46.091446,0.000000
0.000000,-45.398327,0.000000
0.000000,-51.858303,0.000000
0.000000,-54.015682,0.000000
0.000000,-59.188126,0.000000
0.000000,-67.471700,0.000000
0.000000,-57.690777,0.000000
0.000000,-61.582615,0.000000
0.000000,-58.591797,0.000000
0.000000,-48.847115,0.000000
0.000000,-50.047558,0.000000
0.000000,-59.618580,0.000000
0.000000,-60.692620,0.000000
0.000000,-61.369656,0.000000
0.000000,-59.395710,0.000000
0.000000,-57.513012,0.000000
0.000000,-60.534523,0.000000
0.000000,-63.747460,0.000000
0.000000,-62.149240,0.000000
0.000000,-65.435660,0.000000
0.000000,-65.396680,0.000000
0.000000,-64.982020,0.000000
0.000000,-67.167520,0.000000
0.000000,-69.808530,0.000000
0.000000,-72.647310,0.000000
0.000000,-71.557920,0.000000
0.000000,-71.440920,0.000000
0.000000,-73.907510,0.000000
0.000000,-75.431890,0.000000
0.000000,-72.349625,0.000000
0.000000,-72.500570,0.000000
0.000000,-73.964400,0.000000
0.000000,-67.291580,0.000000
0.000000,-66.935040,0.000000
0.000000,-68.540850,0.000000
0.000000,-70.532470,0.000000
0.000000,-68.445430,0.000000
0.000000,-66.765140,0.000000
0.000000,-62.581320,0.000000
0.000000,-58.669810,0.000000
0.000000,-58.258656,0.000000
0.000000,-53.556690,0.000000
0.000000,-46.129310,0.000000
0.000000,-40.466110,0.000000
0.000000,-36.844646,0.000000
0.000000,-34.493443,0.000000
0.000000,-39.164326,0.000000
0.000000,-14.058542,0.000000
0.000000,-12.115831,0.000000
0.000000,-10.329883,0.000000
0.000000,-12.515614,0.000000
0.000000,-18.388308,0.000000
0.000000,-26.141539,0.000000
0.000000,-31.859100,0.000000
0.000000,-34.935814,0.000000
0.000000,-30.091730,0.000000
0.000000,-20.867569,0.000000
0.000000,-9.641886,0.000000
0.000000,-12.632769,0.000000
0.000000,-8.764567,0.000000
0.000000,-2.519311,0.000000
0.000000,-5.750040,0.000000
0.000000,2.159779,0.000000
0.000000,-6.309146,0.000000
0.000000,-1.238497,0.000000
0.000000,-3.107441,0.000000
0.000000,-3.429873,0.000000
0.000000,-1.712372,0.000000
0.000000,-2.719043,0.000000
0.000000,-2.090211,0.000000
0.000000,-6.060817,0.000000
0.000000,-2.617195,0.000000
0.000000,-3.561748,0.000000
0.000000,-4.035216,0.000000
0.000000,-5.729430,0.000000
0.000000,-5.901745,0.000000
0.000000,-6.152812,0.000000
0.000000,-2.260238,0.000000
0.000000,-1.601931,0.000000
0.000000,-5.110315,0.000000
0.000000,-1.300147,0.000000
0.000000,2.025741,0.000000
0.000000,1.159397,0.000000
0.000000,2.864142,0.000000
0.000000,0.309016,0.000000
0.000000,9.357550,0.000000
0.000000,13.122309,0.000000
0.000000,14.301221,0.000000
0.000000,14.506691,0.000000
0.000000,29.397755,0.000000
0.000000,35.940900,0.000000
0.000000,37.689600,0.000000
0.000000,41.482075,0.000000
0.000000,45.020110,0.000000
0.000000,48.493560,0.000000
0.000000,44.304290,0.000000
0.000000,38.770110,0.000000
0.000000,44.282720,0.000000
0.000000,17.871496,0.000000
0.000000,13.008055,0.000000
0.000000,40.112072,0.000000
0.000000,30.940979,0.000000
0.000000,34.635365,0.000000
0.000000,36.657560,0.000000
0.000000,45.903503,0.000000
0.000000,41.553990,0.000000
0.000000,45.116950,0.000000
0.000000,42.790497,0.000000
0.000000,44.533940,0.000000
0.000000,52.193130,0.000000
0.000000,52.086140,0.000000
0.000000,53.019127,0.000000
0.000000,52.939420,0.000000
0.000000,49.037987,0.000000
0.000000,46.849068,0.000000
0.000000,51.449554,0.000000
0.000000,43.947647,0.000000
0.000000,45.187866,0.000000
0.000000,44.199223,0.000000
0.000000,51.547370,0.000000
0.000000,46.001507,0.000000
0.000000,46.730590,0.000000
0.000000,53.276660,0.000000
0.000000,47.387794,0.000000
0.000000,29.177220,0.000000
0.000000,33.736618,0.000000
0.000000,11.066459,0.000000
0.000000,46.535610,0.000000
0.000000,26.980328,0.000000
0.000000,23.244434,0.000000
0.000000,39.961940,0.000000
0.000000,14.355843,0.000000
0.000000,26.495264,0.000000
0.000000,30.663168,0.000000
0.000000,20.282053,0.000000
0.000000,9.226337,0.000000
0.000000,25.311615,0.000000
0.000000,31.341534,0.000000
0.000000,30.834866,0.000000
0.000000,27.079351,0.000000
0.000000,25.013012,0.000000
0.000000,25.519960,0.000000
0.000000,23.563152,0.000000
0.000000,20.357788,0.000000
0.000000,19.533154,0.000000
0.000000,17.491804,0.000000
0.000000,14.555044,0.000000
0.000000,12.904350,0.000000
0.000000,13.321895,0.000000
0.000000,14.539467,0.000000
0.000000,11.523177,0.000000
0.000000,9.862377,0.000000
0.000000,7.237281,0.000000
0.000000,11.711934,0.000000
0.000000,12.536378,0.000000
0.000000,12.648390,0.000000
0.000000,7.588025,0.000000
0.000000,4.808079,0.000000
0.000000,-11.072064,0.000000
0.000000,-3.721589,0.000000
0.000000,-1.931110,0.000000
0.000000,-3.614759,0.000000
0.000000,-12.958369,0.000000
0.000000,-10.525335,0.000000
0.000000,-11.284254,0.000000
0.000000,-11.857676,0.000000
0.000000,-11.110317,0.000000
0.000000,-8.134322,0.000000
0.000000,1.774864,0.000000
0.000000,-3.373775,0.000000
0.000000,-21.869095,0.000000
0.000000,-7.097191,0.000000
0.000000,-9.736814,0.000000
0.000000,-12.108265,0.000000
0.000000,-12.440162,0.000000
0.000000,-15.253526,0.000000
0.000000,-14.307604,0.000000
0.000000,-15.593025,0.000000
0.000000,-16.428630,0.000000
0.000000,-12.391165,0.000000
0.000000,-17.711554,0.000000
0.000000,-17.497904,0.000000
0.000000,-13.800998,0.000000
0.000000,-19.222500,0.000000
0.000000,-16.459873,0.000000
0.000000,-18.496090,0.000000
0.000000,-16.530169,0.000000
0.000000,-17.859543,0.000000
0.000000,-17.562952,0.000000
0.000000,-7.304778,0.000000
0.000000,-17.923292,0.000000
0.000000,-14.761074,0.000000
0.000000,-17.334770,0.000000
0.000000,-11.816429,0.000000
0.000000,-12.487206,0.000000
0.000000,-9.033553,0.000000
0.000000,-5.006738,0.000000
0.000000,-5.570528,0.000000
0.000000,-11.392643,0.000000
0.000000,-9.968338,0.000000
0.000000,-9.464613,0.000000
0.000000,-16.057522,0.000000
0.000000,-9.059820,0.000000
0.000000,-9.784814,0.000000
0.000000,-9.461363,0.000000
0.000000,-11.723614,0.000000
0.000000,-10.624312,0.000000
0.000000,-8.897019,0.000000
0.000000,-8.582719,0.000000
0.000000,-10.467950,0.000000
0.000000,-10.035266,0.000000
0.000000,-8.795218,0.000000
0.000000,-7.228548,0.000000
0.000000,-12.535953,0.000000
0.000000,-8.490583,0.000000
0.000000,-18.851074,0.000000
0.000000,-12.767827,0.000000
0.000000,-9.175259,0.000000
0.000000,-11.607596,0.000000
0.000000,-11.198829,0.000000
0.000000,-12.263472,0.000000
0.000000,-12.955468,0.000000
0.000000,-14.311564,0.000000
0.000000,-17.247310,0.000000
0.000000,-17.601124,0.000000
0.000000,-18.973616,0.000000
0.000000,-21.823502,0.000000
0.000000,-21.558922,0.000000
0.000000,-18.123241,0.000000
0.000000,-22.446934,0.000000
0.000000,-17.014156,0.000000
0.000000,-16.224718,0.000000
0.000000,2.203944,0.000000
0.000000,-5.522611,0.000000
0.000000,-13.885627,0.000000
0.000000,-12.121930,0.000000
0.000000,-19.954450,0.000000
0.000000,-40.110424,0.000000
0.000000,-40.474550,0.000000
0.000000,-43.469060,0.000000
0.000000,-46.779670,0.000000
0.000000,-24.020560,0.000000
0.000000,-47.294846,0.000000
0.000000,-40.790504,0.000000
0.000000,-42.917274,0.000000
0.000000,-46.261097,0.000000
0.000000,-50.460365,0.000000
0.000000,-55.139740,0.000000
0.000000,-58.363500,0.000000
0.000000,-49.596990,0.000000
0.000000,-59.857147,0.000000
0.000000,-56.076550,0.000000
0.000000,-51.463272,0.000000
0.000000,-57.506893,0.000000
0.000000,-54.994700,0.000000
0.000000,-55.751820,0.000000
0.000000,-57.969883,0.000000
0.000000,-57.192604,0.000000
0.000000,-54.538994,0.000000
0.000000,-58.402664,0.000000
0.000000,-58.877632,0.000000
0.000000,-55.881535,0.000000
0.000000,-57.730885,0.000000
0.000000,-55.758038,0.000000
0.000000,-61.454414,0.000000
0.000000,-70.717995,0.000000
0.000000,-68.650986,0.000000
0.000000,-70.913490,0.000000
0.000000,-73.329830,0.000000
0.000000,-73.744740,0.000000
0.000000,-70.785090,0.000000
0.000000,-70.964714,0.000000
0.000000,-70.282040,0.000000
0.000000,-66.993130,0.000000
0.000000,-65.762340,0.000000
0.000000,-58.694140,0.000000
0.000000,-59.212387,0.000000
0.000000,-55.534042,0.000000
0.000000,-57.855840,0.000000
0.000000,-57.872920,0.000000
0.000000,-58.160408,0.000000
0.000000,-54.495464,0.000000
0.000000,-61.709282,0.000000
0.000000,-51.035470,0.000000
0.000000,-29.789648,0.000000
0.000000,-21.799631,0.000000
0.000000,-18.834780,0.000000
0.000000,-10.798539,0.000000
0.000000,-24.670414,0.000000
0.000000,-19.258110,0.000000
0.000000,-28.717040,0.000000
0.000000,-15.705716,0.000000
0.000000,-31.756475,0.000000
0.000000,-31.051565,0.000000
0.000000,-30.633430,0.000000
0.000000,-31.704441,0.000000
0.000000,-27.058012,0.000000
0.000000,-22.158800,0.000000
0.000000,-18.653595,0.000000
0.000000,-14.244878,0.000000
0.000000,-15.281126,0.000000
0.000000,-14.949640,0.000000
0.000000,-14.145959,0.000000
0.000000,-6.639831,0.000000
0.000000,-10.914096,0.000000
0.000000,-4.549334,0.000000
0.000000,-2.971675,0.000000
0.000000,2.210336,0.000000
0.000000,4.299395,0.000000
0.000000,0.005755,0.000000
0.000000,2.706702,0.000000
0.000000,-0.020530,0.000000
0.000000,1.189877,0.000000
0.000000,1.989842,0.000000
0.000000,9.913165,0.000000
0.000000,8.703671,0.000000
0.000000,4.732896,0.000000
0.000000,7.939280,0.000000
0.000000,5.192147,0.000000
0.000000,11.426352,0.000000
0.000000,12.087259,0.000000
0.000000,12.212130,0.000000
0.000000,11.804137,0.000000
0.000000,10.925614,0.000000
0.000000,8.955793,0.000000
0.000000,3.784853,0.000000
0.000000,2.613137,0.000000
0.000000,-1.402023,0.000000
0.000000,-2.027398,0.000000
0.000000,-3.176479,0.000000
0.000000,-1.851161,0.000000
0.000000,-1.816773,0.000000
0.000000,-2.844575,0.000000
0.000000,-2.785522,0.000000
0.000000,-2.946802,0.000000
0.000000,-2.375507,0.000000
0.000000,-4.469059,0.000000
0.000000,-4.610990,0.000000
0.000000,-5.307618,0.000000
0.000000,-3.852029,0.000000
0.000000,-6.962638,0.000000
0.000000,-8.148698,0.000000
0.000000,-5.852686,0.000000
0.000000,-5.157790,0.000000
0.000000,-9.508376,0.000000
0.000000,-9.790596,0.000000
0.000000,-11.429064,0.000000
0.000000,-3.599385,0.000000
0.000000,-9.926757,0.000000
0.000000,-4.832110,0.000000
0.000000,0.902134,0.000000
0.000000,10.322645,0.000000
0.000000,11.738721,0.000000
0.000000,10.113302,0.000000
0.000000,13.210549,0.000000
0.000000,17.349058,0.000000
0.000000,17.283138,0.000000
0.000000,21.534697,0.000000
0.000000,21.449670,0.000000
0.000000,21.613628,0.000000
0.000000,32.536680,0.000000
0.000000,31.876993,0.000000
0.000000,33.515274,0.000000
0.000000,33.857540,0.000000
0.000000,33.639587,0.000000
0.000000,39.870377,0.000000
0.000000,42.616352,0.000000
0.000000,43.238840,0.000000
0.000000,40.910550,0.000000
0.000000,49.402287,0.000000
0.000000,49.719654,0.000000
0.000000,45.040657,0.000000
0.000000,41.186910,0.000000
0.000000,34.550858,0.000000
0.000000,41.352240,0.000000
0.000000,46.732456,0.000000
0.000000,49.205700,0.000000
0.000000,50.155197,0.000000
0.000000,53.051210,0.000000
0.000000,52.185337,0.000000
0.000000,51.009975,0.000000
0.000000,49.684654,0.000000
0.000000,52.350000,0.000000
0.000000,51.993800,0.000000
0.000000,52.319824,0.000000
0.000000,52.347683,0.000000
0.000000,54.049040,0.000000
0.000000,50.914417,0.000000
0.000000,30.151710,0.000000
0.000000,47.155930,0.000000
0.000000,37.139572,0.000000
0.000000,50.704765,0.000000
0.000000,49.920593,0.000000
0.000000,29.180970,0.000000
0.000000,29.420118,0.000000
0.000000,37.853428,0.000000
0.000000,30.232443,0.000000
0.000000,29.548230,0.000000
0.000000,28.468935,0.000000
0.000000,29.769663,0.000000
0.000000,45.442880,0.000000
0.000000,31.094202,0.000000
0.000000,30.223347,0.000000
0.000000,30.381077,0.000000
0.000000,31.414670,0.000000
0.000000,30.005018,0.000000
0.000000,30.926077,0.000000
0.000000,47.621050,0.000000
0.000000,47.074913,0.000000
0.000000,52.164272,0.000000
0.000000,32.418915,0.000000
0.000000,30.169973,0.000000
0.000000,51.509506,0.000000
0.000000,49.614178,0.000000
0.000000,49.418488,0.000000
0.000000,49.944767,0.000000
0.000000,50.281494,0.000000
0.000000,48.560820,0.000000
0.000000,-3.742511,0.000000
0.000000,32.947010,0.000000
0.000000,29.040052,0.000000
0.000000,46.591846,0.000000
0.000000,44.171463,0.000000
0.000000,25.486168,0.000000
0.000000,-1.421643,0.000000
0.000000,2.488088,0.000000
0.000000,14.648682,0.000000
0.000000,5.235724,0.000000
0.000000,12.870187,0.000000
0.000000,11.298201,0.000000
0.000000,-1.732634,0.000000
0.000000,21.329285,0.000000
0.000000,3.922286,0.000000
0.000000,-10.478685,0.000000
0.000000,-5.685498,0.000000
0.000000,1.758616,0.000000
0.000000,-4.312637,0.000000
0.000000,-0.858336,0.000000
0.000000,0.482617,0.000000
0.000000,5.129330,0.000000
0.000000,11.393075,0.000000
0.000000,-0.196792,0.000000
0.000000,2.452659,0.000000
0.000000,3.951444,0.000000
0.000000,11.241546,0.000000
0.000000,6.093080,0.000000
0.000000,1.083470,0.000000
0.000000,-1.560693,0.000000
0.000000,20.745630,0.000000
0.000000,1.510461,0.000000
0.000000,1.024240,0.000000
0.000000,-3.561704,0.000000
0.000000,5.946089,0.000000
0.000000,16.048475,0.000000
0.000000,8.251003,0.000000
0.000000,2.637633,0.000000
0.000000,0.287460,0.000000
0.000000,-3.330770,0.000000
0.000000,-3.926460,0.000000
0.000000,6.770646,0.000000
0.000000,12.106544,0.000000
0.000000,17.133696,0.000000
0.000000,7.246322,0.000000
0.000000,-0.807816,0.000000
0.000000,-2.054176,0.000000
0.000000,-7.747751,0.000000
0.000000,-10.867687,0.000000
0.000000,-12.416677,0.000000
0.000000,-12.183837,0.000000
0.000000,-12.728397,0.000000
0.000000,-13.947553,0.000000
0.000000,-14.104403,0.000000
0.000000,-14.169603,0.000000
0.000000,-13.948476,0.000000
0.000000,-10.274421,0.000000
0.000000,-12.588286,0.000000
0.000000,-15.031137,0.000000
0.000000,-16.250454,0.000000
0.000000,-18.532158,0.000000
0.000000,-14.830761,0.000000
0.000000,-11.155099,0.000000
0.000000,-10.263007,0.000000
0.000000,-8.833731,0.000000
0.000000,-10.605899,0.000000
0.000000,-12.578374,0.000000
0.000000,-17.489561,0.000000
0.000000,-13.617070,0.000000
0.000000,-15.034583,0.000000
0.000000,-17.905895,0.000000
0.000000,-19.119045,0.000000
0.000000,-12.543687,0.000000
0.000000,-10.118666,0.000000
0.000000,-18.763580,0.000000
0.000000,-15.834415,0.000000
0.000000,-14.793555,0.000000
0.000000,-7.994932,0.000000
0.000000,-6.438019,0.000000
0.000000,-4.362686,0.000000
0.000000,-5.916489,0.000000
0.000000,-5.027762,0.000000
0.000000,-7.132007,0.000000
0.000000,-8.516220,0.000000
0.000000,-10.392456,0.000000
0.000000,-9.776314,0.000000
0.000000,-8.357149,0.000000
0.000000,-10.510277,0.000000
0.000000,-8.346317,0.000000
0.000000,-4.562471,0.000000
0.000000,-20.351120,0.000000
0.000000,-9.687064,0.000000
0.000000,-6.903877,0.000000
0.000000,-6.149824,0.000000
0.000000,-6.705876,0.000000
0.000000,-5.467865,0.000000
0.000000,-6.785397,0.000000
0.000000,-7.483329,0.000000
0.000000,-6.462260,0.000000
0.000000,-12.172098,0.000000
0.000000,-7.304062,0.000000
0.000000,-10.960693,0.000000
0.000000,-7.613545,0.000000
0.000000,-8.460138,0.000000
0.000000,-6.221363,0.000000
0.000000,-2.804168,0.000000
0.000000,-6.889301,0.000000
0.000000,-4.403204,0.000000
0.000000,-16.259418,0.000000
0.000000,-6.219105,0.000000
0.000000,-10.557696,0.000000
0.000000,-10.866600,0.000000
0.000000,-5.514658,0.000000
0.000000,-10.117416,0.000000
0.000000,-7.270348,0.000000
0.000000,-11.717591,0.000000
0.000000,-13.671199,0.000000
0.000000,-6.535123,0.000000
0.000000,-2.523616,0.000000
0.000000,-7.105218,0.000000
0.000000,-5.605844,0.000000
0.000000,-10.933883,0.000000
0.000000,-8.113844,0.000000
0.000000,-7.348832,0.000000
0.000000,3.353839,0.000000
0.000000,-5.756752,0.000000
0.000000,-6.888806,0.000000
0.000000,-10.246270,0.000000
0.000000,-7.440673,0.000000
0.000000,-7.376048,0.000000
0.000000,-6.021136,0.000000
0.000000,-7.139366,0.000000
0.000000,-10.325480,0.000000
0.000000,-12.987546,0.000000
0.000000,-12.578839,0.000000
0.000000,-8.023040,0.000000
0.000000,-9.489060,0.000000
0.000000,-10.564439,0.000000
0.000000,-10.194832,0.000000
0.000000,-7.180856,0.000000
0.000000,-11.353749,0.000000
0.000000,-8.072621,0.000000
0.000000,1.930440,0.000000
0.000000,-7.451124,0.000000
0.000000,-9.720425,0.000000
0.000000,-10.155464,0.000000
0.000000,-7.747712,0.000000
0.000000,-2.355032,0.000000
0.000000,-7.861349,0.000000
0.000000,-5.446831,0.000000
0.000000,-8.278075,0.000000
0.000000,-3.639026,0.000000
0.000000,-5.966875,0.000000
0.000000,-1.746907,0.000000
0.000000,-1.830257,0.000000
0.000000,-5.780150,0.000000
0.000000,-5.865215,0.000000
0.000000,-0.805335,0.000000
0.000000,-9.158758,0.000000
0.000000,-6.994869,0.000000
0.000000,-1.207634,0.000000
0.000000,-3.788498,0.000000
0.000000,-1.262547,0.000000
0.000000,-5.440071,0.000000
0.000000,-2.498797,0.000000
0.000000,0.611603,0.000000
0.000000,-0.119411,0.000000
0.000000,-2.330497,0.000000
0.000000,-2.354522,0.000000
0.000000,-0.527937,0.000000
0.000000,4.516846,0.000000
0.000000,-1.780781,0.000000
0.000000,-9.387958,0.000000
0.000000,-1.231089,0.000000
0.000000,-28.580835,0.000000
0.000000,-17.568678,0.000000
0.000000,-2.531381,0.000000
0.000000,6.438726,0.000000
0.000000,-2.055440,0.000000
0.000000,-4.133083,0.000000
0.000000,-3.116230,0.000000
0.000000,-3.118467,0.000000
0.000000,-2.456745,0.000000
0.000000,-3.247414,0.000000
0.000000,-3.474449,0.000000
0.000000,-3.058153,0.000000
0.000000,-2.719088,0.000000
0.000000,-2.021348,0.000000
0.000000,-2.416325,0.000000
0.000000,-6.416864,0.000000
0.000000,-4.090256,0.000000
0.000000,-3.618163,0.000000
0.000000,-3.957392,0.000000
0.000000,-2.165537,0.000000
0.000000,-3.445924,0.000000
0.000000,-3.589849,0.000000
0.000000,-4.219225,0.000000
0.000000,-2.783624,0.000000
0.000000,-5.610677,0.000000
0.000000,-8.336636,0.000000
0.000000,-3.749263,0.000000
0.000000,-5.988998,0.000000
0.000000,-2.708828,0.000000
0.000000,-13.031529,0.000000
0.000000,-2.503294,0.000000
0.000000,-1.753067,0.000000
0.000000,-2.262821,0.000000
0.000000,1.216249,0.000000
0.000000,-5.808338,0.000000
0.000000,-0.413368,0.000000
0.000000,1.316091,0.000000
0.000000,1.712707,0.000000
0.000000,0.172069,0.000000
0.000000,-3.792599,0.000000
0.000000,-10.431149,0.000000
0.000000,10.465933,0.000000
0.000000,-15.524390,0.000000
0.000000,-23.783820,0.000000
0.000000,-34.006130,0.000000
0.000000,-47.599370,0.000000
0.000000,-50.893013,0.000000
0.000000,-51.970886,0.000000
0.000000,-49.732635,0.000000
0.000000,-48.189026,0.000000
0.000000,-51.281403,0.000000
0.000000,-53.924225,0.000000
0.000000,-54.087685,0.000000
0.000000,-47.623287,0.000000
0.000000,-39.732155,0.000000
0.000000,-47.491470,0.000000
0.000000,-46.096725,0.000000
0.000000,-35.251522,0.000000
0.000000,-37.004025,0.000000
0.000000,-47.261463,0.000000
0.000000,-50.031197,0.000000
0.000000,-54.279247,0.000000
0.000000,-56.164600,0.000000
0.000000,-62.295370,0.000000
0.000000,-66.548960,0.000000
0.000000,-64.317430,0.000000
0.000000,-70.619060,0.000000
0.000000,-66.148090,0.000000
0.000000,-65.524765,0.000000
0.000000,-67.301290,0.000000
0.000000,-68.148660,0.000000
0.000000,-66.305504,0.000000
0.000000,-59.861504,0.000000
0.000000,-65.114450,0.000000
0.000000,-62.927612,0.000000
0.000000,-61.293182,0.000000
0.000000,-61.192287,0.000000
0.000000,-65.771240,0.000000
0.000000,-65.758415,0.000000
0.000000,-73.300840,0.000000
0.000000,-68.693370,0.000000
0.000000,-71.099650,0.000000
0.000000,-72.057175,0.000000
0.000000,-66.943860,0.000000
0.000000,-64.508470,0.000000
0.000000,-58.225760,0.000000
0.000000,-58.035950,0.000000
0.000000,-64.372930,0.000000
0.000000,-58.475834,0.000000
0.000000,-58.871820,0.000000
0.000000,-47.979652,0.000000
0.000000,-27.370388,0.000000
0.000000,-14.339102,0.000000
0.000000,-7.996173,0.000000
0.000000,-6.321148,0.000000
0.000000,-17.660763,0.000000
0.000000,-19.582882,0.000000
0.000000,-25.360806,0.000000
0.000000,-21.926802,0.000000
0.000000,-26.053658,0.000000
0.000000,-18.709360,0.000000
0.000000,-21.670513,0.000000
0.000000,-11.373423,0.000000
0.000000,-7.878953,0.000000
0.000000,-11.074036,0.000000
0.000000,2.606410,0.000000
0.000000,-0.909133,0.000000
0.000000,0.600840,0.000000
0.000000,7.255928,0.000000
0.000000,1.254350,0.000000
0.000000,-2.981628,0.000000
0.000000,-4.266882,0.000000
0.000000,-5.627698,0.000000
0.000000,-9.857528,0.000000
0.000000,-2.681676,0.000000
0.000000,-5.073546,0.000000
0.000000,-6.167372,0.000000
0.000000,-5.838994,0.000000
0.000000,-4.453020,0.000000
0.000000,3.016731,0.000000
0.000000,-3.436823,0.000000
0.000000,-5.089867,0.000000
0.000000,-5.435478,0.000000
0.000000,-7.948130,0.000000
0.000000,-5.009634,0.000000
0.000000,-2.740420,0.000000
0.000000,8.758325,0.000000
0.000000,12.675273,0.000000
0.000000,16.280632,0.000000
0.000000,24.879500,0.000000
0.000000,32.086660,0.000000
0.000000,22.446093,0.000000
0.000000,32.219986,0.000000
0.000000,32.557823,0.000000
0.000000,28.487427,0.000000
0.000000,24.475653,0.000000
0.000000,23.129328,0.000000
0.000000,26.346510,0.000000
0.000000,43.286167,0.000000
0.000000,49.792870,0.000000
0.000000,50.394660,0.000000
0.000000,47.225407,0.000000
0.000000,49.380490,0.000000
0.000000,48.639614,0.000000
0.000000,50.773533,0.000000
0.000000,50.050274,0.000000
0.000000,48.277203,0.000000
0.000000,53.915855,0.000000
0.000000,53.869640,0.000000
0.000000,52.594296,0.000000
0.000000,52.478700,0.000000
0.000000,52.856327,0.000000
0.000000,51.500763,0.000000
0.000000,53.187550,0.000000
0.000000,49.535313,0.000000
0.000000,48.015293,0.000000
0.000000,48.214294,0.000000
0.000000,50.463776,0.000000
0.000000,46.268013,0.000000
0.000000,40.088420,0.000000
0.000000,49.649822,0.000000
0.000000,39.201996,0.000000
0.000000,39.724800,0.000000
0.000000,36.554043,0.000000
0.000000,39.884018,0.000000
0.000000,39.383670,0.000000
0.000000,38.738075,0.000000
0.000000,36.783810,0.000000
0.000000,33.106640,0.000000
0.000000,36.217083,0.000000
0.000000,37.149010,0.000000
0.000000,36.062943,0.000000
0.000000,35.268200,0.000000
0.000000,36.757263,0.000000
0.000000,40.074562,0.000000
0.000000,36.127804,0.000000
0.000000,29.350273,0.000000
0.000000,43.788970,0.000000
0.000000,47.888035,0.000000
0.000000,50.278310,0.000000
0.000000,49.081306,0.000000
0.000000,47.966698,0.000000
0.000000,47.234590,0.000000
0.000000,36.010240,0.000000
0.000000,23.942217,0.000000
0.000000,7.605056,0.000000
0.000000,11.376552,0.000000
0.000000,0.909132,0.000000
0.000000,3.631995,0.000000
0.000000,10.545702,0.000000
0.000000,-10.296348,0.000000
0.000000,-12.594404,0.000000
0.000000,-10.235754,0.000000
0.000000,-9.402611,0.000000
0.000000,2.109125,0.000000
0.000000,-5.505194,0.000000
0.000000,18.671135,0.000000
0.000000,-10.001473,0.000000
0.000000,15.512061,0.000000
0.000000,23.629503,0.000000
0.000000,21.229313,0.000000
0.000000,17.765950,0.000000
0.000000,9.227763,0.000000
0.000000,-2.701179,0.000000
0.000000,-1.229136,0.000000
0.000000,-4.519510,0.000000
0.000000,12.025250,0.000000
0.000000,1.893288,0.000000
0.000000,-4.534799,0.000000
0.000000,0.692485,0.000000
0.000000,16.749186,0.000000
0.000000,11.068260,0.000000
0.000000,14.914103,0.000000
0.000000,14.260818,0.000000
0.000000,10.456362,0.000000
0.000000,0.394156,0.000000
0.000000,2.997280,0.000000
0.000000,-4.467771,0.000000
0.000000,-5.134729,0.000000
0.000000,-10.168949,0.000000
0.000000,-12.288779,0.000000
0.000000,-6.987224,0.000000
0.000000,-3.875193,0.000000
0.000000,-4.352785,0.000000
0.000000,-9.646325,0.000000
0.000000,-13.118135,0.000000
0.000000,-12.696066,0.000000
0.000000,-13.708750,0.000000
0.000000,-15.324876,0.000000
0.000000,-15.056944,0.000000
0.000000,-10.758145,0.000000
0.000000,-18.349756,0.000000
0.000000,-22.887291,0.000000
0.000000,-18.381626,0.000000
0.000000,-24.353836,0.000000
0.000000,-18.902458,0.000000
0.000000,-20.973917,0.000000
0.000000,-17.918583,0.000000
0.000000,-25.264772,0.000000
0.000000,-25.208000,0.000000
0.000000,-18.462326,0.000000
0.000000,-22.990232,0.000000
0.000000,-18.040330,0.000000
0.000000,-17.405308,0.000000
0.000000,-20.188635,0.000000
0.000000,-21.642857,0.000000
0.000000,-21.807274,0.000000
0.000000,-20.695797,0.000000
0.000000,-18.819020,0.000000
0.000000,-17.279154,0.000000
0.000000,-20.096447,0.000000
0.000000,-23.316100,0.000000
0.000000,-15.933478,0.000000
0.000000,-25.188711,0.000000
0.000000,-24.106285,0.000000
0.000000,-23.448042,0.000000
0.000000,-24.485043,0.000000
0.000000,-23.432713,0.000000
0.000000,-22.953382,0.000000
0.000000,-21.795843,0.000000
0.000000,-25.099548,0.000000
0.000000,-23.267973,0.000000
0.000000,-22.903898,0.000000
0.000000,-21.412727,0.000000
0.000000,-23.004164,0.000000
0.000000,-21.840300,0.000000
0.000000,-23.287172,0.000000
0.000000,-23.732607,0.000000
0.000000,-28.260468,0.000000
0.000000,-24.878868,0.000000
0.000000,-24.344826,0.000000
0.000000,-22.159130,0.000000
0.000000,-22.666613,0.000000
0.000000,-22.405590,0.000000
0.000000,-24.717240,0.000000
0.000000,-25.387587,0.000000
0.000000,-26.168660,0.000000
0.000000,-22.611061,0.000000
0.000000,-25.385391,0.000000
0.000000,-27.359960,0.000000
0.000000,-26.649860,0.000000
0.000000,-20.362509,0.000000
0.000000,-27.887310,0.000000
0.000000,-25.050749,0.000000
0.000000,-26.091255,0.000000
0.000000,-28.100008,0.000000
0.000000,-25.811857,0.000000
0.000000,-26.475449,0.000000
0.000000,-26.768776,0.000000
0.000000,-21.404493,0.000000
0.000000,-24.591875,0.000000
0.000000,-26.456200,0.000000
0.000000,-27.618973,0.000000
0.000000,-24.729605,0.000000
0.000000,-23.394327,0.000000
0.000000,-25.934258,0.000000
0.000000,-23.787645,0.000000
0.000000,-25.811132,0.000000
0.000000,-24.982904,0.000000
0.000000,-24.735403,0.000000
0.000000,-24.318531,0.000000
0.000000,-22.773432,0.000000
0.000000,-22.870453,0.000000
0.000000,-22.777357,0.000000
0.000000,-22.835419,0.000000
0.000000,-24.621395,0.000000
0.000000,-23.863897,0.000000
0.000000,-23.400108,0.000000
0.000000,-23.676807,0.000000
0.000000,-22.675158,0.000000
0.000000,-23.542390,0.000000
0.000000,-19.709984,0.000000
0.000000,-23.120733,0.000000
0.000000,-20.277546,0.000000
0.000000,-19.210382,0.000000
0.000000,-26.270744,0.000000
0.000000,-19.224800,0.000000
0.000000,-19.299200,0.000000
0.000000,-21.296010,0.000000
0.000000,-21.229160,0.000000
0.000000,-19.853476,0.000000
0.000000,-20.613302,0.000000
0.000000,-21.680862,0.000000
0.000000,-25.826982,0.000000
0.000000,-23.961641,0.000000
0.000000,-23.828321,0.000000
0.000000,-17.788877,0.000000
0.000000,-23.888859,0.000000
0.000000,-24.766438,0.000000
0.000000,-24.812323,0.000000
0.000000,-24.216133,0.000000
0.000000,-24.350840,0.000000
0.000000,-21.215384,0.000000
0.000000,-20.322632,0.000000
0.000000,-21.848950,0.000000
0.000000,-20.760195,0.000000
0.000000,-25.872982,0.000000
0.000000,-20.322168,0.000000
0.000000,-20.426342,0.000000
0.000000,-21.060251,0.000000
0.000000,-22.516440,0.000000
0.000000,-20.591381,0.000000
0.000000,-23.727077,0.000000
0.000000,-21.971603,0.000000
0.000000,-19.442871,0.000000
0.000000,-25.204185,0.000000
0.000000,-25.353146,0.000000
0.000000,-24.932678,0.000000
0.000000,-23.880020,0.000000
0.000000,-23.895990,0.000000
0.000000,-24.754034,0.000000
0.000000,-23.774510,0.000000
0.000000,-21.284290,0.000000
0.000000,-20.911833,0.000000
0.000000,-22.850882,0.000000
0.000000,-21.938274,0.000000
0.000000,-22.113195,0.000000
0.000000,-21.575249,0.000000
0.000000,-20.480959,0.000000
0.000000,-21.777088,0.000000
0.000000,-20.956800,0.000000
0.000000,-21.659077,0.000000
0.000000,-21.296625,0.000000
0.000000,-19.263800,0.000000
0.000000,-23.211520,0.000000
0.000000,-22.342150,0.000000
0.000000,-20.943980,0.000000
0.000000,-21.905712,0.000000
0.000000,-21.058825,0.000000
0.000000,-18.326654,0.000000
0.000000,-20.619667,0.000000
0.000000,-21.421312,0.000000
0.000000,-18.192700,0.000000
0.000000,-20.734484,0.000000
0.000000,-21.705776,0.000000
0.000000,-22.324646,0.000000
0.000000,-15.504270,0.000000
0.000000,-21.071203,0.000000
0.000000,-21.447110,0.000000
0.000000,-19.454735,0.000000
0.000000,-20.234870,0.000000
0.000000,-19.710064,0.000000
0.000000,-20.539360,0.000000
0.000000,-20.816757,0.000000
0.000000,-19.290049,0.000000
0.000000,-16.907528,0.000000
0.000000,-17.885286,0.000000
0.000000,-15.230540,0.000000
0.000000,-8.206027,0.000000
0.000000,-0.168980,0.000000
0.000000,-1.364462,0.000000
0.000000,0.828195,0.000000
0.000000,2.557017,0.000000
0.000000,-1.864407,0.000000
0.000000,3.098315,0.000000
0.000000,6.885195,0.000000
0.000000,6.794359,0.000000
0.000000,6.298265,0.000000
0.000000,5.969747,0.000000
0.000000,7.272383,0.000000
0.000000,7.504904,0.000000
0.000000,2.981227,0.000000
0.000000,6.875350,0.000000
0.000000,-1.252975,0.000000
0.000000,0.046463,0.000000
0.000000,0.097920,0.000000
0.000000,0.224451,0.000000
0.000000,-10.768671,0.000000
0.000000,-14.460001,0.000000
0.000000,-11.101844,0.000000
0.000000,-13.655649,0.000000
0.000000,-11.629142,0.000000
0.000000,-7.700402,0.000000
0.000000,-10.051614,0.000000
0.000000,-0.467685,0.000000
0.000000,-8.765878,0.000000
0.000000,-4.070340,0.000000
0.000000,-10.390801,0.000000
0.000000,-6.618269,0.000000
0.000000,-7.573979,0.000000
0.000000,-6.322837,0.000000
0.000000,-3.872800,0.000000
0.000000,-7.690140,0.000000
0.000000,-6.275538,0.000000
0.000000,-4.903818,0.000000
0.000000,4.845453,0.000000
0.000000,1.046131,0.000000
0.000000,1.294114,0.000000
0.000000,3.909846,0.000000
0.000000,-3.342755,0.000000
0.000000,-6.169365,0.000000
0.000000,-3.784928,0.000000
0.000000,-1.367068,0.000000
0.000000,1.449029,0.000000
0.000000,-3.747709,0.000000
0.000000,-3.446589,0.000000
0.000000,-3.969676,0.000000
0.000000,-2.013081,0.000000
0.000000,9.107171,0.000000
0.000000,-0.348405,0.000000
0.000000,-3.328950,0.000000
0.000000,-4.077121,0.000000
0.000000,-0.822148,0.000000
0.000000,-1.162187,0.000000
0.000000,-2.144438,0.000000
0.000000,-1.172491,0.000000
0.000000,-0.424348,0.000000
0.000000,-4.095892,0.000000
0.000000,-0.885590,0.000000
0.000000,-2.036211,0.000000
0.000000,-4.524139,0.000000
0.000000,-1.970810,0.000000
0.000000,-4.397237,0.000000
0.000000,-3.541828,0.000000
0.000000,-3.423196,0.000000
0.000000,-2.303255,0.000000
0.000000,-2.750608,0.000000
0.000000,-3.451562,0.000000
0.000000,-6.211784,0.000000
0.000000,-2.946853,0.000000
0.000000,-4.225316,0.000000
0.000000,-3.534193,0.000000
0.000000,-4.540743,0.000000
0.000000,-11.388336,0.000000
0.000000,-4.655470,0.000000
0.000000,-6.169695,0.000000
0.000000,-3.729372,0.000000
0.000000,-6.524350,0.000000
0.000000,-5.630880,0.000000
0.000000,-2.497581,0.000000
0.000000,-4.389325,0.000000
0.000000,-2.706738,0.000000
0.000000,-8.706804,0.000000
0.000000,-4.874633,0.000000
0.000000,-2.672564,0.000000
0.000000,-6.485558,0.000000
0.000000,-5.105009,0.000000
0.000000,6.576158,0.000000
0.000000,3.604878,0.000000
0.000000,-1.915195,0.000000
0.000000,-2.500785,0.000000
0.000000,-2.417465,0.000000
0.000000,-0.850453,0.000000
0.000000,-1.060857,0.000000
0.000000,-0.458298,0.000000
0.000000,-0.956787,0.000000
0.000000,-1.527723,0.000000
0.000000,-11.009521,0.000000
0.000000,-18.331130,0.000000
0.000000,-25.174700,0.000000
0.000000,-20.572176,0.000000
0.000000,-22.314728,0.000000
0.000000,-14.608690,0.000000
0.000000,-15.608087,0.000000
0.000000,-29.167286,0.000000
0.000000,-32.140522,0.000000
0.000000,-36.127890,0.000000
0.000000,-28.579830,0.000000
0.000000,-33.966760,0.000000
0.000000,-29.397090,0.000000
0.000000,-38.293340,0.000000
0.000000,-48.659412,0.000000
0.000000,-54.381190,0.000000
0.000000,-44.902103,0.000000
0.000000,-48.858826,0.000000
0.000000,-52.939518,0.000000
0.000000,-51.758520,0.000000
0.000000,-52.336130,0.000000
0.000000,-54.145515,0.000000
0.000000,-53.478268,0.000000
0.000000,-57.872395,0.000000
0.000000,-57.228900,0.000000
0.000000,-54.142113,0.000000
0.000000,-60.389940,0.000000
0.000000,-63.112873,0.000000
0.000000,-62.722510,0.000000
0.000000,-64.108600,0.000000
0.000000,-67.835860,0.000000
0.000000,-64.867700,0.000000
0.000000,-70.393135,0.000000
0.000000,-68.737720,0.000000
0.000000,-70.574234,0.000000
0.000000,-69.521420,0.000000
0.000000,-69.317810,0.000000
0.000000,-67.497246,0.000000
0.000000,-68.180370,0.000000
0.000000,-67.846120,0.000000
0.000000,-67.819600,0.000000
0.000000,-67.259476,0.000000
0.000000,-67.277900,0.000000
0.000000,-69.472090,0.000000
0.000000,-65.820100,0.000000
0.000000,-68.367584,0.000000
0.000000,-68.662010,0.000000
0.000000,-69.270750,0.000000
0.000000,-69.399864,0.000000
0.000000,-66.683480,0.000000
0.000000,-68.813286,0.000000
0.000000,-68.559350,0.000000
0.000000,-64.927340,0.000000
0.000000,-60.208416,0.000000
0.000000,-62.713264,0.000000
0.000000,-59.526790,0.000000
0.000000,-62.336655,0.000000
0.000000,-60.220800,0.000000
0.000000,-60.186040,0.000000
0.000000,-55.271313,0.000000
0.000000,-52.403122,0.000000
0.000000,-49.439370,0.000000
0.000000,-53.035824,0.000000
0.000000,-57.042755,0.000000
0.000000,-34.564080,0.000000
0.000000,-27.790958,0.000000
0.000000,-19.292152,0.000000
0.000000,-27.118479,0.000000
0.000000,-14.665907,0.000000
0.000000,-20.533312,0.000000
0.000000,-31.685160,0.000000
0.000000,-37.160103,0.000000
0.000000,-9.183320,0.000000
0.000000,-12.675457,0.000000
0.000000,-2.263192,0.000000
0.000000,-4.863505,0.000000
0.000000,-7.063750,0.000000
0.000000,-5.866160,0.000000
0.000000,-7.491569,0.000000
0.000000,4.988536,0.000000
0.000000,10.831884,0.000000
0.000000,5.296847,0.000000
0.000000,5.780649,0.000000
0.000000,12.086543,0.000000
0.000000,17.951208,0.000000
0.000000,18.225859,0.000000
0.000000,21.667042,0.000000
0.000000,22.466522,0.000000
0.000000,19.826904,0.000000
0.000000,22.402220,0.000000
0.000000,27.189898,0.000000
0.000000,20.008907,0.000000
0.000000,23.299082,0.000000
0.000000,35.089417,0.000000
0.000000,34.052998,0.000000
0.000000,38.313280,0.000000
0.000000,43.101997,0.000000
0.000000,10.649385,0.000000
0.000000,23.777958,0.000000
0.000000,23.249380,0.000000
0.000000,41.408466,0.000000
0.000000,43.908590,0.000000
0.000000,38.027320,0.000000
0.000000,32.703857,0.000000
0.000000,39.828610,0.000000
0.000000,41.152230,0.000000
0.000000,39.700730,0.000000
0.000000,36.783970,0.000000
0.000000,28.245815,0.000000
0.000000,-3.217301,0.000000
0.000000,3.812972,0.000000
0.000000,-8.478359,0.000000
0.000000,5.750265,0.000000
0.000000,11.902533,0.000000
0.000000,18.410666,0.000000
0.000000,25.050480,0.000000
0.000000,13.363365,0.000000
0.000000,19.790941,0.000000
0.000000,23.040352,0.000000
0.000000,23.100025,0.000000
0.000000,20.406160,0.000000
0.000000,17.457200,0.000000
0.000000,13.181339,0.000000
0.000000,0.156730,0.000000
0.000000,-0.627374,0.000000
0.000000,-7.187076,0.000000
0.000000,-7.226559,0.000000
0.000000,-8.811696,0.000000
0.000000,-5.061717,0.000000
0.000000,-8.443503,0.000000
0.000000,-8.130646,0.000000
0.000000,-10.277406,0.000000
0.000000,-4.795351,0.000000
0.000000,-6.046835,0.000000
0.000000,-10.478895,0.000000
0.000000,-10.081285,0.000000
0.000000,-13.567960,0.000000
0.000000,-12.615872,0.000000
0.000000,-17.752954,0.000000
0.000000,-14.317662,0.000000
0.000000,-15.379032,0.000000
0.000000,-15.628720,0.000000
0.000000,-20.518955,0.000000
0.000000,-20.100586,0.000000
0.000000,-21.547428,0.000000
0.000000,-22.534245,0.000000
0.000000,-24.349886,0.000000
0.000000,-27.789783,0.000000
0.000000,-34.103294,0.000000
0.000000,-31.064770,0.000000
0.000000,-32.567320,0.000000
0.000000,-33.913630,0.000000
0.000000,-32.024986,0.000000
0.000000,-36.496136,0.000000
0.000000,-35.693020,0.000000
0.000000,-32.874810,0.000000
0.000000,-37.410492,0.000000
0.000000,-38.503532,0.000000
0.000000,-26.843870,0.000000
0.000000,-39.118275,0.000000
0.000000,-36.441830,0.000000
0.000000,-7.103194,0.000000
0.000000,13.872771,0.000000
0.000000,-7.848927,0.000000
0.000000,-26.208122,0.000000
0.000000,-30.856478,0.000000
0.000000,-28.438150,0.000000
0.000000,-40.515560,0.000000
0.000000,-35.232212,0.000000
0.000000,-40.143860,0.000000
0.000000,-42.704582,0.000000
0.000000,-48.423145,0.000000
0.000000,-60.057250,0.000000
0.000000,-56.310417,0.000000
0.000000,-54.271187,0.000000
0.000000,-44.808983,0.000000
0.000000,-46.029590,0.000000
0.000000,-48.328987,0.000000
0.000000,-53.426235,0.000000
0.000000,-52.276200,0.000000
0.000000,-57.098988,0.000000
0.000000,-60.635906,0.000000
0.000000,-60.167477,0.000000
0.000000,-65.031230,0.000000
0.000000,-64.955280,0.000000
0.000000,-60.969048,0.000000
0.000000,-61.588400,0.000000
0.000000,-60.432860,0.000000
0.000000,-60.972992,0.000000
0.000000,-64.011150,0.000000
0.000000,-63.892080,0.000000
0.000000,-69.967064,0.000000
0.000000,-69.180580,0.000000
0.000000,-63.065560,0.000000
0.000000,-61.790320,0.000000
0.000000,-62.786095,0.000000
0.000000,-60.922190,0.000000
0.000000,-60.556020,0.000000
0.000000,-65.403200,0.000000
0.000000,-71.639080,0.000000
0.000000,-72.598860,0.000000
0.000000,-65.653330,0.000000
0.000000,-67.784935,0.000000
0.000000,-58.185055,0.000000
0.000000,-45.054120,0.000000
0.000000,-58.667950,0.000000
0.000000,-46.710068,0.000000
0.000000,-54.905000,0.000000
0.000000,-48.396423,0.000000
0.000000,-23.356503,0.000000
0.000000,-31.794428,0.000000
0.000000,-13.975817,0.000000
0.000000,-13.731095,0.000000
0.000000,-22.197790,0.000000
0.000000,-22.038322,0.000000
0.000000,-33.278540,0.000000
0.000000,-20.269495,0.000000
0.000000,-14.811918,0.000000
0.000000,-10.531857,0.000000
0.000000,-3.716095,0.000000
0.000000,-3.390010,0.000000
0.000000,-0.745929,0.000000
0.000000,-1.285218,0.000000
0.000000,-2.559617,0.000000
0.000000,-2.829303,0.000000
0.000000,-3.052451,0.000000
0.000000,-6.082145,0.000000
0.000000,0.004797,0.000000
0.000000,-2.630745,0.000000
0.000000,0.270877,0.000000
0.000000,-3.439481,0.000000
0.000000,0.859179,0.000000
0.000000,3.027935,0.000000
0.000000,5.301201,0.000000
0.000000,6.432476,0.000000
0.000000,9.618143,0.000000
0.000000,12.783036,0.000000
0.000000,19.253640,0.000000
0.000000,17.723010,0.000000
0.000000,12.236221,0.000000
0.000000,19.180128,0.000000
0.000000,18.960120,0.000000
0.000000,27.327574,0.000000
0.000000,23.076157,0.000000
0.000000,23.574541,0.000000
0.000000,24.218071,0.000000
0.000000,22.610490,0.000000
0.000000,25.423220,0.000000
0.000000,24.697054,0.000000
0.000000,23.573854,0.000000
0.000000,27.386608,0.000000
0.000000,23.251755,0.000000
0.000000,21.264547,0.000000
0.000000,25.947180,0.000000
0.000000,29.614748,0.000000
0.000000,22.213797,0.000000
0.000000,27.348415,0.000000
0.000000,27.515884,0.000000
0.000000,26.220066,0.000000
0.000000,27.891598,0.000000
0.000000,21.668991,0.000000
0.000000,27.823633,0.000000
0.000000,29.281404,0.000000
0.000000,27.609749,0.000000
0.000000,27.976576,0.000000
0.000000,26.101444,0.000000
0.000000,26.085308,0.000000
0.000000,20.671057,0.000000
0.000000,18.171808,0.000000
0.000000,21.737219,0.000000
0.000000,19.380960,0.000000
0.000000,15.037807,0.000000
0.000000,21.309294,0.000000
0.000000,20.566225,0.000000
0.000000,13.313233,0.000000
0.000000,17.018730,0.000000
0.000000,16.612810,0.000000
0.000000,18.477540,0.000000
0.000000,17.233036,0.000000
0.000000,18.843504,0.000000
0.000000,17.099077,0.000000
0.000000,17.205560,0.000000
0.000000,17.767467,0.000000
0.000000,18.401602,0.000000
0.000000,16.444733,0.000000
0.000000,18.878008,0.000000
0.000000,17.640871,0.000000
0.000000,15.778708,0.000000
0.000000,13.031400,0.000000
0.000000,12.220452,0.000000
0.000000,13.887337,0.000000
0.000000,14.356611,0.000000
0.000000,15.309363,0.000000
0.000000,14.427955,0.000000
0.000000,13.740270,0.000000
0.000000,12.441297,0.000000
0.000000,12.286119,0.000000
0.000000,11.969307,0.000000
0.000000,12.870495,0.000000
0.000000,12.069519,0.000000
0.000000,13.593328,0.000000
0.000000,13.981686,0.000000
0.000000,14.797240,0.000000
0.000000,15.720787,0.000000
0.000000,20.390835,0.000000
0.000000,22.467869,0.000000
0.000000,17.402306,0.000000
0.000000,17.987890,0.000000
0.000000,16.148209,0.000000
0.000000,14.110154,0.000000
0.000000,15.216160,0.000000
0.000000,20.100998,0.000000
0.000000,11.613596,0.000000
0.000000,12.406245,0.000000
0.000000,16.597214,0.000000
0.000000,3.791776,0.000000
0.000000,12.725028,0.000000
0.000000,13.001986,0.000000
0.000000,10.414432,0.000000
0.000000,13.825707,0.000000
0.000000,16.935350,0.000000
0.000000,14.752330,0.000000
0.000000,12.632504,0.000000
0.000000,13.937980,0.000000
0.000000,13.234037,0.000000
0.000000,13.062853,0.000000
0.000000,9.093341,0.000000
0.000000,11.089111,0.000000
0.000000,12.676711,0.000000
0.000000,13.928441,0.000000
0.000000,9.717961,0.000000
0.000000,9.695380,0.000000
0.000000,11.824874,0.000000
0.000000,13.441692,0.000000
0.000000,12.154911,0.000000
0.000000,12.352945,0.000000
0.000000,13.580627,0.000000
0.000000,7.229561,0.000000
0.000000,10.816774,0.000000
0.000000,10.896526,0.000000
0.000000,13.370038,0.000000
0.000000,12.228692,0.000000
0.000000,6.007596,0.000000
0.000000,13.976346,0.000000
0.000000,10.191456,0.000000
0.000000,10.893705,0.000000
0.000000,9.709331,0.000000
0.000000,8.923203,0.000000
0.000000,6.456666,0.000000
0.000000,7.042441,0.000000
0.000000,7.406827,0.000000
0.000000,7.534613,0.000000
0.000000,9.526400,0.000000
0.000000,8.735261,0.000000
0.000000,11.134107,0.000000
0.000000,7.977453,0.000000
0.000000,6.305637,0.000000
0.000000,5.690788,0.000000
0.000000,7.297211,0.000000
0.000000,6.916178,0.000000
0.000000,8.833777,0.000000
0.000000,8.165861,0.000000
0.000000,4.661296,0.000000
0.000000,5.323812,0.000000
0.000000,9.544683,0.000000
0.000000,6.515181,0.000000
0.000000,5.111096,0.000000
0.000000,7.918872,0.000000
0.000000,8.827021,0.000000
0.000000,6.373843,0.000000
0.000000,8.443397,0.000000
0.000000,4.634104,0.000000
0.000000,6.883310,0.000000
0.000000,2.301255,0.000000
0.000000,3.143514,0.000000
0.000000,2.075727,0.000000
0.000000,3.326901,0.000000
0.000000,5.763539,0.000000
0.000000,9.035307,0.000000
0.000000,14.008658,0.000000
0.000000,14.336379,0.000000
0.000000,9.060476,0.000000
0.000000,5.493814,0.000000
0.000000,13.909164,0.000000
0.000000,-16.324526,0.000000
0.000000,6.985260,0.000000
0.000000,6.295937,0.000000
0.000000,11.976869,0.000000
0.000000,6.425006,0.000000
0.000000,4.938235,0.000000
0.000000,3.343656,0.000000
0.000000,4.636108,0.000000
0.000000,6.700608,0.000000
0.000000,8.064088,0.000000
0.000000,12.153391,0.000000
0.000000,8.737001,0.000000
0.000000,12.385012,0.000000
0.000000,11.384389,0.000000
0.000000,12.807510,0.000000
0.000000,13.469723,0.000000
0.000000,16.918066,0.000000
0.000000,11.103837,0.000000
0.000000,12.843109,0.000000
0.000000,15.606401,0.000000
0.000000,13.142093,0.000000
0.000000,13.822207,0.000000
0.000000,14.011491,0.000000
0.000000,13.163144,0.000000
0.000000,12.753274,0.000000
0.000000,12.179373,0.000000
0.000000,12.976962,0.000000
0.000000,11.184002,0.000000
0.000000,-1.112325,0.000000
0.000000,10.466345,0.000000
0.000000,10.265610,0.000000
0.000000,13.907688,0.000000
0.000000,11.414637,0.000000
0.000000,12.714570,0.000000
0.000000,12.390524,0.000000
0.000000,11.409208,0.000000
0.000000,14.457849,0.000000
0.000000,16.314455,0.000000
0.000000,14.455650,0.000000
0.000000,13.555778,0.000000
0.000000,14.748117,0.000000
0.000000,17.222773,0.000000
0.000000,14.882380,0.000000
0.000000,7.639432,0.000000
0.000000,9.264649,0.000000
0.000000,14.159420,0.000000
0.000000,13.196306,0.000000
0.000000,18.231024,0.000000
0.000000,16.559683,0.000000
0.000000,1.401961,0.000000
0.000000,20.726456,0.000000
0.000000,18.802172,0.000000
0.000000,21.465918,0.000000
0.000000,22.499216,0.000000
0.000000,12.613839,0.000000
0.000000,20.612860,0.000000
0.000000,19.824806,0.000000
0.000000,14.974002,0.000000
0.000000,13.905133,0.000000
0.000000,19.074726,0.000000
0.000000,18.174063,0.000000
0.000000,17.775127,0.000000
0.000000,14.691899,0.000000
0.000000,19.172040,0.000000
0.000000,15.027192,0.000000
0.000000,14.213726,0.000000
0.000000,17.428663,0.000000
0.000000,14.988544,0.000000
0.000000,16.221403,0.000000
0.000000,22.833464,0.000000
0.000000,16.403925,0.000000
0.000000,15.017990,0.000000
0.000000,22.467884,0.000000
0.000000,19.325940,0.000000
0.000000,-0.368244,0.000000
0.000000,-4.759162,0.000000
0.000000,0.330388,0.000000
0.000000,0.834366,0.000000
0.000000,-3.231326,0.000000
0.000000,-1.936850,0.000000
0.000000,-0.244881,0.000000
0.000000,0.256843,0.000000
0.000000,8.555779,0.000000
0.000000,0.034858,0.000000
0.000000,11.963127,0.000000
0.000000,-1.256993,0.000000
0.000000,10.213969,0.000000
0.000000,9.428159,0.000000
0.000000,15.809630,0.000000
0.000000,13.687874,0.000000
0.000000,14.033127,0.000000
0.000000,14.510605,0.000000
0.000000,9.196584,0.000000
0.000000,-4.456406,0.000000
0.000000,-9.410167,0.000000
0.000000,-2.959648,0.000000
0.000000,-8.643027,0.000000
0.000000,-6.251777,0.000000
0.000000,-13.199696,0.000000
0.000000,-16.398033,0.000000
0.000000,-6.510459,0.000000
0.000000,-15.101769,0.000000
0.000000,-8.494967,0.000000
0.000000,5.901053,0.000000
0.000000,-0.927308,0.000000
0.000000,3.785037,0.000000
0.000000,-13.026116,0.000000
0.000000,-35.080840,0.000000
0.000000,-40.217564,0.000000
0.000000,-50.198784,0.000000
0.000000,-53.392017,0.000000
0.000000,-50.258550,0.000000
0.000000,-52.834343,0.000000
0.000000,-53.818970,0.000000
0.000000,-44.135353,0.000000
0.000000,-50.972960,0.000000
0.000000,-56.281900,0.000000
0.000000,-54.767353,0.000000
0.000000,-57.536976,0.000000
0.000000,-56.244220,0.000000
0.000000,-57.247494,0.000000
0.000000,-62.500664,0.000000
0.000000,-65.580440,0.000000
0.000000,-62.022820,0.000000
0.000000,-59.796925,0.000000
0.000000,-57.291245,0.000000
0.000000,-62.869324,0.000000
0.000000,-67.489760,0.000000
0.000000,-64.181080,0.000000
0.000000,-66.864624,0.000000
0.000000,-64.368730,0.000000
0.000000,-69.190190,0.000000
0.000000,-65.983740,0.000000
0.000000,-66.235240,0.000000
0.000000,-68.032005,0.000000
0.000000,-65.850110,0.000000
0.000000,-62.907578,0.000000
0.000000,-60.510017,0.000000
0.000000,-49.055347,0.000000
0.000000,-44.646313,0.000000
0.000000,-25.396729,0.000000
0.000000,-10.168637,0.000000
0.000000,-10.071383,0.000000
0.000000,-15.156486,0.000000
0.000000,-12.619267,0.000000
0.000000,-5.107539,0.000000
0.000000,-2.055458,0.000000
0.000000,-4.586637,0.000000
0.000000,0.141464,0.000000
0.000000,-0.307738,0.000000
0.000000,6.857184,0.000000
0.000000,9.110379,0.000000
0.000000,10.532780,0.000000
0.000000,7.006582,0.000000
0.000000,11.689634,0.000000
0.000000,12.454416,0.000000
0.000000,14.176908,0.000000
0.000000,15.600401,0.000000
0.000000,15.598400,0.000000
0.000000,15.730275,0.000000
0.000000,10.418519,0.000000
0.000000,13.770008,0.000000
0.000000,11.685091,0.000000
0.000000,15.682470,0.000000
0.000000,13.767423,0.000000
0.000000,8.801880,0.000000
0.000000,7.082662,0.000000
0.000000,9.629960,0.000000
0.000000,9.931383,0.000000
0.000000,12.670662,0.000000
0.000000,11.673153,0.000000
0.000000,10.745852,0.000000
0.000000,9.781743,0.000000
0.000000,10.829886,0.000000
0.000000,12.038401,0.000000
0.000000,12.227510,0.000000
0.000000,12.811964,0.000000
0.000000,11.287364,0.000000
0.000000,13.557137,0.000000
0.000000,12.583882,0.000000
0.000000,13.751548,0.000000
0.000000,13.611982,0.000000
0.000000,13.945518,0.000000
0.000000,14.375848,0.000000
0.000000,14.015636,0.000000
0.000000,15.326338,0.000000
0.000000,17.409542,0.000000
0.000000,14.699753,0.000000
0.000000,15.138103,0.000000
0.000000,15.052486,0.000000
0.000000,15.142772,0.000000
0.000000,15.594105,0.000000
0.000000,16.525982,0.000000
0.000000,16.301530,0.000000
0.000000,15.606010,0.000000
0.000000,14.661797,0.000000
0.000000,16.573503,0.000000
0.000000,15.051609,0.000000
0.000000,16.863136,0.000000
0.000000,8.929915,0.000000
0.000000,13.978461,0.000000
0.000000,13.824721,0.000000
0.000000,13.975130,0.000000
0.000000,13.597727,0.000000
0.000000,13.533695,0.000000
0.000000,13.074023,0.000000
0.000000,13.810868,0.000000
0.000000,13.085269,0.000000
0.000000,8.385348,0.000000
0.000000,15.628747,0.000000
0.000000,14.844994,0.000000
0.000000,16.110146,0.000000
0.000000,16.365211,0.000000
0.000000,15.467307,0.000000
0.000000,11.808727,0.000000
0.000000,14.048677,0.000000
0.000000,14.531758,0.000000
0.000000,14.750670,0.000000
0.000000,13.332280,0.000000
0.000000,15.302559,0.000000
0.000000,15.144235,0.000000
0.000000,12.256671,0.000000
0.000000,14.081797,0.000000
0.000000,15.781683,0.000000
0.000000,15.778261,0.000000
0.000000,15.280067,0.000000
0.000000,16.368986,0.000000
0.000000,15.617615,0.000000
0.000000,13.978491,0.000000
0.000000,12.311264,0.000000
0.000000,16.942331,0.000000
0.000000,15.975176,0.000000
0.000000,16.108648,0.000000
0.000000,16.027060,0.000000
0.000000,14.437947,0.000000
0.000000,16.259968,0.000000
0.000000,14.351764,0.000000
0.000000,16.951492,0.000000
0.000000,14.346295,0.000000
0.000000,14.452765,0.000000
0.000000,17.381287,0.000000
0.000000,16.210617,0.000000
0.000000,10.728244,0.000000
0.000000,15.461725,0.000000
0.000000,13.888977,0.000000
0.000000,14.306603,0.000000
0.000000,8.678472,0.000000
0.000000,14.111114,0.000000
0.000000,11.819140,0.000000
0.000000,15.163175,0.000000
0.000000,12.817589,0.000000
0.000000,15.515000,0.000000
0.000000,14.656538,0.000000
0.000000,13.915845,0.000000
0.000000,12.227254,0.000000
0.000000,14.636567,0.000000
0.000000,16.407814,0.000000
0.000000,14.334916,0.000000
0.000000,16.181900,0.000000
0.000000,14.318194,0.000000
0.000000,12.086216,0.000000
0.000000,15.695900,0.000000
0.000000,18.284086,0.000000
0.000000,11.552217,0.000000
0.000000,13.875568,0.000000
0.000000,15.458066,0.000000
0.000000,10.715907,0.000000
0.000000,12.553493,0.000000
0.000000,7.754383,0.000000
0.000000,14.830486,0.000000
0.000000,12.065144,0.000000
0.000000,12.967967,0.000000
0.000000,13.826392,0.000000
0.000000,14.197290,0.000000
0.000000,12.856721,0.000000
0.000000,14.864598,0.000000
0.000000,15.149991,0.000000
0.000000,13.099167,0.000000
0.000000,12.307058,0.000000
0.000000,8.876830,0.000000
0.000000,14.153421,0.000000
0.000000,11.131005,0.000000
0.000000,13.403689,0.000000
0.000000,14.486517,0.000000
0.000000,12.680652,0.000000
0.000000,14.150274,0.000000
0.000000,11.840812,0.000000
0.000000,11.799338,0.000000
0.000000,9.418706,0.000000
0.000000,10.674782,0.000000
0.000000,10.404783,0.000000
0.000000,13.545669,0.000000
0.000000,12.986375,0.000000
0.000000,10.443357,0.000000
0.000000,13.677171,0.000000
0.000000,13.229481,0.000000
0.000000,16.746792,0.000000
0.000000,17.207525,0.000000
0.000000,17.540808,0.000000
0.000000,19.452732,0.000000
0.000000,17.306957,0.000000
0.000000,19.363295,0.000000
0.000000,16.891140,0.000000
0.000000,17.353504,0.000000
0.000000,17.241790,0.000000
0.000000,16.140670,0.000000
0.000000,21.733837,0.000000
0.000000,16.028225,0.000000
0.000000,16.552800,0.000000
0.000000,18.509918,0.000000
0.000000,20.341713,0.000000
0.000000,18.450094,0.000000
0.000000,23.888330,0.000000
0.000000,21.903560,0.000000
0.000000,22.759570,0.000000
0.000000,24.970545,0.000000
0.000000,21.784601,0.000000
0.000000,21.572258,0.000000
0.000000,21.184528,0.000000
0.000000,14.163057,0.000000
0.000000,18.986809,0.000000
0.000000,13.919477,0.000000
0.000000,21.595913,0.000000
0.000000,18.605947,0.000000
0.000000,18.774214,0.000000
0.000000,15.907091,0.000000
0.000000,14.297390,0.000000
0.000000,15.104966,0.000000
0.000000,13.495344,0.000000
0.000000,14.048235,0.000000
0.000000,12.440899,0.000000
0.000000,17.016636,0.000000
0.000000,16.234447,0.000000
0.000000,15.958746,0.000000
0.000000,19.778240,0.000000
0.000000,15.244819,0.000000
0.000000,16.890700,0.000000
0.000000,15.760609,0.000000
0.000000,12.364832,0.000000
0.000000,12.394279,0.000000
0.000000,17.501455,0.000000
0.000000,15.176480,0.000000
0.000000,15.963460,0.000000
0.000000,16.865330,0.000000
0.000000,15.161878,0.000000
0.000000,16.462696,0.000000
0.000000,16.502900,0.000000
0.000000,14.726677,0.000000
0.000000,13.781998,0.000000
0.000000,14.822672,0.000000
0.000000,14.868939,0.000000
0.000000,17.394955,0.000000
0.000000,12.632827,0.000000
0.000000,14.172473,0.000000
0.000000,16.688847,0.000000
0.000000,13.783587,0.000000
0.000000,12.182223,0.000000
0.000000,14.545153,0.000000
0.000000,16.904250,0.000000
0.000000,15.786462,0.000000
0.000000,15.627008,0.000000
0.000000,15.938563,0.000000
0.000000,16.519575,0.000000
0.000000,15.201783,0.000000
0.000000,16.873772,0.000000
0.000000,12.863744,0.000000
0.000000,7.647687,0.000000
0.000000,8.371185,0.000000
0.000000,-0.500030,0.000000
0.000000,0.159655,0.000000
0.000000,12.399472,0.000000
0.000000,14.119998,0.000000
0.000000,13.617146,0.000000
0.000000,15.603010,0.000000
0.000000,14.525222,0.000000
0.000000,15.751859,0.000000
0.000000,14.971898,0.000000
0.000000,15.364396,0.000000
0.000000,12.680959,0.000000
0.000000,11.732116,0.000000
0.000000,10.867652,0.000000
0.000000,12.690930,0.000000
0.000000,12.291590,0.000000
0.000000,12.850655,0.000000
0.000000,7.149364,0.000000
0.000000,9.117012,0.000000
0.000000,13.144056,0.000000
0.000000,13.621103,0.000000
0.000000,12.771807,0.000000
0.000000,9.233850,0.000000
0.000000,7.140868,0.000000
0.000000,8.616863,0.000000
0.000000,7.728407,0.000000
0.000000,7.471090,0.000000
0.000000,8.948698,0.000000
0.000000,8.084350,0.000000
0.000000,8.069257,0.000000
0.000000,9.216484,0.000000
0.000000,5.617077,0.000000
0.000000,9.354186,0.000000
0.000000,9.580767,0.000000
0.000000,10.345504,0.000000
0.000000,9.835832,0.000000
0.000000,13.620901,0.000000
0.000000,12.857343,0.000000
0.000000,13.151453,0.000000
0.000000,12.963563,0.000000
0.000000,12.960004,0.000000
0.000000,12.196421,0.000000
0.000000,11.732685,0.000000
0.000000,13.828321,0.000000
0.000000,10.343278,0.000000
0.000000,11.414022,0.000000
0.000000,11.904884,0.000000
0.000000,12.506682,0.000000
0.000000,10.372078,0.000000
0.000000,9.725219,0.000000
0.000000,9.857511,0.000000
0.000000,13.153706,0.000000
0.000000,3.687844,0.000000
0.000000,12.134165,0.000000
0.000000,9.959832,0.000000
0.000000,9.685447,0.000000
0.000000,12.044779,0.000000
0.000000,10.520835,0.000000
0.000000,10.080831,0.000000
0.000000,9.024567,0.000000
0.000000,11.038589,0.000000
0.000000,11.001913,0.000000
0.000000,11.124513,0.000000
0.000000,10.791925,0.000000
0.000000,10.716221,0.000000
0.000000,11.612657,0.000000
0.000000,8.028855,0.000000
0.000000,10.701095,0.000000
0.000000,10.656301,0.000000
0.000000,11.108584,0.000000
0.000000,9.711522,0.000000
0.000000,8.298359,0.000000
0.000000,9.019683,0.000000
0.000000,9.329613,0.000000
0.000000,8.163405,0.000000
0.000000,10.984613,0.000000
0.000000,9.963641,0.000000
0.000000,9.462457,0.000000
0.000000,10.295646,0.000000
0.000000,5.592916,0.000000
0.000000,5.410747,0.000000
0.000000,4.780642,0.000000
0.000000,-1.975399,0.000000
0.000000,-2.743082,0.000000
0.000000,-3.247147,0.000000
0.000000,0.032154,0.000000
0.000000,-2.244872,0.000000
0.000000,-1.100785,0.000000
0.000000,-6.123268,0.000000
0.000000,-1.689668,0.000000
0.000000,0.146228,0.000000
0.000000,0.065520,0.000000
0.000000,2.886816,0.000000
0.000000,0.903341,0.000000
0.000000,-0.871691,0.000000
0.000000,0.182390,0.000000
0.000000,1.625690,0.000000
0.000000,2.236758,0.000000
0.000000,-1.125838,0.000000
0.000000,-4.647376,0.000000
0.000000,-1.214240,0.000000
0.000000,-0.430568,0.000000
0.000000,-1.219358,0.000000
0.000000,1.507392,0.000000
0.000000,-1.612187,0.000000
0.000000,-0.269582,0.000000
0.000000,-5.020367,0.000000
0.000000,-3.592076,0.000000
0.000000,0.188739,0.000000
0.000000,-6.896500,0.000000
0.000000,-6.784203,0.000000
0.000000,-2.417168,0.000000
0.000000,-10.837035,0.000000
0.000000,-3.478024,0.000000
0.000000,-6.101877,0.000000
0.000000,-11.603818,0.000000
0.000000,-24.028753,0.000000
0.000000,-9.077122,0.000000
0.000000,-12.677444,0.000000
0.000000,-16.855000,0.000000
0.000000,-41.603027,0.000000
0.000000,-32.920574,0.000000
0.000000,-61.466587,0.000000
0.000000,-50.745804,0.000000
0.000000,-47.888600,0.000000
0.000000,-46.310547,0.000000
0.000000,-56.518635,0.000000
0.000000,-54.747395,0.000000
0.000000,-50.837210,0.000000
0.000000,-45.132660,0.000000
0.000000,-45.151810,0.000000
0.000000,-53.427624,0.000000
0.000000,-62.174774,0.000000
0.000000,-62.256912,0.000000
0.000000,-72.194176,0.000000
0.000000,-73.713170,0.000000
0.000000,-67.812160,0.000000
0.000000,-67.390760,0.000000
0.000000,-67.295380,0.000000
0.000000,-67.692690,0.000000
0.000000,-69.698204,0.000000
0.000000,-73.308380,0.000000
0.000000,-73.722020,0.000000
0.000000,-77.754430,0.000000
0.000000,-79.635414,0.000000
0.000000,-73.917046,0.000000
0.000000,-70.715790,0.000000
0.000000,-65.276880,0.000000
0.000000,-58.908750,0.000000
0.000000,-52.687550,0.000000
0.000000,-42.129540,0.000000
0.000000,-30.568050,0.000000
0.000000,-26.447153,0.000000
0.000000,-11.517319,0.000000
0.000000,-13.389112,0.000000
0.000000,-24.130898,0.000000
0.000000,-11.849421,0.000000
0.000000,-2.419511,0.000000
0.000000,1.073367,0.000000
0.000000,-3.152718,0.000000
0.000000,-1.441375,0.000000
0.000000,5.272171,0.000000
0.000000,13.661852,0.000000
0.000000,18.692846,0.000000
0.000000,30.354650,0.000000
0.000000,30.514750,0.000000
0.000000,31.363987,0.000000
0.000000,26.095608,0.000000
0.000000,33.437540,0.000000
0.000000,48.051266,0.000000
0.000000,43.101190,0.000000
0.000000,46.954330,0.000000
0.000000,47.093807,0.000000
0.000000,47.808490,0.000000
0.000000,47.743576,0.000000
0.000000,48.624600,0.000000
0.000000,49.765540,0.000000
0.000000,47.086370,0.000000
0.000000,40.568516,0.000000
0.000000,49.177810,0.000000
0.000000,47.295353,0.000000
0.000000,49.368526,0.000000
0.000000,48.115208,0.000000
0.000000,48.170654,0.000000
0.000000,46.367485,0.000000
0.000000,46.046280,0.000000
0.000000,45.238705,0.000000
0.000000,43.691902,0.000000
0.000000,45.209217,0.000000
0.000000,44.414825,0.000000
0.000000,44.487473,0.000000
0.000000,44.619614,0.000000
0.000000,45.336468,0.000000
0.000000,46.262900,0.000000
0.000000,46.717537,0.000000
0.000000,46.037064,0.000000
0.000000,45.867123,0.000000
0.000000,48.223164,0.000000
0.000000,48.011852,0.000000
0.000000,47.797966,0.000000
0.000000,47.748690,0.000000
0.000000,48.216232,0.000000
0.000000,43.679325,0.000000
0.000000,46.911953,0.000000
0.000000,45.944714,0.000000
0.000000,44.893350,0.000000
0.000000,49.617460,0.000000
0.000000,51.927710,0.000000
0.000000,50.696040,0.000000
0.000000,49.959187,0.000000
0.000000,38.711887,0.000000
0.000000,39.672920,0.000000
0.000000,44.564270,0.000000
0.000000,46.608850,0.000000
0.000000,43.380750,0.000000
0.000000,41.629524,0.000000
0.000000,40.446210,0.000000
0.000000,42.699863,0.000000
0.000000,35.670273,0.000000
0.000000,36.966840,0.000000
0.000000,32.210785,0.000000
0.000000,34.640858,0.000000
0.000000,30.728504,0.000000
0.000000,29.484380,0.000000
0.000000,28.504513,0.000000
0.000000,28.713085,0.000000
0.000000,24.787550,0.000000
0.000000,19.436926,0.000000
0.000000,21.551765,0.000000
0.000000,20.531075,0.000000
0.000000,21.307285,0.000000
0.000000,21.317362,0.000000
0.000000,21.457070,0.000000
0.000000,22.486036,0.000000
0.000000,20.322102,0.000000
0.000000,17.605167,0.000000
0.000000,14.943619,0.000000
0.000000,14.410547,0.000000
0.000000,13.998177,0.000000
0.000000,14.133178,0.000000
0.000000,12.560752,0.000000
0.000000,15.069971,0.000000
0.000000,13.679582,0.000000
0.000000,13.510432,0.000000
0.000000,11.565591,0.000000
0.000000,9.102511,0.000000
0.000000,10.167508,0.000000
0.000000,8.337796,0.000000
0.000000,6.050241,0.000000
0.000000,7.981812,0.000000
0.000000,16.994675,0.000000
0.000000,6.663051,0.000000
0.000000,8.593279,0.000000
0.000000,7.296184,0.000000
0.000000,6.552171,0.000000
0.000000,6.538672,0.000000
0.000000,3.844437,0.000000
0.000000,4.488349,0.000000
0.000000,5.859498,0.000000
0.000000,4.059298,0.000000
0.000000,4.281393,0.000000
0.000000,4.445781,0.000000
0.000000,2.346218,0.000000
0.000000,1.462535,0.000000
0.000000,2.822405,0.000000
0.000000,2.305532,0.000000
0.000000,-0.151961,0.000000
0.000000,2.833164,0.000000
0.000000,2.856214,0.000000
0.000000,5.523676,0.000000
0.000000,4.004521,0.000000
0.000000,1.357861,0.000000
0.000000,3.214779,0.000000
0.000000,2.543436,0.000000
0.000000,4.379017,0.000000
0.000000,4.025102,0.000000
0.000000,3.506988,0.000000
0.000000,4.379493,0.000000
0.000000,4.714585,0.000000
0.000000,3.410607,0.000000
0.000000,5.953570,0.000000
0.000000,4.499554,0.000000
0.000000,7.774033,0.000000
0.000000,5.126251,0.000000
0.000000,5.795607,0.000000
0.000000,4.857833,0.000000
0.000000,-0.733700,0.000000
0.000000,1.224887,0.000000
0.000000,-0.436651,0.000000
0.000000,-1.890576,0.000000
0.000000,-2.528513,0.000000
0.000000,-3.563479,0.000000
0.000000,-3.454715,0.000000
0.000000,-7.106137,0.000000
0.000000,-5.382716,0.000000
0.000000,-3.535107,0.000000
0.000000,-9.043159,0.000000
0.000000,-2.704547,0.000000
0.000000,-3.619197,0.000000
0.000000,-5.759764,0.000000
0.000000,-6.187217,0.000000
0.000000,-6.066320,0.000000
0.000000,-6.123285,0.000000
0.000000,-4.168810,0.000000
0.000000,-4.955482,0.000000
0.000000,-6.975822,0.000000
0.000000,-6.488030,0.000000
0.000000,-7.211784,0.000000
0.000000,-5.975862,0.000000
0.000000,-11.035020,0.000000
0.000000,-9.034077,0.000000
0.000000,-10.885698,0.000000
0.000000,-7.295591,0.000000
0.000000,-7.776865,0.000000
0.000000,-11.940391,0.000000
0.000000,-10.143233,0.000000
0.000000,-5.538130,0.000000
0.000000,-7.105543,0.000000
0.000000,-5.488457,0.000000
0.000000,-2.902704,0.000000
0.000000,-5.583987,0.000000
0.000000,-4.525269,0.000000
0.000000,-4.629925,0.000000
0.000000,-5.792018,0.000000
0.000000,-6.533212,0.000000
0.000000,-3.303502,0.000000
0.000000,-5.797192,0.000000
0.000000,-7.924915,0.000000
0.000000,-6.734014,0.000000
0.000000,-7.929820,0.000000
0.000000,-7.753470,0.000000
0.000000,-5.258328,0.000000
0.000000,-3.182657,0.000000
0.000000,1.398940,0.000000
0.000000,3.656222,0.000000
0.000000,2.029512,0.000000
0.000000,2.406223,0.000000
0.000000,-0.311967,0.000000
0.000000,-0.887205,0.000000
0.000000,2.485825,0.000000
0.000000,2.420598,0.000000
0.000000,2.538966,0.000000
0.000000,2.001665,0.000000
0.000000,1.463710,0.000000
0.000000,-4.324409,0.000000
0.000000,1.868455,0.000000
0.000000,0.860842,0.000000
0.000000,-0.100600,0.000000
0.000000,0.477723,0.000000
0.000000,-0.935718,0.000000
0.000000,-0.448522,0.000000
0.000000,-5.786667,0.000000
0.000000,-4.492468,0.000000
0.000000,-6.203008,0.000000
0.000000,-7.474016,0.000000
0.000000,-7.768649,0.000000
0.000000,-6.286280,0.000000
0.000000,-5.251817,0.000000
0.000000,-6.968348,0.000000
0.000000,-5.086100,0.000000
0.000000,-3.521328,0.000000
0.000000,-5.857104,0.000000
0.000000,-7.487778,0.000000
0.000000,-6.791955,0.000000
0.000000,-3.434657,0.000000
0.000000,-3.610292,0.000000
0.000000,-4.106990,0.000000
0.000000,-1.225887,0.000000
0.000000,-6.145860,0.000000
0.000000,-5.497398,0.000000
0.000000,-4.429528,0.000000
0.000000,-2.553855,0.000000
0.000000,1.916418,0.000000
0.000000,5.833882,0.000000
0.000000,4.817937,0.000000
0.000000,2.242925,0.000000
0.000000,4.724379,0.000000
0.000000,4.892680,0.000000
0.000000,3.141281,0.000000
0.000000,3.832552,0.000000
0.000000,-3.598715,0.000000
0.000000,-1.006125,0.000000
0.000000,-0.670703,0.000000
0.000000,-2.154965,0.000000
0.000000,-0.514547,0.000000
0.000000,-1.749047,0.000000
0.000000,2.206042,0.000000
0.000000,12.194105,0.000000
0.000000,-0.360043,0.000000
0.000000,2.708756,0.000000
0.000000,2.772649,0.000000
0.000000,-2.617815,0.000000
0.000000,-5.081666,0.000000
0.000000,-4.886138,0.000000
0.000000,-4.012232,0.000000
0.000000,-4.020205,0.000000
0.000000,-4.685627,0.000000
0.000000,-5.299336,0.000000
0.000000,-10.143693,0.000000
0.000000,-11.058983,0.000000
0.000000,-11.204663,0.000000
0.000000,-7.217697,0.000000
0.000000,-10.591193,0.000000
0.000000,-4.925510,0.000000
0.000000,-9.899104,0.000000
0.000000,-17.612720,0.000000
0.000000,-23.876795,0.000000
0.000000,-25.697493,0.000000
0.000000,-18.077488,0.000000
0.000000,-28.079208,0.000000
0.000000,-39.558147,0.000000
0.000000,-55.606968,0.000000
0.000000,-58.279842,0.000000
0.000000,-65.412315,0.000000
0.000000,-57.523064,0.000000
0.000000,-56.032307,0.000000
0.000000,-59.656563,0.000000
0.000000,-60.617800,0.000000
0.000000,-49.123344,0.000000
0.000000,-49.206696,0.000000
0.000000,-50.790370,0.000000
0.000000,-55.709507,0.000000
0.000000,-52.082960,0.000000
0.000000,-53.454014,0.000000
0.000000,-52.113100,0.000000
0.000000,-51.190384,0.000000
0.000000,-55.901546,0.000000
0.000000,-55.990190,0.000000
0.000000,-54.523880,0.000000
0.000000,-55.539460,0.000000
0.000000,-57.431282,0.000000
0.000000,-56.722650,0.000000
0.000000,-56.414170,0.000000
0.000000,-53.410870,0.000000
0.000000,-60.603306,0.000000
0.000000,-70.241640,0.000000
0.000000,-70.291870,0.000000
0.000000,-64.857550,0.000000
0.000000,-71.188354,0.000000
0.000000,-64.273910,0.000000
0.000000,-60.351723,0.000000
0.000000,-58.201330,0.000000
0.000000,-58.299137,0.000000
0.000000,-45.009480,0.000000
0.000000,-1.642690,0.000000
0.000000,4.154948,0.000000
0.000000,-3.654795,0.000000
0.000000,-16.222889,0.000000
0.000000,-19.607208,0.000000
0.000000,-17.615929,0.000000
0.000000,-22.513956,0.000000
0.000000,-10.657247,0.000000
0.000000,-6.515529,0.000000
0.000000,-3.123715,0.000000
0.000000,-6.078712,0.000000
0.000000,2.868905,0.000000
0.000000,5.911247,0.000000
0.000000,5.621883,0.000000
0.000000,5.167385,0.000000
0.000000,16.625790,0.000000
0.000000,17.310503,0.000000
0.000000,16.451420,0.000000
0.000000,19.423876,0.000000
0.000000,19.939272,0.000000
0.000000,19.938460,0.000000
0.000000,17.657600,0.000000
0.000000,18.085892,0.000000
0.000000,19.440325,0.000000
0.000000,18.058237,0.000000
0.000000,22.824759,0.000000
0.000000,19.382061,0.000000
0.000000,19.527279,0.000000
0.000000,19.934343,0.000000
0.000000,29.567013,0.000000
0.000000,22.038145,0.000000
0.000000,22.430120,0.000000
0.000000,22.594670,0.000000
0.000000,21.130827,0.000000
0.000000,21.027014,0.000000
0.000000,19.841953,0.000000
0.000000,19.861622,0.000000
0.000000,19.473730,0.000000
0.000000,19.527428,0.000000
0.000000,20.916306,0.000000
0.000000,19.324488,0.000000
0.000000,21.408518,0.000000
0.000000,20.827438,0.000000
0.000000,21.430790,0.000000
0.000000,24.352034,0.000000
0.000000,21.330122,0.000000
0.000000,29.636269,0.000000
0.000000,28.399786,0.000000
0.000000,30.349232,0.000000
0.000000,31.234129,0.000000
0.000000,32.330353,0.000000
0.000000,35.011913,0.000000
0.000000,29.421667,0.000000
0.000000,31.349117,0.000000
0.000000,31.096989,0.000000
0.000000,26.900757,0.000000
0.000000,26.507307,0.000000
0.000000,32.031067,0.000000
0.000000,31.560898,0.000000
0.000000,31.123310,0.000000
0.000000,25.515923,0.000000
0.000000,24.543104,0.000000
0.000000,31.004831,0.000000
0.000000,29.830835,0.000000
0.000000,29.450865,0.000000
0.000000,28.291693,0.000000
0.000000,25.273912,0.000000
0.000000,27.306189,0.000000
0.000000,15.894603,0.000000
0.000000,10.969471,0.000000
0.000000,7.827591,0.000000
0.000000,6.678339,0.000000
0.000000,0.858707,0.000000
0.000000,-5.721046,0.000000
0.000000,-2.152555,0.000000
0.000000,-2.941712,0.000000
0.000000,-5.337913,0.000000
0.000000,-10.176765,0.000000
0.000000,-8.806009,0.000000
0.000000,-6.628564,0.000000
0.000000,-6.251232,0.000000
0.000000,-7.606911,0.000000
0.000000,-7.888171,0.000000
0.000000,-6.690578,0.000000
0.000000,-7.276477,0.000000
0.000000,-6.908599,0.000000
0.000000,-7.439838,0.000000
0.000000,-5.931822,0.000000
0.000000,-4.928333,0.000000
0.000000,-7.393448,0.000000
0.000000,-6.553825,0.000000
0.000000,-6.900444,0.000000
0.000000,-5.739696,0.000000
0.000000,-3.353774,0.000000
0.000000,-6.555677,0.000000
0.000000,-6.881696,0.000000
0.000000,-5.982171,0.000000
0.000000,-6.779712,0.000000
0.000000,-6.663743,0.000000
0.000000,-7.919704,0.000000
0.000000,-6.519422,0.000000
0.000000,-5.687717,0.000000
0.000000,-5.735069,0.000000
0.000000,-5.860931,0.000000
0.000000,-6.223456,0.000000
0.000000,-7.398856,0.000000
0.000000,-8.123934,0.000000
0.000000,-7.639682,0.000000
0.000000,-9.916888,0.000000
0.000000,-9.655386,0.000000
0.000000,-11.169867,0.000000
0.000000,-7.093874,0.000000
0.000000,-5.702651,0.000000
0.000000,-5.205070,0.000000
0.000000,-6.323722,0.000000
0.000000,-11.505148,0.000000
0.000000,-9.222742,0.000000
0.000000,-10.854284,0.000000
0.000000,-12.847297,0.000000
0.000000,-11.745442,0.000000
0.000000,-6.131947,0.000000
0.000000,-7.976091,0.000000
0.000000,-10.246320,0.000000
0.000000,-10.686127,0.000000
0.000000,-7.179292,0.000000
0.000000,-6.334973,0.000000
0.000000,-7.358106,0.000000
0.000000,-7.142432,0.000000
0.000000,-8.622589,0.000000
0.000000,-9.146115,0.000000
0.000000,-8.164579,0.000000
0.000000,-7.203532,0.000000
0.000000,-7.294092,0.000000
0.000000,-9.690974,0.000000
0.000000,-10.441964,0.000000
0.000000,-9.390645,0.000000
0.000000,-9.231759,0.000000
0.000000,-11.203197,0.000000
0.000000,-0.239064,0.000000
0.000000,-9.837639,0.000000
0.000000,-11.137067,0.000000
0.000000,-8.612457,0.000000
0.000000,-9.231770,0.000000
0.000000,-7.909108,0.000000
0.000000,-7.780488,0.000000
0.000000,-9.547223,0.000000
0.000000,-6.081948,0.000000
0.000000,-10.541503,0.000000
0.000000,-10.095819,0.000000
0.000000,-5.248628,0.000000
0.000000,-11.739645,0.000000
0.000000,-10.523511,0.000000
0.000000,-0.840483,0.000000
0.000000,-3.261284,0.000000
0.000000,-6.682988,0.000000
0.000000,2.690425,0.000000
0.000000,-5.079379,0.000000
0.000000,-14.317879,0.000000
0.000000,-13.732468,0.000000
0.000000,-17.016153,0.000000
0.000000,-20.288830,0.000000
0.000000,-29.603540,0.000000
0.000000,-37.735580,0.000000
0.000000,-18.755396,0.000000
0.000000,-26.190200,0.000000
0.000000,-10.144590,0.000000
0.000000,-51.531384,0.000000
0.000000,-56.170433,0.000000
0.000000,-46.769733,0.000000
0.000000,-48.734516,0.000000
0.000000,-49.537704,0.000000
0.000000,-52.472870,0.000000
0.000000,-51.210327,0.000000
0.000000,-56.163754,0.000000
0.000000,-59.845787,0.000000
0.000000,-64.675380,0.000000
0.000000,-66.766335,0.000000
0.000000,-64.089000,0.000000
0.000000,-67.399350,0.000000
0.000000,-73.829290,0.000000
0.000000,-79.578380,0.000000
0.000000,-78.816890,0.000000
0.000000,-75.893150,0.000000
0.000000,-77.297570,0.000000
0.000000,-74.827675,0.000000
0.000000,-78.335590,0.000000
0.000000,-68.743050,0.000000
0.000000,-58.119102,0.000000
0.000000,-55.746628,0.000000
0.000000,-49.338520,0.000000
0.000000,-52.328670,0.000000
0.000000,-42.269493,0.000000
0.000000,-12.956132,0.000000
0.000000,-15.742855,0.000000
0.000000,-17.076786,0.000000
0.000000,-20.583273,0.000000
0.000000,-14.849340,0.000000
0.000000,-6.179556,0.000000
0.000000,1.256382,0.000000
0.000000,2.169821,0.000000
0.000000,11.573643,0.000000
0.000000,8.869491,0.000000
0.000000,21.540836,0.000000
0.000000,24.572956,0.000000
0.000000,32.709070,0.000000
0.000000,35.042900,0.000000
0.000000,36.457410,0.000000
0.000000,34.125393,0.000000
0.000000,29.836334,0.000000
0.000000,36.105896,0.000000
0.000000,39.615685,0.000000
0.000000,46.279953,0.000000
0.000000,51.133263,0.000000
0.000000,54.415733,0.000000
0.000000,59.971775,0.000000
0.000000,56.121990,0.000000
0.000000,58.257027,0.000000
0.000000,56.629700,0.000000
0.000000,55.574993,0.000000
0.000000,51.312035,0.000000
0.000000,47.155914,0.000000
0.000000,42.739300,0.000000
0.000000,22.772495,0.000000
0.000000,41.514340,0.000000
0.000000,27.822557,0.000000
0.000000,22.736673,0.000000
0.000000,20.670650,0.000000
0.000000,23.304950,0.000000
0.000000,22.501003,0.000000
0.000000,25.599457,0.000000
0.000000,32.241848,0.000000
0.000000,29.250086,0.000000
0.000000,46.323017,0.000000
0.000000,35.760117,0.000000
0.000000,52.085476,0.000000
0.000000,50.353930,0.000000
0.000000,49.890170,0.000000
0.000000,48.345783,0.000000
0.000000,48.293736,0.000000
0.000000,43.313220,0.000000
0.000000,24.806340,0.000000
0.000000,49.887910,0.000000
0.000000,47.769040,0.000000
0.000000,46.608517,0.000000
0.000000,49.390526,0.000000
0.000000,50.861786,0.000000
0.000000,42.093548,0.000000
0.000000,28.386839,0.000000
0.000000,42.863728,0.000000
0.000000,41.956913,0.000000
0.000000,36.961710,0.000000
0.000000,36.509537,0.000000
0.000000,38.113390,0.000000
0.000000,36.019110,0.000000
0.000000,36.513874,0.000000
0.000000,32.954380,0.000000
0.000000,25.015406,0.000000
0.000000,23.279575,0.000000
0.000000,27.253220,0.000000
0.000000,24.943222,0.000000
0.000000,11.316669,0.000000
0.000000,-7.530158,0.000000
0.000000,18.036812,0.000000
0.000000,16.121532,0.000000
0.000000,5.171949,0.000000
0.000000,16.754145,0.000000
0.000000,2.297276,0.000000
0.000000,8.381344,0.000000
0.000000,0.723947,0.000000
0.000000,-0.387857,0.000000
0.000000,7.516878,0.000000
0.000000,-4.763131,0.000000
0.000000,-12.436854,0.000000
0.000000,-22.105894,0.000000
0.000000,-11.279773,0.000000
0.000000,-3.344768,0.000000
0.000000,-0.677741,0.000000
0.000000,-4.781157,0.000000
0.000000,-8.593588,0.000000
0.000000,-4.523039,0.000000
0.000000,-15.545968,0.000000
0.000000,-15.409156,0.000000
0.000000,-12.264815,0.000000
0.000000,-26.694412,0.000000
0.000000,-21.820154,0.000000
0.000000,-34.243385,0.000000
0.000000,-41.675270,0.000000
0.000000,-48.464733,0.000000
0.000000,-46.977510,0.000000
0.000000,-47.405150,0.000000
0.000000,-49.426086,0.000000
0.000000,-54.415157,0.000000
0.000000,-31.268543,0.000000
0.000000,-32.325390,0.000000
0.000000,-33.751045,0.000000
0.000000,-24.993425,0.000000
0.000000,-21.945114,0.000000
0.000000,-28.396132,0.000000
0.000000,-34.264057,0.000000
0.000000,-47.794910,0.000000
0.000000,-48.963768,0.000000
0.000000,-49.419743,0.000000
0.000000,-47.160790,0.000000
0.000000,-50.927998,0.000000
0.000000,-52.636826,0.000000
0.000000,-55.945377,0.000000
0.000000,-55.325290,0.000000
0.000000,-54.546658,0.000000
0.000000,-48.936050,0.000000
0.000000,-58.299980,0.000000
0.000000,-59.053040,0.000000
0.000000,-60.229485,0.000000
0.000000,-53.711440,0.000000
0.000000,-45.198960,0.000000
0.000000,-48.471010,0.000000
0.000000,-51.301334,0.000000
0.000000,-49.195557,0.000000
0.000000,-31.937769,0.000000
0.000000,-26.155695,0.000000
0.000000,-17.299883,0.000000
0.000000,-7.139119,0.000000
0.000000,-20.790462,0.000000
0.000000,-19.237486,0.000000
0.000000,-22.756393,0.000000
0.000000,-18.616337,0.000000
0.000000,-12.677585,0.000000
0.000000,-11.040178,0.000000
0.000000,-4.522558,0.000000
0.000000,-4.044779,0.000000
0.000000,-5.039194,0.000000
0.000000,-6.829327,0.000000
0.000000,5.264461,0.000000
0.000000,7.908677,0.000000
0.000000,17.129234,0.000000
0.000000,20.643625,0.000000
0.000000,19.528961,0.000000
0.000000,21.152170,0.000000
0.000000,32.000042,0.000000
0.000000,39.715157,0.000000
0.000000,39.256214,0.000000
0.000000,49.980720,0.000000
0.000000,49.832080,0.000000
0.000000,53.745754,0.000000
0.000000,52.146480,0.000000
0.000000,57.948280,0.000000
0.000000,55.782670,0.000000
0.000000,52.293144,0.000000
0.000000,54.116497,0.000000
0.000000,55.600967,0.000000
0.000000,54.788773,0.000000
0.000000,54.849160,0.000000
0.000000,53.030670,0.000000
0.000000,52.097225,0.000000
0.000000,51.404198,0.000000
0.000000,50.353058,0.000000
0.000000,49.714073,0.000000
0.000000,50.480830,0.000000
0.000000,49.868076,0.000000
0.000000,46.030400,0.000000
0.000000,37.728200,0.000000
0.000000,37.969975,0.000000
0.000000,37.788420,0.000000
0.000000,36.710960,0.000000
0.000000,41.362507,0.000000
0.000000,37.037130,0.000000
0.000000,36.303738,0.000000
0.000000,33.307037,0.000000
0.000000,48.861633,0.000000
0.000000,51.149258,0.000000
0.000000,44.944756,0.000000
0.000000,37.577240,0.000000
0.000000,35.856520,0.000000
0.000000,31.754457,0.000000
0.000000,38.877506,0.000000
0.000000,46.649426,0.000000
0.000000,42.115192,0.000000
0.000000,33.306366,0.000000
0.000000,29.781520,0.000000
0.000000,32.650185,0.000000
0.000000,33.290882,0.000000
0.000000,32.999250,0.000000
0.000000,29.635838,0.000000
0.000000,30.650340,0.000000
0.000000,28.126228,0.000000
0.000000,22.703493,0.000000
0.000000,23.205904,0.000000
0.000000,22.686506,0.000000
0.000000,12.159109,0.000000
0.000000,16.619460,0.000000
0.000000,16.037497,0.000000
0.000000,14.294741,0.000000
0.000000,10.768465,0.000000
0.000000,3.892098,0.000000
0.000000,8.969600,0.000000
0.000000,9.145822,0.000000
0.000000,10.001918,0.000000
0.000000,11.045657,0.000000
0.000000,-5.693587,0.000000
0.000000,-8.676774,0.000000
0.000000,-10.711988,0.000000
0.000000,-11.476469,0.000000
0.000000,-14.261478,0.000000
0.000000,-19.936560,0.000000
0.000000,-14.679295,0.000000
0.000000,-0.194196,0.000000
0.000000,-0.319200,0.000000
0.000000,-1.872661,0.000000
0.000000,10.094110,0.000000
0.000000,6.095628,0.000000
0.000000,5.172298,0.000000
0.000000,5.087250,0.000000
0.000000,1.145611,0.000000
0.000000,-3.113820,0.000000
0.000000,2.489967,0.000000
0.000000,-8.598457,0.000000
0.000000,-8.217878,0.000000
0.000000,-5.910203,0.000000
0.000000,-14.820219,0.000000
0.000000,-18.426435,0.000000
0.000000,-14.256631,0.000000
0.000000,-11.313083,0.000000
0.000000,-6.482125,0.000000
0.000000,-5.159713,0.000000
0.000000,-5.386239,0.000000
0.000000,2.856487,0.000000
0.000000,1.867161,0.000000
0.000000,2.525536,0.000000
0.000000,4.359170,0.000000
0.000000,25.342806,0.000000
0.000000,27.232082,0.000000
0.000000,19.280071,0.000000
0.000000,23.182074,0.000000
0.000000,28.100449,0.000000
0.000000,21.430890,0.000000
0.000000,27.908728,0.000000
0.000000,33.355392,0.000000
0.000000,28.440899,0.000000
0.000000,28.092667,0.000000
0.000000,22.430851,0.000000
0.000000,12.665703,0.000000
0.000000,38.034664,0.000000
0.000000,49.206432,0.000000
0.000000,48.680058,0.000000
0.000000,48.968380,0.000000
0.000000,45.973470,0.000000
0.000000,46.313610,0.000000
0.000000,44.410980,0.000000
0.000000,48.555634,0.000000
0.000000,51.152805,0.000000
0.000000,53.295000,0.000000
0.000000,53.168503,0.000000
0.000000,47.607600,0.000000
0.000000,47.222668,0.000000
0.000000,43.635963,0.000000
0.000000,41.793358,0.000000
0.000000,42.376846,0.000000
0.000000,46.020508,0.000000
0.000000,47.062600,0.000000
0.000000,45.553524,0.000000
0.000000,45.319450,0.000000
0.000000,45.730580,0.000000
0.000000,44.885060,0.000000
0.000000,44.128983,0.000000
0.000000,48.533770,0.000000
0.000000,33.371925,0.000000
0.000000,13.915456,0.000000
0.000000,14.441096,0.000000
0.000000,11.681212,0.000000
0.000000,8.988303,0.000000
0.000000,9.484113,0.000000
0.000000,16.632624,0.000000
0.000000,13.702170,0.000000
0.000000,26.641281,0.000000
0.000000,22.424560,0.000000
0.000000,24.269806,0.000000
0.000000,9.979456,0.000000
0.000000,10.085928,0.000000
0.000000,15.615438,0.000000
0.000000,15.308473,0.000000
0.000000,13.105285,0.000000
0.000000,5.086715,0.000000
0.000000,7.335914,0.000000
0.000000,-7.261874,0.000000
0.000000,0.687631,0.000000
0.000000,-9.672471,0.000000
0.000000,-7.006420,0.000000
0.000000,-1.440182,0.000000
0.000000,-9.704005,0.000000
0.000000,-35.164387,0.000000
0.000000,-35.915405,0.000000
0.000000,-57.947697,0.000000
0.000000,-59.529358,0.000000
0.000000,-57.923230,0.000000
0.000000,-50.987290,0.000000
0.000000,-56.471830,0.000000
0.000000,-47.152607,0.000000
0.000000,-47.362453,0.000000
0.000000,-50.403122,0.000000
0.000000,-51.657930,0.000000
0.000000,-52.607765,0.000000
0.000000,-53.448383,0.000000
0.000000,-54.605057,0.000000
0.000000,-48.744503,0.000000
0.000000,-50.136330,0.000000
0.000000,-46.068096,0.000000
0.000000,-49.181053,0.000000
0.000000,-54.752792,0.000000
0.000000,-53.966960,0.000000
0.000000,-56.698116,0.000000
0.000000,-56.619570,0.000000
0.000000,-67.642720,0.000000
0.000000,-68.542570,0.000000
0.000000,-67.505070,0.000000
0.000000,-68.622850,0.000000
0.000000,-66.981705,0.000000
0.000000,-68.365036,0.000000
0.000000,-69.457120,0.000000
0.000000,-66.770490,0.000000
0.000000,-65.979310,0.000000
0.000000,-68.003075,0.000000
0.000000,-66.414900,0.000000
0.000000,-67.083410,0.000000
0.000000,-69.435530,0.000000
0.000000,-67.745346,0.000000
0.000000,-72.108864,0.000000
0.000000,-64.460340,0.000000
0.000000,-68.017784,0.000000
0.000000,-63.857956,0.000000
0.000000,-64.309870,0.000000
0.000000,-59.567920,0.000000
0.000000,-56.966442,0.000000
0.000000,-51.143185,0.000000
0.000000,-36.803650,0.000000
0.000000,-29.431274,0.000000
0.000000,-16.520588,0.000000
0.000000,4.645635,0.000000
0.000000,-2.456256,0.000000
0.000000,-10.307912,0.000000
0.000000,-13.371547,0.000000
0.000000,-11.112461,0.000000
0.000000,-25.534628,0.000000
0.000000,-23.202908,0.000000
0.000000,-25.527784,0.000000
0.000000,-16.626278,0.000000
0.000000,-11.913062,0.000000
0.000000,-2.607115,0.000000
0.000000,-2.551347,0.000000
0.000000,3.882034,0.000000
0.000000,3.523584,0.000000
0.000000,6.557583,0.000000
0.000000,3.190535,0.000000
0.000000,9.623595,0.000000
0.000000,21.078040,0.000000
0.000000,20.603760,0.000000
0.000000,27.952415,0.000000
0.000000,30.433668,0.000000
0.000000,31.906485,0.000000
0.000000,22.659817,0.000000
0.000000,27.640099,0.000000
0.000000,42.727062,0.000000
0.000000,51.316710,0.000000
0.000000,50.613464,0.000000
0.000000,48.751680,0.000000
0.000000,49.130080,0.000000
0.000000,51.826750,0.000000
0.000000,53.809320,0.000000
0.000000,51.764095,0.000000
0.000000,52.417408,0.000000
0.000000,57.143790,0.000000
0.000000,56.208897,0.000000
0.000000,55.601450,0.000000
0.000000,53.963776,0.000000
0.000000,50.485176,0.000000
0.000000,25.435100,0.000000
0.000000,25.115551,0.000000
0.000000,26.801105,0.000000
0.000000,28.040974,0.000000
0.000000,28.170238,0.000000
0.000000,26.643885,0.000000
0.000000,27.489258,0.000000
0.000000,34.616608,0.000000
0.000000,42.201540,0.000000
0.000000,45.802650,0.000000
0.000000,46.629166,0.000000
0.000000,46.213400,0.000000
0.000000,47.825480,0.000000
0.000000,47.851440,0.000000
0.000000,48.853664,0.000000
0.000000,48.761044,0.000000
0.000000,48.407627,0.000000
0.000000,48.846516,0.000000
0.000000,48.574690,0.000000
0.000000,40.899006,0.000000
0.000000,46.261635,0.000000
0.000000,45.677250,0.000000
0.000000,28.636068,0.000000
0.000000,5.072190,0.000000
0.000000,-0.966472,0.000000
0.000000,2.764755,0.000000
0.000000,8.275499,0.000000
0.000000,10.696877,0.000000
0.000000,-6.426617,0.000000
0.000000,2.292296,0.000000
0.000000,1.937366,0.000000
0.000000,15.383460,0.000000
0.000000,17.960186,0.000000
0.000000,21.982672,0.000000
0.000000,17.358969,0.000000
0.000000,11.675884,0.000000
0.000000,12.550637,0.000000
0.000000,-2.243386,0.000000
0.000000,-8.964945,0.000000
0.000000,6.525973,0.000000
0.000000,6.486776,0.000000
0.000000,3.339481,0.000000
0.000000,14.255468,0.000000
0.000000,14.793342,0.000000
0.000000,9.243292,0.000000
0.000000,7.708087,0.000000
0.000000,6.792506,0.000000
0.000000,4.004250,0.000000
0.000000,11.548005,0.000000
0.000000,14.190660,0.000000
0.000000,2.596374,0.000000
0.000000,-3.681727,0.000000
0.000000,-5.501807,0.000000
0.000000,-5.295724,0.000000
0.000000,-7.204733,0.000000
0.000000,-7.357183,0.000000
0.000000,-5.683180,0.000000
0.000000,-4.913840,0.000000
0.000000,-3.420875,0.000000
0.000000,-1.387729,0.000000
0.000000,-3.897005,0.000000
0.000000,-2.154085,0.000000
0.000000,-2.041792,0.000000
0.000000,-3.255678,0.000000
0.000000,-2.842170,0.000000
0.000000,0.692752,0.000000
0.000000,4.001613,0.000000
0.000000,-0.779629,0.000000
0.000000,-1.471218,0.000000
0.000000,-3.938310,0.000000
0.000000,-1.335479,0.000000
0.000000,-3.079923,0.000000
0.000000,-4.936154,0.000000
0.000000,-3.897690,0.000000
0.000000,-6.474596,0.000000
0.000000,-7.240253,0.000000
0.000000,-8.708118,0.000000
0.000000,-9.367226,0.000000
0.000000,-8.585202,0.000000
0.000000,-7.051146,0.000000
0.000000,-9.061788,0.000000
0.000000,-12.858599,0.000000
0.000000,-4.161913,0.000000
0.000000,-18.383540,0.000000
0.000000,-20.841017,0.000000
0.000000,-21.150831,0.000000
0.000000,-29.698130,0.000000
0.000000,-31.126272,0.000000
0.000000,-23.484047,0.000000
0.000000,-35.053110,0.000000
0.000000,-17.186710,0.000000
0.000000,-47.773970,0.000000
0.000000,-54.620320,0.000000
0.000000,-37.883057,0.000000
0.000000,-49.813360,0.000000
0.000000,-45.479073,0.000000
0.000000,-52.562160,0.000000
0.000000,-49.371760,0.000000
0.000000,-43.763090,0.000000
0.000000,-54.133354,0.000000
0.000000,-54.724266,0.000000
0.000000,-62.995850,0.000000
0.000000,-55.564342,0.000000
0.000000,-67.336070,0.000000
0.000000,-70.017494,0.000000
0.000000,-70.455376,0.000000
0.000000,-69.558150,0.000000
0.000000,-69.436450,0.000000
0.000000,-73.058350,0.000000
0.000000,-72.955670,0.000000
0.000000,-69.196890,0.000000
0.000000,-71.367280,0.000000
0.000000,-68.612270,0.000000
0.000000,-67.511024,0.000000
0.000000,-72.578830,0.000000
0.000000,-77.858444,0.000000
0.000000,-74.266300,0.000000
0.000000,-76.427765,0.000000
0.000000,-70.370110,0.000000
0.000000,-68.607690,0.000000
0.000000,-63.527637,0.000000
0.000000,-62.492400,0.000000
0.000000,-60.208977,0.000000
0.000000,-52.681107,0.000000
0.000000,-47.063650,0.000000
0.000000,-50.625786,0.000000
0.000000,-35.544678,0.000000
0.000000,-14.819366,0.000000
0.000000,-4.923571,0.000000
0.000000,-12.433118,0.000000
0.000000,-19.770111,0.000000
0.000000,-15.699605,0.000000
0.000000,-17.978380,0.000000
0.000000,-8.604631,0.000000
0.000000,8.090013,0.000000
0.000000,5.612297,0.000000
0.000000,0.747208,0.000000
0.000000,6.279701,0.000000
0.000000,7.466298,0.000000
0.000000,11.812270,0.000000
0.000000,27.031900,0.000000
0.000000,12.236506,0.000000
0.000000,31.786291,0.000000
0.000000,32.697370,0.000000
0.000000,33.316868,0.000000
0.000000,38.869804,0.000000
0.000000,24.330362,0.000000
0.000000,36.780746,0.000000
0.000000,51.266697,0.000000
0.000000,51.706860,0.000000
0.000000,47.433510,0.000000
0.000000,57.761166,0.000000
0.000000,55.806858,0.000000
0.000000,55.244190,0.000000
0.000000,56.968080,0.000000
0.000000,52.239986,0.000000
0.000000,53.466984,0.000000
0.000000,50.377730,0.000000
0.000000,51.200638,0.000000
0.000000,53.192600,0.000000
0.000000,52.008530,0.000000
0.000000,31.560804,0.000000
0.000000,35.168728,0.000000
0.000000,27.926863,0.000000
0.000000,43.274290,0.000000
0.000000,40.407300,0.000000
0.000000,47.109634,0.000000
0.000000,48.678780,0.000000
0.000000,42.673435,0.000000
0.000000,46.369366,0.000000
0.000000,44.844505,0.000000
0.000000,44.022450,0.000000
0.000000,45.637135,0.000000
0.000000,46.568665,0.000000
0.000000,44.533962,0.000000
0.000000,45.865340,0.000000
0.000000,47.062263,0.000000
0.000000,46.370426,0.000000
0.000000,46.782333,0.000000
0.000000,48.304190,0.000000
0.000000,47.929897,0.000000
0.000000,46.591034,0.000000
0.000000,27.364609,0.000000
0.000000,25.666292,0.000000
0.000000,21.354761,0.000000
0.000000,5.308535,0.000000
0.000000,1.300600,0.000000
0.000000,2.897628,0.000000
0.000000,10.636128,0.000000
0.000000,13.193372,0.000000
0.000000,21.445055,0.000000
0.000000,12.319234,0.000000
0.000000,14.179589,0.000000
0.000000,12.849986,0.000000
0.000000,12.910011,0.000000
0.000000,2.387743,0.000000
0.000000,7.587346,0.000000
0.000000,10.129859,0.000000
0.000000,11.173829,0.000000
0.000000,13.970440,0.000000
0.000000,0.722111,0.000000
0.000000,-6.083755,0.000000
0.000000,-2.358836,0.000000
0.000000,-6.354734,0.000000
0.000000,-11.286801,0.000000
0.000000,-10.364765,0.000000
0.000000,-9.221641,0.000000
0.000000,-6.734562,0.000000
0.000000,-11.170522,0.000000
0.000000,-10.154021,0.000000
0.000000,-17.634556,0.000000
0.000000,-13.151437,0.000000
0.000000,-10.605355,0.000000
0.000000,-5.204159,0.000000
0.000000,-10.516469,0.000000
0.000000,-11.204723,0.000000
0.000000,-2.936040,0.000000
0.000000,-3.339194,0.000000
0.000000,-6.018163,0.000000
0.000000,-2.631031,0.000000
0.000000,-9.007533,0.000000
0.000000,-7.615878,0.000000
0.000000,-9.399365,0.000000
0.000000,-12.363170,0.000000
0.000000,-7.897728,0.000000
0.000000,-8.236381,0.000000
0.000000,-10.456903,0.000000
0.000000,-7.739138,0.000000
0.000000,-8.255882,0.000000
0.000000,-10.999306,0.000000
0.000000,-10.301625,0.000000
0.000000,-10.482602,0.000000
0.000000,-11.518509,0.000000
0.000000,-11.363222,0.000000
0.000000,-12.701344,0.000000
0.000000,-13.890101,0.000000
0.000000,-13.457201,0.000000
0.000000,-12.993891,0.000000
0.000000,-9.582523,0.000000
0.000000,-1.867976,0.000000
0.000000,1.849685,0.000000
0.000000,-7.326516,0.000000
0.000000,-9.644540,0.000000
0.000000,-6.549406,0.000000
0.000000,-15.956653,0.000000
0.000000,-19.303156,0.000000
0.000000,-15.665897,0.000000
0.000000,-17.572655,0.000000
0.000000,-25.804314,0.000000
0.000000,-11.643973,0.000000
0.000000,-21.674026,0.000000
0.000000,-45.547726,0.000000
0.000000,-48.386390,0.000000
0.000000,-40.046585,0.000000
0.000000,-54.553100,0.000000
0.000000,-52.568596,0.000000
0.000000,-54.658062,0.000000
0.000000,-56.295074,0.000000
0.000000,-53.114876,0.000000
0.000000,-55.738663,0.000000
0.000000,-59.822598,0.000000
0.000000,-53.789913,0.000000
0.000000,-58.066490,0.000000
0.000000,-54.924670,0.000000
0.000000,-57.712456,0.000000
0.000000,-59.172565,0.000000
0.000000,-66.373840,0.000000
0.000000,-65.129280,0.000000
0.000000,-67.322530,0.000000
0.000000,-71.964490,0.000000
0.000000,-70.673950,0.000000
0.000000,-67.740074,0.000000
0.000000,-69.065320,0.000000
0.000000,-70.287080,0.000000
0.000000,-73.930280,0.000000
0.000000,-73.445220,0.000000
0.000000,-69.977325,0.000000
0.000000,-70.316630,0.000000
0.000000,-68.599754,0.000000
0.000000,-69.186590,0.000000
0.000000,-65.966995,0.000000
0.000000,-64.896164,0.000000
0.000000,-56.440160,0.000000
0.000000,-45.911575,0.000000
0.000000,-46.412910,0.000000
0.000000,-31.804829,0.000000
0.000000,-11.290851,0.000000
0.000000,-40.447662,0.000000
0.000000,-23.138592,0.000000
0.000000,-17.176706,0.000000
0.000000,-19.935238,0.000000
0.000000,-17.520958,0.000000
0.000000,-6.654279,0.000000
0.000000,-7.687569,0.000000
0.000000,-1.613831,0.000000
0.000000,0.291293,0.000000
0.000000,-0.071877,0.000000
0.000000,15.448836,0.000000
0.000000,13.737588,0.000000
0.000000,19.165356,0.000000
0.000000,0.305666,0.000000
0.000000,8.406274,0.000000
0.000000,-0.139005,0.000000
0.000000,21.001926,0.000000
0.000000,34.530540,0.000000
0.000000,45.550426,0.000000
0.000000,39.874287,0.000000
0.000000,50.669710,0.000000
0.000000,52.094666,0.000000
0.000000,51.937630,0.000000
0.000000,49.159428,0.000000
0.000000,52.252300,0.000000
0.000000,50.423470,0.000000
0.000000,43.186950,0.000000
0.000000,54.582886,0.000000
0.000000,43.576973,0.000000
0.000000,43.186893,0.000000
0.000000,42.124218,0.000000
0.000000,41.885050,0.000000
0.000000,46.917583,0.000000
0.000000,41.391384,0.000000
0.000000,43.386677,0.000000
0.000000,42.606537,0.000000
0.000000,44.163776,0.000000
0.000000,41.737510,0.000000
0.000000,41.764748,0.000000
0.000000,42.052930,0.000000
0.000000,41.817154,0.000000
0.000000,41.294872,0.000000
0.000000,48.360830,0.000000
0.000000,41.618454,0.000000
0.000000,42.734028,0.000000
0.000000,43.866013,0.000000
0.000000,43.860405,0.000000
0.000000,41.814934,0.000000
0.000000,43.093570,0.000000
0.000000,42.441190,0.000000
0.000000,40.673466,0.000000
0.000000,38.830090,0.000000
0.000000,38.748820,0.000000
0.000000,37.440063,0.000000
0.000000,1.177422,0.000000
0.000000,42.705470,0.000000
0.000000,38.538723,0.000000
0.000000,43.447853,0.000000
0.000000,47.234272,0.000000
0.000000,48.070854,0.000000
0.000000,49.302086,0.000000
0.000000,38.423637,0.000000
0.000000,4.962180,0.000000
0.000000,-8.871060,0.000000
0.000000,1.611634,0.000000
0.000000,3.127288,0.000000
0.000000,4.318580,0.000000
0.000000,17.894426,0.000000
0.000000,22.415941,0.000000
0.000000,14.416875,0.000000
0.000000,13.970221,0.000000
0.000000,14.762289,0.000000
0.000000,10.577054,0.000000
0.000000,2.136788,0.000000
0.000000,8.411776,0.000000
0.000000,3.141918,0.000000
0.000000,2.030487,0.000000
0.000000,2.259710,0.000000
0.000000,-8.180731,0.000000
0.000000,-7.049255,0.000000
0.000000,-3.586530,0.000000
0.000000,-9.601442,0.000000
0.000000,-5.740584,0.000000
0.000000,-7.995734,0.000000
0.000000,-8.136045,0.000000
0.000000,-14.613813,0.000000
0.000000,-7.300242,0.000000
0.000000,-10.386527,0.000000
0.000000,-9.379334,0.000000
0.000000,-5.843974,0.000000
0.000000,-9.751895,0.000000
0.000000,-10.263842,0.000000
0.000000,-20.392277,0.000000
0.000000,-5.429868,0.000000
0.000000,-22.162886,0.000000
0.000000,-27.181679,0.000000
0.000000,-18.013807,0.000000
0.000000,-23.205158,0.000000
0.000000,-17.156805,0.000000
0.000000,-41.287030,0.000000
0.000000,-38.369940,0.000000
0.000000,-51.245937,0.000000
0.000000,-50.681442,0.000000
0.000000,-53.829575,0.000000
0.000000,-54.097260,0.000000
0.000000,-54.272297,0.000000
0.000000,-54.299040,0.000000
0.000000,-59.445103,0.000000
0.000000,-58.375973,0.000000
0.000000,-56.457893,0.000000
0.000000,-65.598526,0.000000
0.000000,-73.176570,0.000000
0.000000,-72.992065,0.000000
0.000000,-73.236390,0.000000
0.000000,-74.937690,0.000000
0.000000,-71.331154,0.000000
0.000000,-70.232925,0.000000
0.000000,-68.345120,0.000000
0.000000,-67.224950,0.000000
0.000000,-68.486800,0.000000
0.000000,-66.739630,0.000000
0.000000,-66.054140,0.000000
0.000000,-65.315445,0.000000
0.000000,-61.854015,0.000000
0.000000,-60.932137,0.000000
0.000000,-61.729940,0.000000
0.000000,-61.644450,0.000000
0.000000,-62.122963,0.000000
0.000000,-63.989025,0.000000
0.000000,-69.074930,0.000000
0.000000,-69.592575,0.000000
0.000000,-70.832390,0.000000
0.000000,-71.116104,0.000000
0.000000,-74.708310,0.000000
0.000000,-72.683784,0.000000
0.000000,-79.939510,0.000000
0.000000,-77.922860,0.000000
0.000000,-71.173340,0.000000
0.000000,-73.223495,0.000000
0.000000,-72.134550,0.000000
0.000000,-67.808770,0.000000
0.000000,-69.859055,0.000000
0.000000,-61.655820,0.000000
0.000000,-57.759735,0.000000
0.000000,-47.477222,0.000000
0.000000,-33.291733,0.000000
0.000000,-33.228540,0.000000
0.000000,-41.730373,0.000000
0.000000,-28.559332,0.000000
0.000000,-14.496131,0.000000
0.000000,-18.130314,0.000000
0.000000,-9.333421,0.000000
0.000000,-7.904534,0.000000
0.000000,-6.282211,0.000000
0.000000,13.690330,0.000000
0.000000,20.582783,0.000000
0.000000,20.559670,0.000000
0.000000,23.175549,0.000000
0.000000,31.379970,0.000000
0.000000,27.653368,0.000000
0.000000,44.075733,0.000000
0.000000,42.200294,0.000000
0.000000,33.997223,0.000000
0.000000,47.539066,0.000000
0.000000,43.107185,0.000000
0.000000,50.816450,0.000000
0.000000,50.313690,0.000000
0.000000,54.024467,0.000000
0.000000,50.013480,0.000000
0.000000,51.851420,0.000000
0.000000,51.067810,0.000000
0.000000,51.036118,0.000000
0.000000,56.736940,0.000000
0.000000,50.567600,0.000000
0.000000,53.341797,0.000000
0.000000,51.953300,0.000000
0.000000,53.111294,0.000000
0.000000,50.870910,0.000000
0.000000,52.256203,0.000000
0.000000,50.472670,0.000000
0.000000,47.151830,0.000000
0.000000,45.584126,0.000000
0.000000,39.332070,0.000000
0.000000,37.767834,0.000000
0.000000,38.091278,0.000000
0.000000,36.339460,0.000000
0.000000,37.927010,0.000000
0.000000,32.217950,0.000000
0.000000,35.012314,0.000000
0.000000,30.045240,0.000000
0.000000,35.876850,0.000000
0.000000,36.109592,0.000000
0.000000,36.817580,0.000000
0.000000,32.854060,0.000000
0.000000,37.674274,0.000000
0.000000,37.315840,0.000000
0.000000,37.122154,0.000000
0.000000,30.854645,0.000000
0.000000,44.999912,0.000000
0.000000,41.409670,0.000000
0.000000,43.188780,0.000000
0.000000,45.288870,0.000000
0.000000,47.470650,0.000000
0.000000,48.350716,0.000000
0.000000,47.545048,0.000000
0.000000,41.191300,0.000000
0.000000,43.366300,0.000000
0.000000,36.968952,0.000000
0.000000,22.755915,0.000000
0.000000,18.807196,0.000000
0.000000,8.433807,0.000000
0.000000,-5.861153,0.000000
0.000000,26.991117,0.000000
0.000000,14.827783,0.000000
0.000000,25.125486,0.000000
0.000000,27.695467,0.000000
0.000000,19.474337,0.000000
0.000000,10.194402,0.000000
0.000000,5.276024,0.000000
0.000000,8.117780,0.000000
0.000000,0.378691,0.000000
0.000000,-0.944499,0.000000
0.000000,-0.535213,0.000000
0.000000,-3.124754,0.000000
0.000000,-9.385724,0.000000
0.000000,-10.811756,0.000000
0.000000,-13.769432,0.000000
0.000000,-5.625028,0.000000
0.000000,-4.431170,0.000000
0.000000,-1.424622,0.000000
0.000000,-4.971584,0.000000
0.000000,-14.359246,0.000000
0.000000,-19.449018,0.000000
0.000000,-7.014870,0.000000
0.000000,-6.741604,0.000000
0.000000,-6.939273,0.000000
0.000000,-7.301451,0.000000
0.000000,-9.148201,0.000000
0.000000,-7.510828,0.000000
0.000000,-2.516242,0.000000
0.000000,-5.331216,0.000000
0.000000,-9.830090,0.000000
0.000000,-12.474667,0.000000
0.000000,-6.320988,0.000000
0.000000,-18.196165,0.000000
0.000000,-17.613085,0.000000
0.000000,-23.559322,0.000000
0.000000,-33.928540,0.000000
0.000000,-15.795033,0.000000
0.000000,-2.575704,0.000000
0.000000,-22.003130,0.000000
0.000000,-43.379700,0.000000
0.000000,-49.993210,0.000000
0.000000,-48.584778,0.000000
0.000000,-52.381176,0.000000
0.000000,-50.537600,0.000000
0.000000,-49.924335,0.000000
0.000000,-54.632770,0.000000
0.000000,-58.555570,0.000000
0.000000,-51.534126,0.000000
0.000000,-54.187904,0.000000
0.000000,-53.190956,0.000000
0.000000,-60.238903,0.000000
0.000000,-47.650550,0.000000
0.000000,-68.548210,0.000000
0.000000,-63.170830,0.000000
0.000000,-68.772370,0.000000
0.000000,-68.650090,0.000000
0.000000,-71.459496,0.000000
0.000000,-68.531780,0.000000
0.000000,-70.759270,0.000000
0.000000,-70.584410,0.000000
0.000000,-71.376495,0.000000
0.000000,-68.653340,0.000000
0.000000,-68.309210,0.000000
0.000000,-65.937060,0.000000
0.000000,-66.713640,0.000000
0.000000,-64.298996,0.000000
0.000000,-64.175960,0.000000
0.000000,-66.121110,0.000000
0.000000,-67.895550,0.000000
0.000000,-65.565240,0.000000
0.000000,-72.265890,0.000000
0.000000,-75.053720,0.000000
0.000000,-77.557850,0.000000
0.000000,-60.958195,0.000000
0.000000,-69.350170,0.000000
0.000000,-60.062862,0.000000
0.000000,-20.726238,0.000000
0.000000,-57.704662,0.000000
0.000000,-39.410720,0.000000
0.000000,-55.352470,0.000000
0.000000,-48.190580,0.000000
0.000000,-50.742840,0.000000
0.000000,-32.446335,0.000000
0.000000,-25.650877,0.000000
0.000000,-12.528761,0.000000
0.000000,-22.250515,0.000000
0.000000,-25.062110,0.000000
0.000000,-20.190342,0.000000
0.000000,-13.019734,0.000000
0.000000,-5.995125,0.000000
0.000000,-0.052018,0.000000
0.000000,-20.643421,0.000000
0.000000,-15.984473,0.000000
0.000000,-6.952556,0.000000
0.000000,3.862523,0.000000
0.000000,14.715329,0.000000
0.000000,5.358199,0.000000
0.000000,5.057048,0.000000
0.000000,14.932897,0.000000
0.000000,24.204082,0.000000
0.000000,20.060701,0.000000
0.000000,14.505486,0.000000
0.000000,25.035131,0.000000
0.000000,30.742624,0.000000
0.000000,38.424904,0.000000
0.000000,30.008627,0.000000
0.000000,38.129925,0.000000
0.000000,51.927850,0.000000
0.000000,54.704970,0.000000
0.000000,52.323273,0.000000
0.000000,55.088580,0.000000
0.000000,52.620266,0.000000
0.000000,51.289460,0.000000
0.000000,51.770680,0.000000
0.000000,51.220350,0.000000
0.000000,49.544388,0.000000
0.000000,48.844500,0.000000
0.000000,50.708485,0.000000
0.000000,45.179890,0.000000
0.000000,37.332767,0.000000
0.000000,49.193237,0.000000
0.000000,47.684177,0.000000
0.000000,48.337166,0.000000
0.000000,48.540940,0.000000
0.000000,34.100056,0.000000
0.000000,34.821910,0.000000
0.000000,40.671036,0.000000
0.000000,39.316856,0.000000
0.000000,39.706997,0.000000
0.000000,28.925375,0.000000
0.000000,41.141930,0.000000
0.000000,33.353333,0.000000
0.000000,39.847603,0.000000
0.000000,47.330467,0.000000
0.000000,30.898613,0.000000
0.000000,47.441420,0.000000
0.000000,39.990025,0.000000
0.000000,46.571335,0.000000
0.000000,46.218227,0.000000
0.000000,46.311810,0.000000
0.000000,50.138970,0.000000
0.000000,45.313965,0.000000
0.000000,45.786370,0.000000
0.000000,46.750988,0.000000
0.000000,46.513800,0.000000
0.000000,46.034397,0.000000
0.000000,46.618416,0.000000
0.000000,45.065704,0.000000
0.000000,44.407585,0.000000
0.000000,48.177917,0.000000
0.000000,46.394590,0.000000
0.000000,48.139730,0.000000
0.000000,47.969220,0.000000
0.000000,48.223370,0.000000
0.000000,48.414238,0.000000
0.000000,47.881218,0.000000
0.000000,47.459030,0.000000
0.000000,51.152560,0.000000
0.000000,48.640700,0.000000
0.000000,47.764960,0.000000
0.000000,47.137268,0.000000
0.000000,49.850440,0.000000
0.000000,47.862980,0.000000
0.000000,48.193962,0.000000
0.000000,46.282043,0.000000
0.000000,50.214386,0.000000
0.000000,47.371788,0.000000
0.000000,47.517350,0.000000
0.000000,48.120940,0.000000
0.000000,49.078697,0.000000
0.000000,47.396687,0.000000
0.000000,46.979860,0.000000
0.000000,46.796060,0.000000
0.000000,46.485550,0.000000
0.000000,46.248173,0.000000
0.000000,47.322117,0.000000
0.000000,46.665047,0.000000
0.000000,33.938713,0.000000
0.000000,46.882040,0.000000
0.000000,46.636166,0.000000
0.000000,46.863503,0.000000
0.000000,47.944996,0.000000
0.000000,47.292606,0.000000
0.000000,46.749920,0.000000
0.000000,47.247833,0.000000
0.000000,47.116264,0.000000
0.000000,46.156060,0.000000
0.000000,46.863950,0.000000
0.000000,49.576218,0.000000
0.000000,47.574028,0.000000
0.000000,46.786804,0.000000
0.000000,42.236797,0.000000
0.000000,47.984010,0.000000
0.000000,46.767170,0.000000
0.000000,46.741960,0.000000
0.000000,48.895270,0.000000
0.000000,46.469894,0.000000
0.000000,45.728090,0.000000
0.000000,46.499256,0.000000
0.000000,46.819798,0.000000
0.000000,48.255310,0.000000
0.000000,47.165157,0.000000
0.000000,46.700687,0.000000
0.000000,48.771244,0.000000
0.000000,47.951584,0.000000
0.000000,47.764072,0.000000
0.000000,48.089700,0.000000
0.000000,47.113823,0.000000
0.000000,47.651080,0.000000
0.000000,46.990177,0.000000
0.000000,46.879860,0.000000
0.000000,46.781807,0.000000
0.000000,46.850304,0.000000
0.000000,48.104397,0.000000
0.000000,47.422560,0.000000
0.000000,48.997005,0.000000
0.000000,51.729770,0.000000
0.000000,49.395830,0.000000
0.000000,46.967136,0.000000
0.000000,42.674995,0.000000
0.000000,40.636112,0.000000
0.000000,39.845300,0.000000
0.000000,29.480690,0.000000
0.000000,37.154022,0.000000
0.000000,44.163820,0.000000
0.000000,34.782116,0.000000
0.000000,29.721514,0.000000
0.000000,26.838583,0.000000
0.000000,26.169062,0.000000
0.000000,26.767132,0.000000
0.000000,20.961052,0.000000
0.000000,20.805765,0.000000
0.000000,17.184270,0.000000
0.000000,22.076025,0.000000
0.000000,5.747184,0.000000
0.000000,-14.081897,0.000000
0.000000,-22.544779,0.000000
0.000000,2.133279,0.000000
0.000000,-13.308337,0.000000
0.000000,-10.442631,0.000000
0.000000,0.124195,0.000000
0.000000,-4.196392,0.000000
0.000000,-12.104127,0.000000
0.000000,-4.151606,0.000000
0.000000,-6.499928,0.000000
0.000000,-5.551165,0.000000
0.000000,-4.474397,0.000000
0.000000,0.986238,0.000000
0.000000,-5.146455,0.000000
0.000000,6.127275,0.000000
0.000000,-11.529852,0.000000
0.000000,-5.268451,0.000000
0.000000,-12.826658,0.000000
0.000000,-9.034509,0.000000
0.000000,-11.075718,0.000000
0.000000,-14.719989,0.000000
0.000000,-9.822534,0.000000
0.000000,-12.340632,0.000000
0.000000,-12.581552,0.000000
0.000000,-12.815758,0.000000
0.000000,-15.635159,0.000000
0.000000,-16.208315,0.000000
0.000000,-16.217169,0.000000
0.000000,-13.567980,0.000000
0.000000,-13.282093,0.000000
0.000000,-14.445274,0.000000
0.000000,-15.226259,0.000000
0.000000,-13.971264,0.000000
0.000000,-16.090134,0.000000
0.000000,-15.288821,0.000000
0.000000,-14.262514,0.000000
0.000000,-16.950115,0.000000
0.000000,-16.765873,0.000000
0.000000,-16.819773,0.000000
0.000000,-17.293135,0.000000
0.000000,-16.269365,0.000000
0.000000,-16.523594,0.000000
0.000000,-17.746971,0.000000
0.000000,-21.850908,0.000000
0.000000,-22.400837,0.000000
0.000000,-21.367401,0.000000
0.000000,-24.655132,0.000000
0.000000,-16.977022,0.000000
0.000000,-19.477930,0.000000
0.000000,-16.007015,0.000000
0.000000,-21.758377,0.000000
0.000000,-21.147310,0.000000
0.000000,-20.563444,0.000000
0.000000,-22.227951,0.000000
0.000000,-20.264427,0.000000
0.000000,-19.961632,0.000000
0.000000,-18.276352,0.000000
0.000000,-19.583460,0.000000
0.000000,-18.378477,0.000000
0.000000,-22.698479,0.000000
0.000000,-21.023722,0.000000
0.000000,-23.208925,0.000000
0.000000,-22.111230,0.000000
0.000000,-20.396917,0.000000
0.000000,-29.841050,0.000000
0.000000,-17.872412,0.000000
0.000000,-18.300072,0.000000
0.000000,-19.902203,0.000000
0.000000,-25.495277,0.000000
0.000000,-22.951895,0.000000
0.000000,-21.471857,0.000000
0.000000,-20.621136,0.000000
0.000000,-25.219450,0.000000
0.000000,-22.270658,0.000000
0.000000,-19.848460,0.000000
0.000000,-16.038013,0.000000
0.000000,-19.287237,0.000000
0.000000,-19.867975,0.000000
0.000000,-22.192225,0.000000
0.000000,-18.128218,0.000000
0.000000,-20.267880,0.000000
0.000000,-19.195232,0.000000
0.000000,-18.967590,0.000000
0.000000,-19.970387,0.000000
0.000000,-19.802820,0.000000
0.000000,-19.868402,0.000000
0.000000,-19.946543,0.000000
0.000000,-19.163294,0.000000
0.000000,-21.547386,0.000000
0.000000,-19.417349,0.000000
0.000000,-18.457216,0.000000
0.000000,-16.331776,0.000000
0.000000,-20.821310,0.000000
0.000000,-19.518328,0.000000
0.000000,-20.994822,0.000000
0.000000,-19.757027,0.000000
0.000000,-19.477459,0.000000
0.000000,-21.478052,0.000000
0.000000,-21.949938,0.000000
0.000000,-19.382440,0.000000
0.000000,-19.310621,0.000000
0.000000,-18.034294,0.000000
0.000000,-16.609282,0.000000
0.000000,-18.601763,0.000000
0.000000,-16.690180,0.000000
0.000000,-16.976759,0.000000
0.000000,-15.981551,0.000000
0.000000,-17.870070,0.000000
0.000000,-17.202322,0.000000
0.000000,-17.438170,0.000000
0.000000,-19.738325,0.000000
0.000000,-18.301928,0.000000
0.000000,-17.948309,0.000000
0.000000,-27.483223,0.000000
0.000000,-17.692886,0.000000
0.000000,-19.198103,0.000000
0.000000,-16.557600,0.000000
0.000000,-16.029150,0.000000
0.000000,-18.460695,0.000000
0.000000,-20.621141,0.000000
0.000000,-18.936630,0.000000
0.000000,-18.109268,0.000000
0.000000,-18.369320,0.000000
0.000000,-18.584993,0.000000
0.000000,-18.935210,0.000000
0.000000,-15.219933,0.000000
0.000000,-19.471245,0.000000
0.000000,-16.889942,0.000000
0.000000,-11.043188,0.000000
0.000000,-18.414669,0.000000
0.000000,-19.086493,0.000000
0.000000,-20.110123,0.000000
0.000000,-18.552786,0.000000
0.000000,-19.146152,0.000000
0.000000,-19.436989,0.000000
0.000000,-18.973997,0.000000
0.000000,-17.031532,0.000000
0.000000,-19.186552,0.000000
0.000000,-19.079704,0.000000
0.000000,-18.588102,0.000000
0.000000,-18.591330,0.000000
0.000000,-18.515495,0.000000
0.000000,-17.676237,0.000000
0.000000,-13.029990,0.000000
0.000000,-13.645404,0.000000
0.000000,-11.294251,0.000000
0.000000,-8.362672,0.000000
0.000000,-4.710075,0.000000
0.000000,-1.036756,0.000000
0.000000,2.665625,0.000000
0.000000,-3.456846,0.000000
0.000000,0.970824,0.000000
0.000000,-1.557925,0.000000
0.000000,-0.994652,0.000000
0.000000,1.058010,0.000000
0.000000,2.047008,0.000000
0.000000,1.219753,0.000000
0.000000,3.002317,0.000000
0.000000,3.392831,0.000000
0.000000,4.176802,0.000000
0.000000,-1.649478,0.000000
0.000000,2.971055,0.000000
0.000000,1.789528,0.000000
0.000000,2.378378,0.000000
0.000000,0.577187,0.000000
0.000000,2.761234,0.000000
0.000000,0.418130,0.000000
0.000000,-0.170759,0.000000
0.000000,-2.181230,0.000000
0.000000,-14.004941,0.000000
0.000000,-0.698899,0.000000
0.000000,-1.396457,0.000000
0.000000,0.243864,0.000000
0.000000,-0.989492,0.000000
0.000000,-1.896884,0.000000
0.000000,-0.162188,0.000000
0.000000,-1.468362,0.000000
0.000000,-1.119937,0.000000
0.000000,-0.139304,0.000000
0.000000,-5.330243,0.000000
0.000000,0.932840,0.000000
0.000000,-3.687380,0.000000
0.000000,-2.385165,0.000000
0.000000,-1.548959,0.000000
0.000000,-2.129584,0.000000
0.000000,-5.315736,0.000000
0.000000,-6.637751,0.000000
0.000000,-4.633095,0.000000
0.000000,-4.479982,0.000000
0.000000,-4.958690,0.000000
0.000000,-6.513878,0.000000
0.000000,-5.719913,0.000000
0.000000,-5.961594,0.000000
0.000000,-5.066767,0.000000
0.000000,-7.508298,0.000000
0.000000,-5.097208,0.000000
0.000000,-6.257126,0.000000
0.000000,-6.417501,0.000000
0.000000,-6.051401,0.000000
0.000000,-6.988802,0.000000
0.000000,-5.971820,0.000000
0.000000,-5.337922,0.000000
0.000000,-4.172850,0.000000
0.000000,-5.519892,0.000000
0.000000,-6.323936,0.000000
0.000000,-6.159329,0.000000
0.000000,-5.362531,0.000000
0.000000,-5.018432,0.000000
0.000000,-4.014121,0.000000
0.000000,-17.356672,0.000000
0.000000,-6.379394,0.000000
0.000000,-7.789692,0.000000
0.000000,-6.922611,0.000000
0.000000,-7.528523,0.000000
0.000000,-8.186101,0.000000
0.000000,-7.423198,0.000000
0.000000,-6.289997,0.000000
0.000000,-7.710534,0.000000
0.000000,-7.186603,0.000000
0.000000,-6.151434,0.000000
0.000000,-6.713911,0.000000
0.000000,-7.984927,0.000000
0.000000,-6.862198,0.000000
0.000000,-6.972533,0.000000
0.000000,-6.590144,0.000000
0.000000,-9.370294,0.000000
0.000000,-6.610667,0.000000
0.000000,-8.742707,0.000000
0.000000,-8.766143,0.000000
0.000000,-7.783907,0.000000
0.000000,-8.282913,0.000000
0.000000,-7.839612,0.000000
0.000000,-9.837578,0.000000
0.000000,-6.973156,0.000000
0.000000,-7.450512,0.000000
0.000000,-7.985497,0.000000
0.000000,-17.500614,0.000000
0.000000,-22.014954,0.000000
0.000000,-32.380700,0.000000
0.000000,-33.126553,0.000000
0.000000,-31.742134,0.000000
0.000000,-30.106367,0.000000
0.000000,-28.769754,0.000000
0.000000,-17.594570,0.000000
0.000000,-11.920215,0.000000
0.000000,-11.180409,0.000000
0.000000,-12.426148,0.000000
0.000000,-19.756950,0.000000
0.000000,-38.093925,0.000000
0.000000,-45.242830,0.000000
0.000000,-50.473200,0.000000
0.000000,-49.923428,0.000000
0.000000,-50.118164,0.000000
0.000000,-46.326690,0.000000
0.000000,-57.903920,0.000000
0.000000,-53.368496,0.000000
0.000000,-57.223140,0.000000
0.000000,-57.772040,0.000000
0.000000,-52.284370,0.000000
0.000000,-49.226585,0.000000
0.000000,-52.259087,0.000000
0.000000,-57.830110,0.000000
0.000000,-56.742130,0.000000
0.000000,-57.517593,0.000000
0.000000,-62.829914,0.000000
0.000000,-65.760750,0.000000
0.000000,-61.854450,0.000000
0.000000,-60.141098,0.000000
0.000000,-68.831980,0.000000
0.000000,-73.055260,0.000000
0.000000,-74.530920,0.000000
0.000000,-70.668340,0.000000
0.000000,-71.682144,0.000000
0.000000,-72.494385,0.000000
0.000000,-72.281150,0.000000
0.000000,-72.665565,0.000000
0.000000,-71.650604,0.000000
0.000000,-71.002686,0.000000
0.000000,-72.734510,0.000000
0.000000,-73.176550,0.000000
0.000000,-73.199930,0.000000
0.000000,-77.112114,0.000000
0.000000,-76.071330,0.000000
0.000000,-71.474430,0.000000
0.000000,-71.684204,0.000000
0.000000,-71.234410,0.000000
0.000000,-72.499830,0.000000
0.000000,-74.146640,0.000000
0.000000,-75.284220,0.000000
0.000000,-64.002990,0.000000
0.000000,-53.783585,0.000000
0.000000,-64.593330,0.000000
0.000000,-51.099224,0.000000
0.000000,-44.833250,0.000000
0.000000,-54.954240,0.000000
0.000000,-56.874980,0.000000
0.000000,-57.883537,0.000000
0.000000,-59.359848,0.000000
0.000000,-59.061195,0.000000
0.000000,-54.569620,0.000000
0.000000,-55.356934,0.000000
0.000000,-57.862793,0.000000
0.000000,-54.306060,0.000000
0.000000,-50.413452,0.000000
0.000000,-50.191795,0.000000
0.000000,-48.535336,0.000000
0.000000,-47.519350,0.000000
0.000000,-49.217922,0.000000
0.000000,-52.416748,0.000000
0.000000,-53.390125,0.000000
0.000000,-51.394726,0.000000
0.000000,-50.687004,0.000000
0.000000,-54.797410,0.000000
0.000000,-44.563150,0.000000
0.000000,-46.155476,0.000000
0.000000,-43.778778,0.000000
0.000000,-44.064537,0.000000
0.000000,-48.473170,0.000000
0.000000,-46.247334,0.000000
0.000000,-45.604214,0.000000
0.000000,-46.434956,0.000000
0.000000,-43.443798,0.000000
0.000000,-43.443344,0.000000
0.000000,-42.355480,0.000000
0.000000,-36.764675,0.000000
0.000000,-43.957020,0.000000
0.000000,-41.775555,0.000000
0.000000,-40.535313,0.000000
0.000000,-38.336930,0.000000
0.000000,-32.330494,0.000000
0.000000,-43.188187,0.000000
0.000000,-31.178568,0.000000
0.000000,-46.818367,0.000000
0.000000,-43.570430,0.000000
0.000000,-44.364136,0.000000
0.000000,-43.258198,0.000000
0.000000,-24.087810,0.000000
0.000000,-24.928974,0.000000
0.000000,-27.593650,0.000000
0.000000,-27.085274,0.000000
0.000000,-31.592115,0.000000
0.000000,-24.744883,0.000000
0.000000,-15.339657,0.000000
0.000000,-14.534542,0.000000
0.000000,-8.826931,0.000000
0.000000,-11.968618,0.000000
0.000000,-13.320103,0.000000
0.000000,-11.349075,0.000000
0.000000,-14.441647,0.000000
0.000000,-13.743341,0.000000
0.000000,-12.761735,0.000000
0.000000,-9.528420,0.000000
0.000000,-11.494907,0.000000
0.000000,-10.966929,0.000000
0.000000,-8.042729,0.000000
0.000000,-9.967616,0.000000
0.000000,-8.626307,0.000000
0.000000,-8.023416,0.000000
0.000000,-6.552579,0.000000
0.000000,-7.429226,0.000000
0.000000,-7.219303,0.000000
0.000000,-19.291616,0.000000
0.000000,-15.118608,0.000000
0.000000,-9.462278,0.000000
0.000000,-13.898206,0.000000
0.000000,-12.968170,0.000000
0.000000,-14.671516,0.000000
0.000000,-3.588627,0.000000
0.000000,-2.404587,0.000000
0.000000,3.164158,0.000000
0.000000,5.643716,0.000000
0.000000,11.812661,0.000000
0.000000,13.122183,0.000000
0.000000,15.249391,0.000000
0.000000,7.231470,0.000000
0.000000,10.295520,0.000000
0.000000,8.227192,0.000000
0.000000,3.520096,0.000000
0.000000,4.491924,0.000000
0.000000,5.230789,0.000000
0.000000,3.809240,0.000000
0.000000,4.756786,0.000000
0.000000,4.235273,0.000000
0.000000,4.486377,0.000000
0.000000,-0.908403,0.000000
0.000000,3.640042,0.000000
0.000000,6.561385,0.000000
0.000000,1.264097,0.000000
0.000000,1.647731,0.000000
0.000000,2.261193,0.000000
0.000000,0.540609,0.000000
0.000000,0.574372,0.000000
0.000000,-3.349975,0.000000
0.000000,4.467391,0.000000
0.000000,2.689852,0.000000
0.000000,4.868014,0.000000
0.000000,5.630790,0.000000
0.000000,3.812133,0.000000
0.000000,5.200657,0.000000
0.000000,4.021650,0.000000
0.000000,4.903076,0.000000
0.000000,3.983500,0.000000
0.000000,5.331139,0.000000
0.000000,4.735259,0.000000
0.000000,4.429442,0.000000
0.000000,1.031419,0.000000
0.000000,5.945418,0.000000
0.000000,5.027872,0.000000
0.000000,5.752245,0.000000
0.000000,3.837927,0.000000
0.000000,4.333753,0.000000
0.000000,6.681622,0.000000
0.000000,-0.282012,0.000000
0.000000,0.970173,0.000000
0.000000,3.785894,0.000000
0.000000,0.301687,0.000000
0.000000,1.153701,0.000000
0.000000,-5.925342,0.000000
0.000000,-4.217854,0.000000
0.000000,-7.615582,0.000000
0.000000,-7.641121,0.000000
0.000000,-6.110545,0.000000
0.000000,-3.372334,0.000000
0.000000,-2.969665,0.000000
0.000000,-7.413559,0.000000
0.000000,-7.768237,0.000000
0.000000,-9.296695,0.000000
0.000000,-9.867613,0.000000
0.000000,-7.334063,0.000000
0.000000,-9.252102,0.000000
0.000000,-10.880232,0.000000
0.000000,-13.660734,0.000000
0.000000,-12.511739,0.000000
0.000000,-10.938342,0.000000
0.000000,-12.341511,0.000000
0.000000,-9.258760,0.000000
0.000000,-16.311220,0.000000
0.000000,-13.943318,0.000000
0.000000,-11.553187,0.000000
0.000000,-10.900399,0.000000
0.000000,-11.946782,0.000000
0.000000,-10.775889,0.000000
0.000000,-13.461349,0.000000
0.000000,-13.331397,0.000000
0.000000,-13.497519,0.000000
0.000000,-12.751816,0.000000
0.000000,-12.034891,0.000000
0.000000,-13.442657,0.000000
0.000000,-13.185077,0.000000
0.000000,-12.933468,0.000000
0.000000,-12.760494,0.000000
0.000000,-14.671348,0.000000
0.000000,-14.848133,0.000000
0.000000,-17.973248,0.000000
0.000000,-12.258984,0.000000
0.000000,-12.620675,0.000000
0.000000,-13.016965,0.000000
0.000000,-11.113455,0.000000
0.000000,-9.113822,0.000000
0.000000,-5.968653,0.000000
0.000000,3.624357,0.000000
0.000000,6.691099,0.000000
0.000000,6.911159,0.000000
0.000000,11.371750,0.000000
0.000000,20.699892,0.000000
0.000000,34.452633,0.000000
0.000000,32.091460,0.000000
0.000000,31.701555,0.000000
0.000000,21.637892,0.000000
0.000000,26.997944,0.000000
0.000000,2.584029,0.000000
0.000000,25.049976,0.000000
0.000000,28.916191,0.000000
0.000000,25.777851,0.000000
0.000000,30.641811,0.000000
0.000000,30.790438,0.000000
0.000000,33.472088,0.000000
0.000000,35.953170,0.000000
0.000000,37.903190,0.000000
0.000000,45.939972,0.000000
0.000000,39.577812,0.000000
0.000000,36.281013,0.000000
0.000000,43.626730,0.000000
0.000000,44.240360,0.000000
0.000000,39.104560,0.000000
0.000000,31.622427,0.000000
0.000000,33.610962,0.000000
0.000000,35.525770,0.000000
0.000000,39.841373,0.000000
0.000000,36.932630,0.000000
0.000000,38.228320,0.000000
0.000000,36.013400,0.000000
0.000000,41.034240,0.000000
0.000000,36.946503,0.000000
0.000000,40.419575,0.000000
0.000000,41.145546,0.000000
0.000000,41.754417,0.000000
0.000000,41.202557,0.000000
0.000000,40.256424,0.000000
0.000000,40.145245,0.000000
0.000000,38.658398,0.000000
0.000000,43.713455,0.000000
0.000000,48.284924,0.000000
0.000000,43.531660,0.000000
0.000000,40.771484,0.000000
0.000000,22.723425,0.000000
0.000000,23.991243,0.000000
0.000000,27.572248,0.000000
0.000000,33.707066,0.000000
0.000000,25.895107,0.000000
0.000000,30.253119,0.000000
0.000000,28.908813,0.000000
0.000000,27.367592,0.000000
0.000000,21.010956,0.000000
0.000000,11.526082,0.000000
0.000000,3.695473,0.000000
0.000000,12.557546,0.000000
0.000000,20.836777,0.000000
0.000000,18.702492,0.000000
0.000000,11.669651,0.000000
0.000000,2.944272,0.000000
0.000000,-2.070326,0.000000
0.000000,14.407385,0.000000
0.000000,11.923865,0.000000
0.000000,10.579483,0.000000
0.000000,14.513900,0.000000
0.000000,19.062609,0.000000
0.000000,12.972215,0.000000
0.000000,9.831644,0.000000
0.000000,8.195813,0.000000
0.000000,11.408833,0.000000
0.000000,16.617240,0.000000
0.000000,10.650118,0.000000
0.000000,16.809414,0.000000
0.000000,11.165597,0.000000
0.000000,8.124027,0.000000
0.000000,6.116572,0.000000
0.000000,0.371891,0.000000
0.000000,-0.430374,0.000000
0.000000,-4.834975,0.000000
0.000000,-1.761185,0.000000
0.000000,-2.744976,0.000000
0.000000,-4.495815,0.000000
0.000000,-2.393541,0.000000
0.000000,-4.716784,0.000000
0.000000,-6.888298,0.000000
0.000000,-9.368861,0.000000
0.000000,-8.284296,0.000000
0.000000,-7.378915,0.000000
0.000000,-6.804381,0.000000
0.000000,-5.861011,0.000000
0.000000,-2.106607,0.000000
0.000000,-4.779146,0.000000
0.000000,-3.887233,0.000000
0.000000,-3.849114,0.000000
0.000000,-1.161107,0.000000
0.000000,-0.013379,0.000000
0.000000,-0.756362,0.000000
0.000000,-3.629586,0.000000
0.000000,0.767800,0.000000
0.000000,2.194879,0.000000
0.000000,0.010525,0.000000
0.000000,-4.865834,0.000000
0.000000,-10.348193,0.000000
0.000000,-7.476285,0.000000
0.000000,1.406924,0.000000
0.000000,-10.010638,0.000000
0.000000,-9.254249,0.000000
0.000000,-10.534360,0.000000
0.000000,-13.602776,0.000000
0.000000,-10.865487,0.000000
0.000000,-13.336870,0.000000
0.000000,-15.139829,0.000000
0.000000,-13.295413,0.000000
0.000000,-13.535181,0.000000
0.000000,-11.519063,0.000000
0.000000,-7.798910,0.000000
0.000000,-13.467550,0.000000
0.000000,-6.752459,0.000000
0.000000,-0.477776,0.000000
0.000000,-0.993771,0.000000
0.000000,-2.074128,0.000000
0.000000,-2.166425,0.000000
0.000000,0.927143,0.000000
0.000000,-4.237547,0.000000
0.000000,-20.537725,0.000000
0.000000,-17.530176,0.000000
0.000000,-22.643713,0.000000
0.000000,-31.040281,0.000000
0.000000,-16.721610,0.000000
0.000000,-15.315215,0.000000
0.000000,-3.850548,0.000000
0.000000,0.873165,0.000000
0.000000,1.368996,0.000000
0.000000,-5.208251,0.000000
0.000000,-9.959308,0.000000
0.000000,-9.033991,0.000000
0.000000,-13.662786,0.000000
0.000000,-12.155361,0.000000
0.000000,-34.928620,0.000000
0.000000,-41.150654,0.000000
0.000000,-44.970480,0.000000
0.000000,-54.629260,0.000000
0.000000,-57.784866,0.000000
0.000000,-61.009100,0.000000
0.000000,-69.079680,0.000000
0.000000,-74.032326,0.000000
0.000000,-65.696556,0.000000
0.000000,-64.505196,0.000000
0.000000,-63.172928,0.000000
0.000000,-67.799644,0.000000
0.000000,-65.798410,0.000000
0.000000,-67.258250,0.000000
0.000000,-67.529720,0.000000
0.000000,-69.242910,0.000000
0.000000,-68.926254,0.000000
0.000000,-73.681070,0.000000
0.000000,-75.394325,0.000000
0.000000,-78.207340,0.000000
0.000000,-72.119320,0.000000
0.000000,-68.857130,0.000000
0.000000,-69.534930,0.000000
0.000000,-66.816160,0.000000
0.000000,-66.252970,0.000000
0.000000,-66.122110,0.000000
0.000000,-69.585570,0.000000
0.000000,-71.591290,0.000000
0.000000,-73.181160,0.000000
0.000000,-74.565150,0.000000
0.000000,-73.659500,0.000000
0.000000,-75.421844,0.000000
0.000000,-70.646050,0.000000
0.000000,-69.799324,0.000000
0.000000,-68.291960,0.000000
0.000000,-65.916200,0.000000
0.000000,-73.944010,0.000000
0.000000,-67.382990,0.000000
0.000000,-64.360710,0.000000
0.000000,-56.890244,0.000000
0.000000,-61.598484,0.000000
0.000000,-61.828075,0.000000
0.000000,-54.733273,0.000000
0.000000,-48.799026,0.000000
0.000000,-43.886980,0.000000
0.000000,-46.871300,0.000000
0.000000,-40.920240,0.000000
0.000000,-33.903744,0.000000
0.000000,-31.092905,0.000000
0.000000,-21.424246,0.000000
0.000000,-25.708279,0.000000
0.000000,-31.436625,0.000000
0.000000,-20.638659,0.000000
0.000000,-8.911450,0.000000
0.000000,-5.598894,0.000000
0.000000,-22.458761,0.000000
0.000000,5.864277,0.000000
0.000000,-0.971615,0.000000
0.000000,1.749285,0.000000
0.000000,1.270509,0.000000
0.000000,-1.559909,0.000000
0.000000,2.480456,0.000000
0.000000,-1.737869,0.000000
0.000000,-0.271060,0.000000
0.000000,10.178812,0.000000
0.000000,12.405549,0.000000
0.000000,15.267443,0.000000
0.000000,15.695281,0.000000
0.000000,17.133669,0.000000
0.000000,18.054941,0.000000
0.000000,20.065632,0.000000
0.000000,18.795460,0.000000
0.000000,17.444580,0.000000
0.000000,18.068878,0.000000
0.000000,19.605253,0.000000
0.000000,17.730665,0.000000
0.000000,19.529541,0.000000
0.000000,17.948664,0.000000
0.000000,19.586246,0.000000
0.000000,18.519770,0.000000
0.000000,19.874565,0.000000
0.000000,19.460672,0.000000
0.000000,19.721676,0.000000
0.000000,23.326239,0.000000
0.000000,23.295410,0.000000
0.000000,21.958902,0.000000
0.000000,20.164307,0.000000
0.000000,17.400517,0.000000
0.000000,18.732185,0.000000
0.000000,16.832655,0.000000
0.000000,19.088284,0.000000
0.000000,18.754173,0.000000
0.000000,19.971395,0.000000
0.000000,19.560568,0.000000
0.000000,23.083818,0.000000
0.000000,24.449873,0.000000
0.000000,21.278698,0.000000
0.000000,24.817540,0.000000
0.000000,26.069735,0.000000
0.000000,28.611237,0.000000
0.000000,27.492516,0.000000
0.000000,23.112572,0.000000
0.000000,23.424269,0.000000
0.000000,21.843832,0.000000
0.000000,18.985920,0.000000
0.000000,18.454453,0.000000
0.000000,19.587240,0.000000
0.000000,19.069883,0.000000
0.000000,18.792320,0.000000
0.000000,19.134182,0.000000
0.000000,17.105568,0.000000
0.000000,18.075085,0.000000
0.000000,17.235850,0.000000
0.000000,16.804663,0.000000
0.000000,19.588055,0.000000
0.000000,18.371190,0.000000
0.000000,14.377806,0.000000
0.000000,14.025288,0.000000
0.000000,14.580668,0.000000
0.000000,10.539648,0.000000
0.000000,14.976197,0.000000
0.000000,14.170305,0.000000
0.000000,12.434136,0.000000
0.000000,11.659238,0.000000
0.000000,10.759872,0.000000
0.000000,13.386638,0.000000
0.000000,11.932587,0.000000
0.000000,12.009688,0.000000
0.000000,16.291822,0.000000
0.000000,9.569163,0.000000
0.000000,10.337214,0.000000
0.000000,9.582252,0.000000
0.000000,9.482681,0.000000
0.000000,13.309813,0.000000
0.000000,12.841213,0.000000
0.000000,10.341007,0.000000
0.000000,11.758569,0.000000
0.000000,14.089609,0.000000
0.000000,13.232287,0.000000
0.000000,15.647772,0.000000
0.000000,15.736990,0.000000
0.000000,13.053626,0.000000
0.000000,14.330555,0.000000
0.000000,13.281820,0.000000
0.000000,12.938510,0.000000
0.000000,14.617480,0.000000
0.000000,14.205698,0.000000
0.000000,13.337356,0.000000
0.000000,15.209567,0.000000
0.000000,15.962485,0.000000
0.000000,15.486534,0.000000
0.000000,15.042147,0.000000
0.000000,15.688648,0.000000
0.000000,18.067884,0.000000
0.000000,15.842386,0.000000
0.000000,20.267344,0.000000
0.000000,17.674694,0.000000
0.000000,22.904737,0.000000
0.000000,25.198643,0.000000
0.000000,24.170631,0.000000
0.000000,22.983253,0.000000
0.000000,29.035393,0.000000
0.000000,25.139929,0.000000
0.000000,22.788208,0.000000
0.000000,21.532572,0.000000
0.000000,23.662489,0.000000
0.000000,24.698850,0.000000
0.000000,11.900076,0.000000
0.000000,13.404313,0.000000
0.000000,7.936081,0.000000
0.000000,10.472352,0.000000
0.000000,5.681895,0.000000
0.000000,0.245431,0.000000
0.000000,3.098743,0.000000
0.000000,-1.993234,0.000000
0.000000,-2.955772,0.000000
0.000000,-2.547986,0.000000
0.000000,-11.857398,0.000000
0.000000,-11.928535,0.000000
0.000000,-11.330235,0.000000
0.000000,-10.153586,0.000000
0.000000,-8.648335,0.000000
0.000000,-7.712277,0.000000
0.000000,-9.480402,0.000000
0.000000,-11.415867,0.000000
0.000000,-7.471244,0.000000
0.000000,-12.846595,0.000000
0.000000,-9.859127,0.000000
0.000000,-10.828014,0.000000
0.000000,-7.265110,0.000000
0.000000,-5.169773,0.000000
0.000000,-3.795054,0.000000
0.000000,-5.454004,0.000000
0.000000,-6.367947,0.000000
0.000000,-3.139978,0.000000
0.000000,-3.992540,0.000000
0.000000,2.298673,0.000000
0.000000,-3.180232,0.000000
0.000000,-3.994493,0.000000
0.000000,-4.197783,0.000000
0.000000,-4.813837,0.000000
0.000000,-2.961292,0.000000
0.000000,-3.739684,0.000000
0.000000,-3.716056,0.000000
0.000000,-5.065874,0.000000
0.000000,-4.756005,0.000000
0.000000,-2.154521,0.000000
0.000000,-7.470303,0.000000
0.000000,-7.120507,0.000000
0.000000,-7.537812,0.000000
0.000000,-6.276551,0.000000
0.000000,-10.822908,0.000000
0.000000,-9.502627,0.000000
0.000000,-6.454723,0.000000
0.000000,-9.715734,0.000000
0.000000,-8.853962,0.000000
0.000000,-3.188055,0.000000
0.000000,-6.061448,0.000000
0.000000,-2.603947,0.000000
0.000000,-7.191711,0.000000
0.000000,-2.908006,0.000000
0.000000,-0.642134,0.000000
0.000000,3.529269,0.000000
0.000000,-2.082373,0.000000
0.000000,0.298820,0.000000
0.000000,-2.240159,0.000000
0.000000,-2.786823,0.000000
0.000000,-0.006483,0.000000
0.000000,-4.876823,0.000000
0.000000,0.797220,0.000000
0.000000,-2.863118,0.000000
0.000000,-2.382590,0.000000
0.000000,-3.016376,0.000000
0.000000,-2.015784,0.000000
0.000000,-0.433913,0.000000
0.000000,0.701515,0.000000
0.000000,1.643363,0.000000
0.000000,0.620570,0.000000
0.000000,0.575540,0.000000
0.000000,1.142507,0.000000
0.000000,-1.633512,0.000000
0.000000,1.269780,0.000000
0.000000,4.614490,0.000000
0.000000,2.544452,0.000000
0.000000,-1.485561,0.000000
0.000000,1.789605,0.000000
0.000000,1.905366,0.000000
0.000000,0.503057,0.000000
0.000000,-1.583368,0.000000
0.000000,4.438016,0.000000
0.000000,-3.076745,0.000000
0.000000,-1.513518,0.000000
0.000000,0.319441,0.000000
0.000000,-3.928142,0.000000
0.000000,-5.363388,0.000000
0.000000,-1.761146,0.000000
0.000000,-6.260325,0.000000
0.000000,-7.038763,0.000000
0.000000,-7.837550,0.000000
0.000000,-11.318504,0.000000
0.000000,-9.238343,0.000000
0.000000,-9.924854,0.000000
0.000000,-11.286342,0.000000
0.000000,-8.638116,0.000000
0.000000,-9.067716,0.000000
0.000000,-9.149162,0.000000
0.000000,-8.230132,0.000000
0.000000,-9.587176,0.000000
0.000000,-5.789621,0.000000
0.000000,-6.077238,0.000000
0.000000,-4.104003,0.000000
0.000000,-2.522926,0.000000
0.000000,-4.204573,0.000000
0.000000,-4.514536,0.000000
0.000000,-4.079529,0.000000
0.000000,-2.358136,0.000000
0.000000,-3.598690,0.000000
0.000000,-1.881184,0.000000
0.000000,-2.986734,0.000000
0.000000,-2.830213,0.000000
0.000000,1.140039,0.000000
0.000000,-2.192691,0.000000
0.000000,-9.413817,0.000000
0.000000,-2.881822,0.000000
0.000000,-1.653157,0.000000
0.000000,-2.940145,0.000000
0.000000,-2.471013,0.000000
0.000000,-0.306886,0.000000
0.000000,0.011725,0.000000
0.000000,5.241715,0.000000
0.000000,1.254520,0.000000
0.000000,-1.224543,0.000000
0.000000,-0.162890,0.000000
0.000000,2.748504,0.000000
0.000000,-2.363464,0.000000
0.000000,0.484296,0.000000
0.000000,3.200543,0.000000
0.000000,3.845430,0.000000
0.000000,-0.369092,0.000000
0.000000,-1.258007,0.000000
0.000000,2.397752,0.000000
0.000000,3.269126,0.000000
0.000000,6.806966,0.000000
0.000000,3.734971,0.000000
0.000000,3.014584,0.000000
0.000000,2.135413,0.000000
0.000000,-5.785269,0.000000
0.000000,4.192672,0.000000
0.000000,-0.590443,0.000000
0.000000,5.733224,0.000000
0.000000,2.093256,0.000000
0.000000,4.661711,0.000000
0.000000,2.711958,0.000000
0.000000,4.847638,0.000000
0.000000,3.662056,0.000000
0.000000,4.479275,0.000000
0.000000,4.943127,0.000000
0.000000,3.969715,0.000000
0.000000,4.712857,0.000000
0.000000,3.627050,0.000000
0.000000,1.859554,0.000000
0.000000,7.037959,0.000000
0.000000,5.988514,0.000000
0.000000,5.282661,0.000000
0.000000,7.311530,0.000000
0.000000,8.513612,0.000000
0.000000,7.792002,0.000000
0.000000,8.829363,0.000000
0.000000,0.777001,0.000000
0.000000,6.605272,0.000000
0.000000,3.299090,0.000000
0.000000,3.709792,0.000000
0.000000,0.299803,0.000000
0.000000,2.310808,0.000000
0.000000,3.945758,0.000000
0.000000,2.122415,0.000000
0.000000,3.219641,0.000000
0.000000,0.377989,0.000000
0.000000,3.216505,0.000000
0.000000,6.053097,0.000000
0.000000,1.857161,0.000000
0.000000,4.063711,0.000000
0.000000,4.032754,0.000000
0.000000,1.734473,0.000000
0.000000,3.803679,0.000000
0.000000,3.584228,0.000000
0.000000,1.826778,0.000000
0.000000,3.605633,0.000000
0.000000,-2.495440,0.000000
0.000000,2.156376,0.000000
0.000000,5.489777,0.000000
0.000000,2.854364,0.000000
0.000000,5.472875,0.000000
0.000000,4.273697,0.000000
0.000000,2.505791,0.000000
0.000000,1.476034,0.000000
0.000000,3.955663,0.000000
0.000000,1.207565,0.000000
0.000000,0.594884,0.000000
0.000000,-0.917005,0.000000
0.000000,1.958306,0.000000
0.000000,2.054546,0.000000
0.000000,2.819163,0.000000
0.000000,4.996457,0.000000
0.000000,3.656033,0.000000
0.000000,5.322036,0.000000
0.000000,3.140971,0.000000
0.000000,3.420973,0.000000
0.000000,2.557122,0.000000
0.000000,2.197237,0.000000
0.000000,0.181263,0.000000
0.000000,3.283822,0.000000
0.000000,3.916940,0.000000
0.000000,1.617604,0.000000
0.000000,3.093833,0.000000
0.000000,9.620174,0.000000
0.000000,2.487166,0.000000
0.000000,3.178463,0.000000
0.000000,3.009295,0.000000
0.000000,1.411428,0.000000
0.000000,1.856312,0.000000
0.000000,1.236959,0.000000
0.000000,10.190579,0.000000
0.000000,1.885568,0.000000
0.000000,1.679827,0.000000
0.000000,-4.234028,0.000000
0.000000,2.446861,0.000000
0.000000,-0.587175,0.000000
0.000000,1.336356,0.000000
0.000000,0.059986,0.000000
0.000000,-0.217346,0.000000
0.000000,-0.872958,0.000000
0.000000,-2.382880,0.000000
0.000000,-2.720341,0.000000
0.000000,-1.619724,0.000000
0.000000,3.623519,0.000000
0.000000,-0.745125,0.000000
0.000000,12.153012,0.000000
0.000000,-0.573326,0.000000
0.000000,-1.351377,0.000000
0.000000,-1.982824,0.000000
0.000000,-1.476474,0.000000
0.000000,-0.207283,0.000000
0.000000,-0.858897,0.000000
0.000000,3.138085,0.000000
0.000000,-0.620076,0.000000
0.000000,-0.044338,0.000000
0.000000,-1.639099,0.000000
0.000000,-0.974659,0.000000
0.000000,-0.601591,0.000000
0.000000,-0.364527,0.000000
0.000000,-0.025616,0.000000
0.000000,3.269140,0.000000
0.000000,-0.270678,0.000000
0.000000,2.618803,0.000000
0.000000,-0.974093,0.000000
0.000000,-0.735911,0.000000
0.000000,2.102271,0.000000
0.000000,9.556960,0.000000
0.000000,0.639677,0.000000
0.000000,-0.980599,0.000000
0.000000,-2.247479,0.000000
0.000000,5.263092,0.000000
0.000000,-0.448133,0.000000
0.000000,-0.688012,0.000000
0.000000,-0.739857,0.000000
0.000000,0.643053,0.000000
0.000000,-0.835525,0.000000
0.000000,0.302074,0.000000
0.000000,-1.030225,0.000000
0.000000,-1.716179,0.000000
0.000000,-0.373822,0.000000
0.000000,0.054929,0.000000
0.000000,-0.382136,0.000000
0.000000,-1.468003,0.000000
0.000000,-3.805829,0.000000
0.000000,-1.156365,0.000000
0.000000,-5.332813,0.000000
0.000000,-1.356080,0.000000
0.000000,-0.514543,0.000000
0.000000,5.916500,0.000000
0.000000,9.525413,0.000000
0.000000,-4.044190,0.000000
0.000000,-4.837240,0.000000
0.000000,-3.716441,0.000000
0.000000,-2.566949,0.000000
0.000000,-2.385861,0.000000
0.000000,10.899548,0.000000
0.000000,-0.836141,0.000000
0.000000,-3.675625,0.000000
0.000000,-3.501350,0.000000
0.000000,6.000585,0.000000
0.000000,-4.585940,0.000000
0.000000,-5.284740,0.000000
0.000000,1.298861,0.000000
0.000000,-2.936981,0.000000
0.000000,-1.880494,0.000000
0.000000,-3.084458,0.000000
0.000000,6.110932,0.000000
0.000000,-3.955454,0.000000
0.000000,0.027897,0.000000
0.000000,-3.736714,0.000000
0.000000,-1.283145,0.000000
0.000000,0.592468,0.000000
0.000000,-2.654942,0.000000
0.000000,-1.775861,0.000000
0.000000,-2.518985,0.000000
0.000000,2.313431,0.000000
0.000000,0.810460,0.000000
0.000000,-4.148904,0.000000
0.000000,-2.914469,0.000000
0.000000,-2.451390,0.000000
0.000000,-3.197855,0.000000
0.000000,0.530754,0.000000
0.000000,-2.014605,0.000000
0.000000,-0.610148,0.000000
0.000000,-1.860210,0.000000
0.000000,1.025230,0.000000
0.000000,-0.358310,0.000000
0.000000,-4.063564,0.000000
0.000000,-3.186572,0.000000
0.000000,-3.242879,0.000000
0.000000,-5.525347,0.000000
0.000000,-5.186307,0.000000
0.000000,-3.986193,0.000000
0.000000,-0.542773,0.000000
0.000000,7.800169,0.000000
0.000000,-2.852814,0.000000
0.000000,-1.899125,0.000000
0.000000,-0.293760,0.000000
0.000000,2.937817,0.000000
0.000000,0.361355,0.000000
0.000000,4.539002,0.000000
0.000000,-5.831845,0.000000
0.000000,0.857045,0.000000
0.000000,-1.390679,0.000000
0.000000,0.745653,0.000000
0.000000,-1.836204,0.000000
0.000000,1.392296,0.000000
0.000000,1.562552,0.000000
0.000000,-0.671054,0.000000
0.000000,-1.476163,0.000000
0.000000,-1.794748,0.000000
0.000000,-2.947787,0.000000
0.000000,-2.924448,0.000000
0.000000,-0.279459,0.000000
0.000000,1.759491,0.000000
0.000000,1.295988,0.000000
0.000000,1.421708,0.000000
0.000000,-0.283617,0.000000
0.000000,-1.242454,0.000000
0.000000,-3.197037,0.000000
0.000000,-0.623550,0.000000
0.000000,-0.038857,0.000000
0.000000,3.799826,0.000000
0.000000,-0.069283,0.000000
0.000000,-0.429791,0.000000
0.000000,3.898833,0.000000
0.000000,-1.176054,0.000000
0.000000,-0.966344,0.000000
0.000000,3.918726,0.000000
0.000000,3.246309,0.000000
0.000000,4.847297,0.000000
0.000000,6.368174,0.000000
0.000000,3.718167,0.000000
0.000000,2.637367,0.000000
0.000000,-0.466611,0.000000
0.000000,5.812249,0.000000
0.000000,1.880308,0.000000
0.000000,3.561329,0.000000
0.000000,0.485373,0.000000
0.000000,-1.623596,0.000000
0.000000,1.982072,0.000000
0.000000,-1.490267,0.000000
0.000000,8.015132,0.000000
0.000000,5.604728,0.000000
0.000000,5.117441,0.000000
0.000000,5.542003,0.000000
0.000000,5.837437,0.000000
0.000000,3.325563,0.000000
0.000000,2.428801,0.000000
0.000000,3.805711,0.000000
0.000000,0.544283,0.000000
0.000000,1.704391,0.000000
0.000000,-0.154433,0.000000
0.000000,9.585914,0.000000
0.000000,3.637998,0.000000
0.000000,3.631898,0.000000
0.000000,2.492565,0.000000
0.000000,-0.553221,0.000000
0.000000,-0.027037,0.000000
0.000000,-2.405973,0.000000
0.000000,-1.903567,0.000000
0.000000,-1.758594,0.000000
0.000000,-1.513408,0.000000
0.000000,1.585541,0.000000
0.000000,2.078133,0.000000
0.000000,3.978226,0.000000
0.000000,2.683006,0.000000
0.000000,1.701258,0.000000
0.000000,1.478942,0.000000
0.000000,-3.433038,0.000000
0.000000,2.855743,0.000000
0.000000,-0.895360,0.000000
0.000000,-1.351309,0.000000
0.000000,-1.179284,0.000000
0.000000,1.524732,0.000000
0.000000,1.583460,0.000000
0.000000,0.137558,0.000000
0.000000,0.826866,0.000000
0.000000,1.765873,0.000000
0.000000,-0.783166,0.000000
0.000000,1.468412,0.000000
0.000000,2.693062,0.000000
0.000000,2.792028,0.000000
0.000000,3.679665,0.000000
0.000000,5.125994,0.000000
0.000000,2.321025,0.000000
0.000000,3.980895,0.000000
0.000000,2.107376,0.000000
0.000000,-1.320845,0.000000
0.000000,6.127160,0.000000
0.000000,5.552374,0.000000
0.000000,5.680013,0.000000
0.000000,1.451205,0.000000
0.000000,-5.792338,0.000000
0.000000,6.487358,0.000000
0.000000,5.746501,0.000000
0.000000,10.260555,0.000000
0.000000,4.365699,0.000000
0.000000,0.696329,0.000000
0.000000,5.447957,0.000000
0.000000,-9.092886,0.000000
0.000000,5.666651,0.000000
0.000000,7.608121,0.000000
0.000000,8.818758,0.000000
0.000000,8.441484,0.000000
0.000000,4.814561,0.000000
0.000000,6.526313,0.000000
0.000000,5.875616,0.000000
0.000000,8.554709,0.000000
0.000000,-0.018337,0.000000
0.000000,5.941607,0.000000
0.000000,7.200421,0.000000
0.000000,8.265170,0.000000
0.000000,5.652797,0.000000
0.000000,7.456394,0.000000
0.000000,3.890689,0.000000
0.000000,7.968348,0.000000
0.000000,7.268710,0.000000
0.000000,6.019219,0.000000
0.000000,6.535072,0.000000
0.000000,7.002796,0.000000
0.000000,7.322510,0.000000
0.000000,6.677652,0.000000
0.000000,7.143289,0.000000
0.000000,7.063809,0.000000
0.000000,4.127385,0.000000
0.000000,7.827106,0.000000
0.000000,7.065537,0.000000
0.000000,6.732241,0.000000
0.000000,6.459740,0.000000
0.000000,6.823678,0.000000
0.000000,4.564039,0.000000
0.000000,8.162399,0.000000
0.000000,8.640285,0.000000
0.000000,8.617563,0.000000
0.000000,8.402988,0.000000
0.000000,2.286873,0.000000
0.000000,5.713828,0.000000
0.000000,5.493947,0.000000
0.000000,3.979473,0.000000
0.000000,5.780613,0.000000
0.000000,6.739666,0.000000
0.000000,3.640171,0.000000
0.000000,5.485552,0.000000
0.000000,5.695738,0.000000
0.000000,1.419603,0.000000
0.000000,1.490236,0.000000
0.000000,1.148513,0.000000
0.000000,4.943421,0.000000
0.000000,7.836386,0.000000
0.000000,8.144837,0.000000
0.000000,6.203875,0.000000
0.000000,2.844273,0.000000
0.000000,4.868927,0.000000
0.000000,1.856435,0.000000
0.000000,3.505867,0.000000
0.000000,1.898453,0.000000
0.000000,4.231616,0.000000
0.000000,4.332864,0.000000
0.000000,3.447489,0.000000
0.000000,3.246130,0.000000
0.000000,4.635749,0.000000
0.000000,4.149608,0.000000
0.000000,5.311953,0.000000
0.000000,8.271400,0.000000
0.000000,9.018269,0.000000
0.000000,9.931658,0.000000
0.000000,9.218181,0.000000
0.000000,6.183225,0.000000
0.000000,7.129679,0.000000
0.000000,11.866640,0.000000
0.000000,6.345494,0.000000
0.000000,5.070431,0.000000
0.000000,5.209344,0.000000
0.000000,7.349941,0.000000
0.000000,3.353549,0.000000
0.000000,4.191075,0.000000
0.000000,1.904518,0.000000
0.000000,4.251642,0.000000
0.000000,2.180268,0.000000
0.000000,3.139467,0.000000
0.000000,5.611098,0.000000
0.000000,3.155207,0.000000
0.000000,-0.185850,0.000000
0.000000,1.312969,0.000000
0.000000,-0.910681,0.000000
0.000000,-1.088204,0.000000
0.000000,-2.907601,0.000000
0.000000,-2.824720,0.000000
0.000000,0.033164,0.000000
0.000000,-1.717999,0.000000
0.000000,-1.712666,0.000000
0.000000,1.086863,0.000000
0.000000,-0.118301,0.000000
0.000000,-1.171231,0.000000
0.000000,0.017391,0.000000
0.000000,-4.558241,0.000000
0.000000,-1.710325,0.000000
0.000000,-1.088346,0.000000
0.000000,-1.311477,0.000000
0.000000,-2.849540,0.000000
0.000000,-2.987617,0.000000
0.000000,-2.239052,0.000000
0.000000,-4.291653,0.000000
0.000000,-1.490008,0.000000
0.000000,-1.593034,0.000000
0.000000,-2.124663,0.000000
0.000000,-1.833692,0.000000
0.000000,-0.906791,0.000000
0.000000,-1.775104,0.000000
0.000000,-6.873024,0.000000
0.000000,-2.935712,0.000000
0.000000,-2.197272,0.000000
0.000000,-3.261217,0.000000
0.000000,-1.816546,0.000000
0.000000,-2.035610,0.000000
0.000000,-5.564775,0.000000
0.000000,-1.105987,0.000000
0.000000,2.961998,0.000000
0.000000,-0.464880,0.000000
0.000000,-1.659056,0.000000
0.000000,0.773681,0.000000
0.000000,1.027566,0.000000
0.000000,1.502177,0.000000
0.000000,4.054573,0.000000
0.000000,5.788007,0.000000
0.000000,1.671002,0.000000
0.000000,1.177494,0.000000
0.000000,9.426807,0.000000
0.000000,0.111878,0.000000
0.000000,0.997870,0.000000
0.000000,0.862991,0.000000
0.000000,1.797338,0.000000
0.000000,1.988774,0.000000
0.000000,-0.297327,0.000000
0.000000,-3.335506,0.000000
0.000000,-2.914921,0.000000
0.000000,0.536012,0.000000
0.000000,7.101497,0.000000
0.000000,1.153448,0.000000
0.000000,2.570612,0.000000
0.000000,0.664303,0.000000
0.000000,2.291974,0.000000
0.000000,1.036409,0.000000
0.000000,1.352211,0.000000
0.000000,1.929182,0.000000
0.000000,0.619797,0.000000
0.000000,2.906604,0.000000
0.000000,0.334973,0.000000
0.000000,0.562876,0.000000
0.000000,-1.313504,0.000000
0.000000,-2.159719,0.000000
0.000000,-1.391407,0.000000
0.000000,-4.472532,0.000000
0.000000,-0.533293,0.000000
0.000000,-0.783287,0.000000
0.000000,-3.317598,0.000000
0.000000,-2.178193,0.000000
0.000000,0.809008,0.000000
0.000000,-0.891905,0.000000
0.000000,0.063442,0.000000
0.000000,0.016534,0.000000
0.000000,-1.121657,0.000000
0.000000,0.936622,0.000000
0.000000,-0.370165,0.000000
0.000000,0.533932,0.000000
0.000000,0.527215,0.000000
0.000000,-0.900754,0.000000
0.000000,-0.113692,0.000000
0.000000,0.374312,0.000000
0.000000,-2.508716,0.000000
0.000000,-2.063484,0.000000
0.000000,-2.286463,0.000000
0.000000,1.279559,0.000000
0.000000,-1.731873,0.000000
0.000000,-1.693238,0.000000
0.000000,-4.805546,0.000000
0.000000,-0.918417,0.000000
0.000000,-0.048796,0.000000
0.000000,-5.099225,0.000000
0.000000,-4.225505,0.000000
0.000000,3.303246,0.000000
0.000000,-4.301499,0.000000
0.000000,-4.641883,0.000000
0.000000,-4.433903,0.000000
0.000000,-1.350893,0.000000
0.000000,-1.834928,0.000000
0.000000,4.768187,0.000000
0.000000,-1.006755,0.000000
0.000000,-0.826883,0.000000
0.000000,-0.927245,0.000000
0.000000,-2.912199,0.000000
0.000000,-7.182585,0.000000
0.000000,0.710659,0.000000
0.000000,2.188708,0.000000
0.000000,1.477156,0.000000
0.000000,-4.924860,0.000000
0.000000,1.877616,0.000000
0.000000,-4.680129,0.000000
0.000000,-0.012182,0.000000
0.000000,-0.320305,0.000000
0.000000,2.407230,0.000000
0.000000,-1.393234,0.000000
0.000000,-2.035352,0.000000
0.000000,4.189053,0.000000
0.000000,-0.453030,0.000000
0.000000,-3.818412,0.000000
0.000000,3.264462,0.000000
0.000000,-0.582661,0.000000
0.000000,-1.398678,0.000000
0.000000,-1.747238,0.000000
0.000000,1.428615,0.000000
0.000000,0.540301,0.000000
0.000000,-1.386019,0.000000
0.000000,-3.991079,0.000000
0.000000,-3.539031,0.000000
0.000000,-0.915710,0.000000
0.000000,-1.009484,0.000000
0.000000,6.618680,0.000000
0.000000,-0.660444,0.000000
0.000000,-0.264851,0.000000
0.000000,-2.600905,0.000000
0.000000,-1.579241,0.000000
0.000000,-3.145421,0.000000
0.000000,-1.172370,0.000000
0.000000,-0.490943,0.000000
0.000000,-3.365450,0.000000
0.000000,0.436745,0.000000
0.000000,7.229507,0.000000
0.000000,2.016525,0.000000
0.000000,-3.856730,0.000000
0.000000,-0.680472,0.000000
0.000000,-0.152206,0.000000
0.000000,-1.296957,0.000000
0.000000,-1.014257,0.000000
0.000000,-0.346498,0.000000
0.000000,0.143430,0.000000
0.000000,-0.105841,0.000000
0.000000,-0.997243,0.000000
0.000000,-0.308224,0.000000
0.000000,-0.083615,0.000000
0.000000,1.100840,0.000000
0.000000,-2.540188,0.000000
0.000000,-0.905992,0.000000
0.000000,-0.466865,0.000000
0.000000,0.321439,0.000000
0.000000,-2.039982,0.000000
0.000000,4.942087,0.000000
0.000000,0.047811,0.000000
0.000000,-0.349231,0.000000
0.000000,2.112563,0.000000
0.000000,-1.699978,0.000000
0.000000,2.017971,0.000000
0.000000,-0.832252,0.000000
0.000000,0.084567,0.000000
0.000000,2.495845,0.000000
0.000000,0.585249,0.000000
0.000000,-1.425632,0.000000
0.000000,-0.565657,0.000000
0.000000,2.497877,0.000000
0.000000,2.041101,0.000000
0.000000,1.939357,0.000000
0.000000,1.217467,0.000000
0.000000,5.482457,0.000000
0.000000,3.572134,0.000000
0.000000,3.933403,0.000000
0.000000,6.246791,0.000000
0.000000,7.629864,0.000000
0.000000,-8.196025,0.000000
0.000000,-0.324181,0.000000
0.000000,1.687541,0.000000
0.000000,6.224114,0.000000
0.000000,1.790510,0.000000
0.000000,0.729740,0.000000
0.000000,4.950402,0.000000
0.000000,5.123908,0.000000
0.000000,0.547877,0.000000
0.000000,1.236894,0.000000
0.000000,-3.185659,0.000000
0.000000,-7.320995,0.000000
0.000000,1.942149,0.000000
0.000000,1.057816,0.000000
0.000000,2.692377,0.000000
0.000000,-1.665884,0.000000
0.000000,0.255148,0.000000
0.000000,-2.488849,0.000000
0.000000,0.410493,0.000000
0.000000,-0.916045,0.000000
0.000000,0.313610,0.000000
0.000000,0.438075,0.000000
0.000000,-2.043504,0.000000
0.000000,1.984998,0.000000
0.000000,0.246833,0.000000
0.000000,-1.782203,0.000000
0.000000,-2.446133,0.000000
0.000000,-0.015107,0.000000
0.000000,2.526713,0.000000
0.000000,2.153631,0.000000
0.000000,-3.968905,0.000000
0.000000,-2.872320,0.000000
0.000000,-2.284317,0.000000
0.000000,-1.715511,0.000000
0.000000,-5.681764,0.000000
0.000000,-2.487706,0.000000
0.000000,-2.257496,0.000000
0.000000,1.461608,0.000000
0.000000,1.676055,0.000000
0.000000,-0.567840,0.000000
0.000000,0.176141,0.000000
0.000000,-1.584089,0.000000
0.000000,-2.001487,0.000000
0.000000,-0.850826,0.000000
0.000000,-8.643794,0.000000
0.000000,-1.371932,0.000000
0.000000,-5.879834,0.000000
0.000000,-2.861051,0.000000
0.000000,-1.050591,0.000000
0.000000,-1.548273,0.000000
0.000000,-1.636600,0.000000
0.000000,-2.072339,0.000000
0.000000,-1.659722,0.000000
0.000000,1.509101,0.000000
0.000000,0.839208,0.000000
0.000000,1.956676,0.000000
0.000000,-1.639994,0.000000
0.000000,-4.655242,0.000000
0.000000,-1.588401,0.000000
0.000000,0.161581,0.000000
0.000000,-4.938934,0.000000
0.000000,-2.313734,0.000000
0.000000,1.989448,0.000000
0.000000,-2.946967,0.000000
0.000000,-2.660557,0.000000
0.000000,-2.678373,0.000000
0.000000,-6.583005,0.000000
0.000000,-7.234241,0.000000
0.000000,-4.762265,0.000000
0.000000,-2.511323,0.000000
0.000000,8.023488,0.000000
0.000000,5.290175,0.000000
0.000000,4.640159,0.000000
0.000000,3.193672,0.000000
0.000000,3.708095,0.000000
0.000000,0.898679,0.000000
0.000000,0.668139,0.000000
0.000000,1.758384,0.000000
0.000000,4.346045,0.000000
0.000000,0.726622,0.000000
0.000000,0.423998,0.000000
0.000000,-2.045312,0.000000
0.000000,-2.083956,0.000000
0.000000,-1.031295,0.000000
0.000000,4.132420,0.000000
0.000000,-1.529996,0.000000
0.000000,-3.293188,0.000000
0.000000,-3.316141,0.000000
0.000000,-3.798384,0.000000
0.000000,-5.426197,0.000000
0.000000,-4.212691,0.000000
0.000000,-3.023179,0.000000
0.000000,-1.330938,0.000000
0.000000,-5.683175,0.000000
0.000000,-0.211697,0.000000
0.000000,-4.243563,0.000000
0.000000,-2.491689,0.000000
0.000000,-0.761181,0.000000
0.000000,-0.895922,0.000000
0.000000,-4.757998,0.000000
0.000000,-3.039533,0.000000
0.000000,-1.407655,0.000000
0.000000,0.749318,0.000000
0.000000,-1.958649,0.000000
0.000000,-1.963696,0.000000
0.000000,-3.052681,0.000000
0.000000,-3.941104,0.000000
0.000000,-3.250299,0.000000
0.000000,0.634282,0.000000
0.000000,2.372361,0.000000
0.000000,-1.963791,0.000000
0.000000,-3.672754,0.000000
0.000000,-0.332038,0.000000
0.000000,-2.375733,0.000000
0.000000,-2.386548,0.000000
0.000000,-0.354623,0.000000
0.000000,-0.994611,0.000000
0.000000,-3.275012,0.000000
0.000000,-7.820872,0.000000
0.000000,-2.161938,0.000000
0.000000,-3.184874,0.000000
0.000000,-4.312537,0.000000
0.000000,-1.071868,0.000000
0.000000,-2.580232,0.000000
0.000000,-2.357794,0.000000
0.000000,-2.758079,0.000000
0.000000,-2.132335,0.000000
0.000000,-3.294402,0.000000
0.000000,-5.034773,0.000000
0.000000,-1.942028,0.000000
0.000000,-3.673355,0.000000
0.000000,-4.158958,0.000000
0.000000,-3.088123,0.000000
0.000000,-1.688910,0.000000
0.000000,-0.092164,0.000000
0.000000,-4.552120,0.000000
0.000000,-1.823218,0.000000
0.000000,-2.123780,0.000000
0.000000,-0.971843,0.000000
0.000000,0.187981,0.000000
0.000000,-3.065323,0.000000
0.000000,-3.842287,0.000000
0.000000,-0.986956,0.000000
0.000000,-3.179205,0.000000
0.000000,-1.772139,0.000000
0.000000,-2.991876,0.000000
0.000000,-2.873765,0.000000
0.000000,-8.435985,0.000000
0.000000,-0.571227,0.000000
0.000000,-3.820257,0.000000
0.000000,-4.771366,0.000000
0.000000,-5.074291,0.000000
0.000000,-3.500884,0.000000
0.000000,-7.945890,0.000000
0.000000,-0.802691,0.000000
0.000000,-3.796380,0.000000
0.000000,-4.178194,0.000000
0.000000,-6.425141,0.000000
0.000000,-6.885567,0.000000
0.000000,-5.660022,0.000000
0.000000,-5.164321,0.000000
0.000000,-4.274777,0.000000
0.000000,-9.312256,0.000000
0.000000,0.634219,0.000000
0.000000,-4.687310,0.000000
0.000000,-7.829281,0.000000
0.000000,-5.835365,0.000000
0.000000,-3.825530,0.000000
0.000000,-3.474140,0.000000
0.000000,-4.047811,0.000000
0.000000,-2.580760,0.000000
0.000000,-8.859821,0.000000
0.000000,-3.615692,0.000000
0.000000,-7.613940,0.000000
0.000000,-5.972228,0.000000
0.000000,-4.529298,0.000000
0.000000,-5.502612,0.000000
0.000000,-4.066955,0.000000
0.000000,-3.276116,0.000000
0.000000,-4.461665,0.000000
0.000000,-7.453843,0.000000
0.000000,-6.447123,0.000000
0.000000,-6.674163,0.000000
0.000000,-5.565650,0.000000
0.000000,-5.742603,0.000000
0.000000,-7.492870,0.000000
0.000000,-4.471306,0.000000
0.000000,-3.145342,0.000000
0.000000,-4.399787,0.000000
0.000000,-3.784960,0.000000
0.000000,-5.696364,0.000000
0.000000,-5.016177,0.000000
0.000000,-3.415719,0.000000
0.000000,-2.313616,0.000000
0.000000,-2.777350,0.000000
0.000000,-6.409266,0.000000
0.000000,-4.707002,0.000000
0.000000,-7.025653,0.000000
0.000000,-3.585922,0.000000
0.000000,-4.139173,0.000000
0.000000,-2.780920,0.000000
0.000000,-4.522432,0.000000
0.000000,-6.024355,0.000000
0.000000,-3.707844,0.000000
0.000000,-2.755057,0.000000
0.000000,-4.581670,0.000000
0.000000,-3.417041,0.000000
0.000000,-5.043341,0.000000
0.000000,-3.350399,0.000000
0.000000,-3.498465,0.000000
0.000000,-3.275271,0.000000
0.000000,-3.284526,0.000000
0.000000,-5.418551,0.000000
0.000000,-11.204279,0.000000
0.000000,-8.722966,0.000000
0.000000,-8.484035,0.000000
0.000000,-11.738701,0.000000
0.000000,-17.522991,0.000000
0.000000,-13.121906,0.000000
0.000000,-10.682697,0.000000
0.000000,-11.322856,0.000000
0.000000,-7.753290,0.000000
0.000000,-23.389942,0.000000
0.000000,-41.050700,0.000000
0.000000,-36.163210,0.000000
0.000000,-24.810120,0.000000
0.000000,-13.058448,0.000000
0.000000,-23.360730,0.000000
0.000000,-23.165230,0.000000
0.000000,-34.253624,0.000000
0.000000,-37.382233,0.000000
0.000000,-18.682524,0.000000
0.000000,-33.651730,0.000000
0.000000,-33.849930,0.000000
0.000000,-38.822163,0.000000
0.000000,-38.585010,0.000000
0.000000,-49.654446,0.000000
0.000000,-60.826538,0.000000
0.000000,-59.036392,0.000000
0.000000,-52.671112,0.000000
0.000000,-50.555054,0.000000
0.000000,-54.935436,0.000000
0.000000,-60.525936,0.000000
0.000000,-63.708546,0.000000
0.000000,-57.056530,0.000000
0.000000,-50.137510,0.000000
0.000000,-52.135014,0.000000
0.000000,-67.733055,0.000000
0.000000,-75.698690,0.000000
0.000000,-72.422630,0.000000
0.000000,-72.032850,0.000000
0.000000,-73.487130,0.000000
0.000000,-71.839170,0.000000
0.000000,-73.303830,0.000000
0.000000,-73.922250,0.000000
0.000000,-73.611420,0.000000
0.000000,-76.150130,0.000000
0.000000,-74.940690,0.000000
0.000000,-71.957580,0.000000
0.000000,-72.006540,0.000000
0.000000,-72.188100,0.000000
0.000000,-72.956530,0.000000
0.000000,-73.951904,0.000000
0.000000,-72.385826,0.000000
0.000000,-74.284990,0.000000
0.000000,-75.357750,0.000000
0.000000,-76.473390,0.000000
0.000000,-78.091210,0.000000
0.000000,-79.385475,0.000000
0.000000,-75.594390,0.000000
0.000000,-69.632110,0.000000
0.000000,-68.308945,0.000000
0.000000,-55.701020,0.000000
0.000000,-54.270832,0.000000
0.000000,-52.634365,0.000000
0.000000,-57.678750,0.000000
0.000000,-55.791897,0.000000
0.000000,-42.208065,0.000000
0.000000,-44.336685,0.000000
0.000000,-46.269337,0.000000
0.000000,-41.149715,0.000000
0.000000,-39.743366,0.000000
0.000000,-29.630743,0.000000
0.000000,-6.061138,0.000000
0.000000,-6.595521,0.000000
0.000000,-5.752449,0.000000
0.000000,-2.009025,0.000000
0.000000,8.280475,0.000000
0.000000,1.576553,0.000000
0.000000,-13.224234,0.000000
0.000000,-15.998061,0.000000
0.000000,0.634589,0.000000
0.000000,-0.898480,0.000000
0.000000,-7.578959,0.000000
0.000000,-5.074266,0.000000
0.000000,-4.282403,0.000000
0.000000,1.819757,0.000000
0.000000,4.515731,0.000000
0.000000,3.273015,0.000000
0.000000,3.349446,0.000000
0.000000,4.188500,0.000000
0.000000,5.555547,0.000000
0.000000,4.643740,0.000000
0.000000,4.292637,0.000000
0.000000,4.531035,0.000000
0.000000,4.498094,0.000000
0.000000,4.160840,0.000000
0.000000,4.603953,0.000000
0.000000,4.774493,0.000000
0.000000,5.703097,0.000000
0.000000,4.830914,0.000000
0.000000,1.684583,0.000000
0.000000,3.517570,0.000000
0.000000,3.547402,0.000000
0.000000,4.690092,0.000000
0.000000,4.607150,0.000000
0.000000,4.332978,0.000000
0.000000,4.175042,0.000000
0.000000,5.774457,0.000000
0.000000,8.580462,0.000000
0.000000,11.651910,0.000000
0.000000,4.922735,0.000000
0.000000,4.013094,0.000000
0.000000,4.085753,0.000000
0.000000,5.949875,0.000000
0.000000,4.849469,0.000000
0.000000,7.305237,0.000000
0.000000,7.970577,0.000000
0.000000,6.368341,0.000000
0.000000,4.809481,0.000000
0.000000,4.342321,0.000000
0.000000,4.749902,0.000000
0.000000,3.695787,0.000000
0.000000,4.068635,0.000000
0.000000,4.109142,0.000000
0.000000,7.330278,0.000000
0.000000,7.197839,0.000000
0.000000,4.960126,0.000000
0.000000,3.403369,0.000000
0.000000,4.801491,0.000000
0.000000,5.959297,0.000000
0.000000,5.907618,0.000000
0.000000,6.440902,0.000000
0.000000,6.551219,0.000000
0.000000,5.318692,0.000000
0.000000,1.512521,0.000000
0.000000,4.700302,0.000000
0.000000,5.267735,0.000000
0.000000,3.008869,0.000000
0.000000,0.649350,0.000000
0.000000,2.780748,0.000000
0.000000,0.656635,0.000000
0.000000,0.010401,0.000000
0.000000,0.003774,0.000000
0.000000,0.520000,0.000000
0.000000,1.543397,0.000000
0.000000,2.871947,0.000000
0.000000,5.843014,0.000000
0.000000,5.039183,0.000000
0.000000,2.916598,0.000000
0.000000,5.317711,0.000000
0.000000,5.666164,0.000000
0.000000,5.770378,0.000000
0.000000,7.725186,0.000000
0.000000,3.786303,0.000000
0.000000,5.564746,0.000000
0.000000,4.598928,0.000000
0.000000,5.223377,0.000000
0.000000,6.122526,0.000000
0.000000,2.335293,0.000000
0.000000,1.835303,0.000000
0.000000,2.662583,0.000000
0.000000,1.666851,0.000000
0.000000,5.125237,0.000000
0.000000,5.378652,0.000000
0.000000,2.730790,0.000000
0.000000,6.457733,0.000000
0.000000,4.717478,0.000000
0.000000,5.141767,0.000000
0.000000,5.354491,0.000000
0.000000,6.045190,0.000000
0.000000,1.639374,0.000000
0.000000,4.974970,0.000000
0.000000,6.944559,0.000000
0.000000,7.252578,0.000000
0.000000,7.035094,0.000000
0.000000,6.856649,0.000000
0.000000,5.981233,0.000000
0.000000,5.596704,0.000000
0.000000,6.488290,0.000000
0.000000,7.274344,0.000000
0.000000,5.704212,0.000000
0.000000,6.916007,0.000000
0.000000,7.013198,0.000000
0.000000,7.033349,0.000000
0.000000,6.960269,0.000000
0.000000,6.550504,0.000000
0.000000,6.442059,0.000000
0.000000,4.755081,0.000000
0.000000,5.275907,0.000000
0.000000,7.630977,0.000000
0.000000,7.349392,0.000000
0.000000,6.057913,0.000000
0.000000,6.103068,0.000000
0.000000,7.205699,0.000000
0.000000,4.686905,0.000000
0.000000,5.450587,0.000000
0.000000,5.929036,0.000000
0.000000,7.385492,0.000000
0.000000,6.721221,0.000000
0.000000,3.792709,0.000000
0.000000,7.635539,0.000000
0.000000,6.422366,0.000000
0.000000,10.256174,0.000000
0.000000,7.579199,0.000000
0.000000,5.452856,0.000000
0.000000,8.054688,0.000000
0.000000,7.178116,0.000000
0.000000,7.348329,0.000000
0.000000,6.239076,0.000000
0.000000,7.660996,0.000000
0.000000,5.715859,0.000000
0.000000,7.631968,0.000000
0.000000,8.154736,0.000000
0.000000,4.821837,0.000000
0.000000,4.433706,0.000000
0.000000,7.376251,0.000000
0.000000,6.810938,0.000000
0.000000,6.373757,0.000000
0.000000,7.740356,0.000000
0.000000,4.978113,0.000000
0.000000,4.731828,0.000000
0.000000,6.803782,0.000000
0.000000,7.628908,0.000000
0.000000,7.556409,0.000000
0.000000,8.015699,0.000000
0.000000,7.948853,0.000000
0.000000,4.608133,0.000000
0.000000,6.710833,0.000000
0.000000,12.330272,0.000000
0.000000,6.029851,0.000000
0.000000,7.275425,0.000000
0.000000,5.997475,0.000000
0.000000,7.868643,0.000000
0.000000,8.023564,0.000000
0.000000,8.477527,0.000000
0.000000,9.209970,0.000000
0.000000,6.724122,0.000000
0.000000,7.919434,0.000000
0.000000,7.497674,0.000000
0.000000,5.681552,0.000000
0.000000,4.952578,0.000000
0.000000,8.254690,0.000000
0.000000,7.149568,0.000000
0.000000,8.483254,0.000000
0.000000,8.150822,0.000000
0.000000,8.509208,0.000000
0.000000,7.578962,0.000000
0.000000,7.256382,0.000000
0.000000,7.223236,0.000000
0.000000,6.384342,0.000000
0.000000,8.374190,0.000000
0.000000,7.709570,0.000000
0.000000,7.599645,0.000000
0.000000,7.513443,0.000000
0.000000,8.063677,0.000000
0.000000,8.903681,0.000000
0.000000,7.138906,0.000000
0.000000,7.445231,0.000000
0.000000,7.738372,0.000000
0.000000,10.092474,0.000000
0.000000,8.892078,0.000000
0.000000,9.744743,0.000000
0.000000,9.788389,0.000000
0.000000,8.319763,0.000000
0.000000,7.602580,0.000000
0.000000,8.235354,0.000000
0.000000,7.855690,0.000000
0.000000,9.431641,0.000000
0.000000,10.484431,0.000000
0.000000,8.139029,0.000000
0.000000,5.007782,0.000000
0.000000,7.732485,0.000000
0.000000,8.608715,0.000000
0.000000,8.476706,0.000000
0.000000,9.181683,0.000000
0.000000,9.387901,0.000000
0.000000,8.282270,0.000000
0.000000,9.444397,0.000000
0.000000,5.617861,0.000000
0.000000,8.460361,0.000000
0.000000,7.975247,0.000000
0.000000,8.495119,0.000000
0.000000,7.247512,0.000000
0.000000,7.035369,0.000000
0.000000,6.970006,0.000000
0.000000,6.348993,0.000000
0.000000,5.852839,0.000000
0.000000,4.421880,0.000000
0.000000,4.058134,0.000000
0.000000,5.294593,0.000000
0.000000,3.131493,0.000000
0.000000,4.738860,0.000000
0.000000,4.894850,0.000000
0.000000,4.240287,0.000000
0.000000,4.905004,0.000000
0.000000,4.839741,0.000000
0.000000,5.040007,0.000000
0.000000,5.668504,0.000000
0.000000,5.363345,0.000000
0.000000,6.496127,0.000000
0.000000,6.370798,0.000000
0.000000,6.358025,0.000000
0.000000,6.222250,0.000000
0.000000,7.233011,0.000000
0.000000,5.889585,0.000000
0.000000,4.948071,0.000000
0.000000,6.145221,0.000000
0.000000,8.396567,0.000000
0.000000,6.770226,0.000000
0.000000,6.746429,0.000000
0.000000,4.699744,0.000000
0.000000,8.513043,0.000000
0.000000,7.331583,0.000000
0.000000,8.064047,0.000000
0.000000,7.718260,0.000000
0.000000,7.671230,0.000000
0.000000,6.144433,0.000000
0.000000,6.657345,0.000000
0.000000,6.864548,0.000000
0.000000,7.462704,0.000000
0.000000,8.202044,0.000000
0.000000,5.580521,0.000000
0.000000,6.598865,0.000000
0.000000,6.003408,0.000000
0.000000,4.614544,0.000000
0.000000,6.173245,0.000000
0.000000,7.034528,0.000000
0.000000,7.151273,0.000000
0.000000,4.807811,0.000000
0.000000,6.375806,0.000000
0.000000,5.107337,0.000000
0.000000,4.618463,0.000000
0.000000,7.188526,0.000000
0.000000,5.342745,0.000000
0.000000,3.466945,0.000000
0.000000,5.000866,0.000000
0.000000,5.530702,0.000000
0.000000,3.144745,0.000000
0.000000,4.540838,0.000000
0.000000,5.985231,0.000000
0.000000,6.156653,0.000000
0.000000,5.434370,0.000000
0.000000,4.031821,0.000000
0.000000,6.507559,0.000000
0.000000,4.621478,0.000000
0.000000,6.832560,0.000000
0.000000,6.309022,0.000000
0.000000,6.367279,0.000000
0.000000,8.214766,0.000000
0.000000,6.048603,0.000000
0.000000,8.794226,0.000000
0.000000,7.043743,0.000000
0.000000,6.864944,0.000000
0.000000,6.679476,0.000000
0.000000,7.708872,0.000000
0.000000,8.773133,0.000000
0.000000,7.326981,0.000000
0.000000,7.836491,0.000000
0.000000,6.398998,0.000000
0.000000,7.078244,0.000000
0.000000,7.124688,0.000000
0.000000,7.048626,0.000000
0.000000,10.802245,0.000000
0.000000,6.389283,0.000000
0.000000,6.568563,0.000000
0.000000,7.924862,0.000000
0.000000,7.092961,0.000000
0.000000,7.099163,0.000000
0.000000,6.739447,0.000000
0.000000,8.647982,0.000000
0.000000,8.326766,0.000000
0.000000,8.040018,0.000000
0.000000,8.506179,0.000000
0.000000,7.754132,0.000000
0.000000,6.528575,0.000000
0.000000,13.076042,0.000000
0.000000,8.950471,0.000000
0.000000,5.924824,0.000000
0.000000,8.659115,0.000000
0.000000,9.321519,0.000000
0.000000,10.231436,0.000000
0.000000,7.508896,0.000000
0.000000,7.926535,0.000000
0.000000,3.336707,0.000000
0.000000,9.678597,0.000000
0.000000,5.981719,0.000000
0.000000,6.014893,0.000000
0.000000,5.951561,0.000000
0.000000,6.253544,0.000000
0.000000,7.156156,0.000000
0.000000,8.897192,0.000000
0.000000,7.949742,0.000000
0.000000,4.945233,0.000000
0.000000,6.548427,0.000000
0.000000,7.285667,0.000000
0.000000,6.276601,0.000000
0.000000,8.307598,0.000000
0.000000,6.109693,0.000000
0.000000,7.784221,0.000000
0.000000,6.481249,0.000000
0.000000,8.183021,0.000000
0.000000,9.881809,0.000000
0.000000,7.849155,0.000000
0.000000,7.615565,0.000000
0.000000,6.209118,0.000000
0.000000,3.844753,0.000000
0.000000,5.491719,0.000000
0.000000,7.579831,0.000000
0.000000,4.114291,0.000000
0.000000,7.794531,0.000000
0.000000,7.225319,0.000000
0.000000,9.788168,0.000000
0.000000,8.211842,0.000000
0.000000,7.153330,0.000000
0.000000,8.218180,0.000000
0.000000,5.744685,0.000000
0.000000,5.766046,0.000000
0.000000,-3.588612,0.000000
0.000000,0.150792,0.000000
0.000000,-6.755720,0.000000
0.000000,3.836482,0.000000
0.000000,10.460625,0.000000
0.000000,17.369152,0.000000
0.000000,18.303417,0.000000
0.000000,14.255216,0.000000
0.000000,16.162030,0.000000
0.000000,26.401505,0.000000
0.000000,28.688530,0.000000
0.000000,21.509197,0.000000
0.000000,24.117184,0.000000
0.000000,26.734781,0.000000
0.000000,24.256723,0.000000
0.000000,20.181456,0.000000
0.000000,25.348227,0.000000
0.000000,38.079964,0.000000
0.000000,34.726902,0.000000
0.000000,31.227540,0.000000
0.000000,30.829218,0.000000
0.000000,26.372831,0.000000
0.000000,25.841267,0.000000
0.000000,30.901863,0.000000
0.000000,51.096046,0.000000
0.000000,50.178127,0.000000
0.000000,35.223650,0.000000
0.000000,55.964750,0.000000
0.000000,48.678764,0.000000
0.000000,22.083200,0.000000
0.000000,17.856913,0.000000
0.000000,17.812773,0.000000
0.000000,15.667859,0.000000
0.000000,15.526264,0.000000
0.000000,12.485427,0.000000
0.000000,18.864270,0.000000
0.000000,22.897870,0.000000
0.000000,22.708189,0.000000
0.000000,23.732058,0.000000
0.000000,25.141070,0.000000
0.000000,25.862017,0.000000
0.000000,24.057566,0.000000
0.000000,24.363958,0.000000
0.000000,24.549294,0.000000
0.000000,24.714380,0.000000
0.000000,24.448423,0.000000
0.000000,23.873571,0.000000
0.000000,51.537060,0.000000
0.000000,47.887856,0.000000
0.000000,47.757072,0.000000
0.000000,38.738870,0.000000
0.000000,47.325695,0.000000
0.000000,34.890446,0.000000
0.000000,44.347190,0.000000
0.000000,34.212917,0.000000
0.000000,39.774290,0.000000
0.000000,7.232466,0.000000
0.000000,23.023407,0.000000
0.000000,26.377392,0.000000
0.000000,31.486000,0.000000
0.000000,18.331352,0.000000
0.000000,5.858592,0.000000
0.000000,0.339849,0.000000
0.000000,28.855103,0.000000
0.000000,24.569610,0.000000
0.000000,14.263270,0.000000
0.000000,20.966550,0.000000
0.000000,12.257865,0.000000
0.000000,-2.836483,0.000000
0.000000,10.752581,0.000000
0.000000,6.866581,0.000000
0.000000,21.003185,0.000000
0.000000,6.485272,0.000000
0.000000,8.916768,0.000000
0.000000,11.000213,0.000000
0.000000,4.433230,0.000000
0.000000,5.927298,0.000000
0.000000,-3.129446,0.000000
0.000000,2.537512,0.000000
0.000000,3.178233,0.000000
0.000000,4.789716,0.000000
0.000000,3.920719,0.000000
0.000000,-7.573002,0.000000
0.000000,-4.384893,0.000000
0.000000,-7.332341,0.000000
0.000000,-7.546527,0.000000
0.000000,-12.743961,0.000000
0.000000,-12.465103,0.000000
0.000000,-13.244724,0.000000
0.000000,-18.456705,0.000000
0.000000,-24.609697,0.000000
0.000000,-38.961407,0.000000
0.000000,-39.453667,0.000000
0.000000,-37.917534,0.000000
0.000000,-31.383802,0.000000
0.000000,-16.416634,0.000000
0.000000,-23.797565,0.000000
0.000000,-27.693604,0.000000
0.000000,-31.069296,0.000000
0.000000,-33.075580,0.000000
0.000000,-30.955738,0.000000
0.000000,-27.024185,0.000000
0.000000,-31.141054,0.000000
0.000000,-29.067104,0.000000
0.000000,-19.946514,0.000000
0.000000,-25.826149,0.000000
0.000000,-19.806670,0.000000
0.000000,-22.211304,0.000000
0.000000,-21.822014,0.000000
0.000000,-26.489052,0.000000
0.000000,-19.502436,0.000000
0.000000,-21.355236,0.000000
0.000000,-12.977448,0.000000
0.000000,-10.894266,0.000000
0.000000,-20.830210,0.000000
0.000000,-20.544271,0.000000
0.000000,-29.841667,0.000000
0.000000,-30.557621,0.000000
0.000000,-27.000477,0.000000
0.000000,-22.444086,0.000000
0.000000,-10.873388,0.000000
0.000000,0.823633,0.000000
0.000000,-10.795569,0.000000
0.000000,-33.994446,0.000000
0.000000,-39.618996,0.000000
0.000000,-48.464264,0.000000
0.000000,-44.871620,0.000000
0.000000,-35.711445,0.000000
0.000000,-47.730780,0.000000
0.000000,-29.053125,0.000000
0.000000,-28.546684,0.000000
0.000000,-32.892822,0.000000
0.000000,-38.465782,0.000000
0.000000,-22.728401,0.000000
0.000000,-35.081818,0.000000
0.000000,-44.913425,0.000000
0.000000,-61.475803,0.000000
0.000000,-65.461334,0.000000
0.000000,-67.168550,0.000000
0.000000,-69.274560,0.000000
0.000000,-58.464100,0.000000
0.000000,-63.555027,0.000000
0.000000,-58.896503,0.000000
0.000000,-74.566110,0.000000
0.000000,-78.545980,0.000000
0.000000,-71.741330,0.000000
0.000000,-77.694780,0.000000
0.000000,-68.972870,0.000000
0.000000,-62.243664,0.000000
0.000000,-60.832924,0.000000
0.000000,-60.172080,0.000000
0.000000,-61.290905,0.000000
0.000000,-66.754800,0.000000
0.000000,-64.332275,0.000000
0.000000,-68.276660,0.000000
0.000000,-75.198450,0.000000
0.000000,-77.842790,0.000000
0.000000,-77.774340,0.000000
0.000000,-76.941826,0.000000
0.000000,-76.845474,0.000000
0.000000,-71.665100,0.000000
0.000000,-74.612350,0.000000
0.000000,-70.446090,0.000000
0.000000,-70.797050,0.000000
0.000000,-58.367836,0.000000
0.000000,-51.143460,0.000000
0.000000,-47.318924,0.000000
0.000000,-41.285835,0.000000
0.000000,-34.120600,0.000000
0.000000,-46.141552,0.000000
0.000000,-39.657420,0.000000
0.000000,-37.393932,0.000000
0.000000,-25.251260,0.000000
0.000000,-6.345148,0.000000
0.000000,-6.923922,0.000000
0.000000,-4.635743,0.000000
0.000000,-7.919359,0.000000
0.000000,-8.235988,0.000000
0.000000,-4.402576,0.000000
0.000000,-14.701732,0.000000
0.000000,-16.348003,0.000000
0.000000,-2.524513,0.000000
0.000000,-5.168344,0.000000
0.000000,1.156000,0.000000
0.000000,1.747251,0.000000
0.000000,2.456360,0.000000
0.000000,1.614260,0.000000
0.000000,0.701325,0.000000
0.000000,-4.217859,0.000000
0.000000,-0.140051,0.000000
0.000000,0.442290,0.000000
0.000000,-0.077966,0.000000
0.000000,4.096530,0.000000
0.000000,6.703723,0.000000
0.000000,6.555619,0.000000
0.000000,5.373837,0.000000
0.000000,4.359469,0.000000
0.000000,2.131382,0.000000
0.000000,4.160710,0.000000
0.000000,-0.639530,0.000000
0.000000,-0.008258,0.000000
0.000000,2.592112,0.000000
0.000000,-3.475692,0.000000
0.000000,-4.493088,0.000000
0.000000,-2.942856,0.000000
0.000000,-2.737810,0.000000
0.000000,-4.158731,0.000000
0.000000,-3.445391,0.000000
0.000000,-2.535209,0.000000
0.000000,-5.264107,0.000000
0.000000,2.565745,0.000000
0.000000,5.211671,0.000000
0.000000,4.594308,0.000000
0.000000,6.198650,0.000000
0.000000,9.032333,0.000000
0.000000,6.889515,0.000000
0.000000,8.210073,0.000000
0.000000,9.268732,0.000000
0.000000,11.292800,0.000000
0.000000,7.793585,0.000000
0.000000,12.161440,0.000000
0.000000,9.955334,0.000000
0.000000,6.497370,0.000000
0.000000,9.186635,0.000000
0.000000,11.480459,0.000000
0.000000,4.305705,0.000000
0.000000,8.562637,0.000000
0.000000,6.464338,0.000000
0.000000,6.203157,0.000000
0.000000,9.446085,0.000000
0.000000,6.919547,0.000000
0.000000,4.118060,0.000000
0.000000,8.703071,0.000000
0.000000,10.934005,0.000000
0.000000,7.494233,0.000000
0.000000,8.475642,0.000000
0.000000,8.106093,0.000000
0.000000,8.809263,0.000000
0.000000,7.555147,0.000000
0.000000,10.682897,0.000000
0.000000,10.824155,0.000000
0.000000,11.899213,0.000000
0.000000,9.890386,0.000000
0.000000,9.985365,0.000000
0.000000,12.415323,0.000000
0.000000,11.786194,0.000000
0.000000,11.151862,0.000000
0.000000,12.917217,0.000000
0.000000,13.060677,0.000000
0.000000,12.719938,0.000000
0.000000,5.767980,0.000000
0.000000,11.581806,0.000000
0.000000,11.145998,0.000000
0.000000,12.103867,0.000000
0.000000,12.096625,0.000000
0.000000,10.451917,0.000000
0.000000,10.726354,0.000000
0.000000,11.734015,0.000000
0.000000,12.668436,0.000000
0.000000,11.903478,0.000000
0.000000,8.661070,0.000000
0.000000,13.073861,0.000000
0.000000,14.277127,0.000000
0.000000,12.858867,0.000000
0.000000,14.385156,0.000000
0.000000,14.568447,0.000000
0.000000,11.576783,0.000000
0.000000,10.428483,0.000000
0.000000,10.462645,0.000000
0.000000,10.946454,0.000000
0.000000,11.536638,0.000000
0.000000,5.825770,0.000000
0.000000,9.896938,0.000000
0.000000,8.537615,0.000000
0.000000,9.417339,0.000000
0.000000,6.990479,0.000000
0.000000,8.781927,0.000000
0.000000,7.828377,0.000000
0.000000,8.406906,0.000000
0.000000,8.098148,0.000000
0.000000,8.505768,0.000000
0.000000,7.557895,0.000000
0.000000,8.106399,0.000000
0.000000,8.198362,0.000000
0.000000,8.744340,0.000000
0.000000,6.832530,0.000000
0.000000,7.252605,0.000000
0.000000,7.137724,0.000000
0.000000,7.318070,0.000000
0.000000,8.062044,0.000000
0.000000,7.599371,0.000000
0.000000,6.792131,0.000000
0.000000,7.113430,0.000000
0.000000,8.313307,0.000000
0.000000,10.027619,0.000000
0.000000,4.567104,0.000000
0.000000,11.125556,0.000000
0.000000,10.744932,0.000000
0.000000,9.731868,0.000000
0.000000,12.534652,0.000000
0.000000,11.156918,0.000000
0.000000,10.390617,0.000000
0.000000,8.245816,0.000000
0.000000,12.579224,0.000000
0.000000,2.198748,0.000000
0.000000,9.190780,0.000000
0.000000,10.716938,0.000000
0.000000,4.199174,0.000000
0.000000,2.725036,0.000000
0.000000,6.742011,0.000000
0.000000,10.848164,0.000000
0.000000,9.568063,0.000000
0.000000,7.610270,0.000000
0.000000,8.977478,0.000000
0.000000,18.010720,0.000000
0.000000,32.585020,0.000000
0.000000,29.237404,0.000000
0.000000,28.015871,0.000000
0.000000,23.121649,0.000000
0.000000,39.753940,0.000000
0.000000,39.459393,0.000000
0.000000,39.596878,0.000000
0.000000,37.314100,0.000000
0.000000,18.411444,0.000000
0.000000,26.558393,0.000000
0.000000,25.442812,0.000000
0.000000,26.708960,0.000000
0.000000,45.457820,0.000000
0.000000,51.194828,0.000000
0.000000,30.749390,0.000000
0.000000,29.101460,0.000000
0.000000,28.920994,0.000000
0.000000,20.737816,0.000000
0.000000,18.118511,0.000000
0.000000,21.791004,0.000000
0.000000,14.241398,0.000000
0.000000,20.671585,0.000000
0.000000,16.946163,0.000000
0.000000,17.760687,0.000000
0.000000,24.699797,0.000000
0.000000,29.506823,0.000000
0.000000,45.078520,0.000000
0.000000,49.800300,0.000000
0.000000,29.320550,0.000000
0.000000,48.912464,0.000000
0.000000,35.611780,0.000000
0.000000,41.140434,0.000000
0.000000,41.042720,0.000000
0.000000,37.116867,0.000000
0.000000,11.719455,0.000000
0.000000,20.067919,0.000000
0.000000,10.284264,0.000000
0.000000,14.956862,0.000000
0.000000,27.430843,0.000000
0.000000,29.758423,0.000000
0.000000,31.537699,0.000000
0.000000,19.697773,0.000000
0.000000,9.435676,0.000000
0.000000,0.986107,0.000000
0.000000,2.315119,0.000000
0.000000,-4.852062,0.000000
0.000000,-3.714279,0.000000
0.000000,-4.188316,0.000000
0.000000,4.645809,0.000000
0.000000,-1.346676,0.000000
0.000000,5.852525,0.000000
0.000000,5.039520,0.000000
0.000000,6.228879,0.000000
0.000000,-27.852346,0.000000
0.000000,-18.059437,0.000000
0.000000,-22.385110,0.000000
0.000000,-25.306192,0.000000
0.000000,-18.250850,0.000000
0.000000,-18.799759,0.000000
0.000000,-18.231443,0.000000
0.000000,-13.381723,0.000000
0.000000,-25.232393,0.000000
0.000000,-25.338251,0.000000
0.000000,-30.643232,0.000000
0.000000,-29.111610,0.000000
0.000000,-31.662685,0.000000
0.000000,-25.647602,0.000000
0.000000,-31.301840,0.000000
0.000000,-28.525251,0.000000
0.000000,-28.578709,0.000000
0.000000,-34.709995,0.000000
0.000000,-39.410500,0.000000
0.000000,-38.484943,0.000000
0.000000,-43.448093,0.000000
0.000000,-25.255507,0.000000
0.000000,-24.562492,0.000000
0.000000,-30.644821,0.000000
0.000000,-29.611433,0.000000
0.000000,-29.261269,0.000000
0.000000,-29.207914,0.000000
0.000000,-30.658611,0.000000
0.000000,-25.549374,0.000000
0.000000,-20.693394,0.000000
0.000000,-26.864714,0.000000
0.000000,-20.429567,0.000000
0.000000,-21.460508,0.000000
0.000000,-18.767523,0.000000
0.000000,-21.296356,0.000000
0.000000,-20.935068,0.000000
0.000000,-28.928019,0.000000
0.000000,-26.129780,0.000000
0.000000,-32.172413,0.000000
0.000000,-30.289492,0.000000
0.000000,-40.415226,0.000000
0.000000,-24.207344,0.000000
0.000000,-29.472872,0.000000
0.000000,-40.110330,0.000000
0.000000,-51.301407,0.000000
0.000000,-56.200195,0.000000
0.000000,-19.585680,0.000000
0.000000,-31.234032,0.000000
0.000000,-33.109997,0.000000
0.000000,-41.051888,0.000000
0.000000,-30.303728,0.000000
0.000000,-32.457882,0.000000
0.000000,-51.332860,0.000000
0.000000,-59.444195,0.000000
0.000000,-59.470170,0.000000
0.000000,-57.099420,0.000000
0.000000,-53.096670,0.000000
0.000000,-57.083996,0.000000
0.000000,-61.046806,0.000000
0.000000,-61.578655,0.000000
0.000000,-58.104645,0.000000
0.000000,-60.093240,0.000000
0.000000,-62.170326,0.000000
0.000000,-61.385420,0.000000
0.000000,-60.481510,0.000000
0.000000,-61.233826,0.000000
0.000000,-58.335220,0.000000
0.000000,-62.915200,0.000000
0.000000,-65.807600,0.000000
0.000000,-69.903800,0.000000
0.000000,-66.934250,0.000000
0.000000,-72.017500,0.000000
0.000000,-67.978000,0.000000
0.000000,-70.436005,0.000000
0.000000,-63.703922,0.000000
0.000000,-63.397503,0.000000
0.000000,-58.288210,0.000000
0.000000,-46.565840,0.000000
0.000000,-44.821090,0.000000
0.000000,-48.747658,0.000000
0.000000,-55.320644,0.000000
0.000000,-61.160730,0.000000
0.000000,-59.188488,0.000000
0.000000,-45.453250,0.000000
0.000000,-50.790220,0.000000
0.000000,-51.976070,0.000000
0.000000,-48.037395,0.000000
0.000000,-41.022945,0.000000
0.000000,-16.639770,0.000000
0.000000,-12.788711,0.000000
0.000000,0.729977,0.000000
0.000000,-15.272462,0.000000
0.000000,-30.739973,0.000000
0.000000,-21.187040,0.000000
0.000000,-11.888977,0.000000
0.000000,-3.521735,0.000000
0.000000,-4.829295,0.000000
0.000000,-4.731695,0.000000
0.000000,-7.790119,0.000000
0.000000,4.873425,0.000000
0.000000,4.323296,0.000000
0.000000,0.579696,0.000000
0.000000,0.886387,0.000000
0.000000,3.164148,0.000000
0.000000,4.353670,0.000000
0.000000,9.179530,0.000000
0.000000,11.096250,0.000000
0.000000,9.262095,0.000000
0.000000,9.185031,0.000000
0.000000,1.324417,0.000000
0.000000,10.681938,0.000000
0.000000,7.048552,0.000000
0.000000,4.588589,0.000000
0.000000,10.775953,0.000000
0.000000,8.655771,0.000000
0.000000,2.870025,0.000000
0.000000,0.729572,0.000000
0.000000,3.647531,0.000000
0.000000,3.032992,0.000000
0.000000,4.873527,0.000000
0.000000,2.600646,0.000000
0.000000,3.024303,0.000000
0.000000,3.001944,0.000000
0.000000,0.898587,0.000000
0.000000,1.788065,0.000000
0.000000,2.793160,0.000000
0.000000,3.082788,0.000000
0.000000,6.238866,0.000000
0.000000,2.047167,0.000000
0.000000,-1.696524,0.000000
0.000000,-0.577982,0.000000
0.000000,0.810958,0.000000
0.000000,-0.747470,0.000000
0.000000,-0.894504,0.000000
0.000000,-0.382555,0.000000
0.000000,0.217108,0.000000
0.000000,-2.728986,0.000000
0.000000,0.750271,0.000000
0.000000,1.689101,0.000000
0.000000,-0.579263,0.000000
0.000000,1.908810,0.000000
0.000000,4.134227,0.000000
0.000000,3.683187,0.000000
0.000000,3.240707,0.000000
0.000000,4.233545,0.000000
0.000000,2.098060,0.000000
0.000000,2.010212,0.000000
0.000000,-1.851872,0.000000
0.000000,3.897105,0.000000
0.000000,3.648547,0.000000
0.000000,3.623575,0.000000
0.000000,4.207569,0.000000
0.000000,5.452181,0.000000
0.000000,4.549464,0.000000
0.000000,2.032857,0.000000
0.000000,5.796874,0.000000
0.000000,3.504322,0.000000
0.000000,6.064467,0.000000
0.000000,3.751899,0.000000
0.000000,4.077384,0.000000
0.000000,3.298842,0.000000
0.000000,1.432797,0.000000
0.000000,2.002790,0.000000
0.000000,0.838885,0.000000
0.000000,2.277459,0.000000
0.000000,2.054972,0.000000
0.000000,1.855608,0.000000
0.000000,0.703401,0.000000
0.000000,0.243937,0.000000
0.000000,0.603796,0.000000
0.000000,2.425699,0.000000
0.000000,0.510518,0.000000
0.000000,-0.267157,0.000000
0.000000,-0.718954,0.000000
0.000000,4.233695,0.000000
0.000000,-1.324509,0.000000
0.000000,-0.880665,0.000000
0.000000,4.734476,0.000000
0.000000,3.349765,0.000000
0.000000,4.237817,0.000000
0.000000,2.863533,0.000000
0.000000,3.303950,0.000000
0.000000,4.810972,0.000000
0.000000,5.429675,0.000000
0.000000,3.987557,0.000000
0.000000,3.161448,0.000000
0.000000,1.472185,0.000000
0.000000,3.095866,0.000000
0.000000,5.999195,0.000000
0.000000,3.172631,0.000000
0.000000,2.679911,0.000000
0.000000,3.396913,0.000000
0.000000,2.148934,0.000000
0.000000,-0.228442,0.000000
0.000000,4.446787,0.000000
0.000000,1.551323,0.000000
0.000000,3.629292,0.000000
0.000000,4.458585,0.000000
0.000000,-0.223003,0.000000
0.000000,-1.561953,0.000000
0.000000,-1.323756,0.000000
0.000000,1.190097,0.000000
0.000000,-1.375057,0.000000
0.000000,0.825077,0.000000
0.000000,-1.194710,0.000000
0.000000,-0.180268,0.000000
0.000000,1.344037,0.000000
0.000000,0.369434,0.000000
0.000000,-1.521400,0.000000
0.000000,-1.413737,0.000000
0.000000,-1.841033,0.000000
0.000000,4.432086,0.000000
0.000000,-1.527204,0.000000
0.000000,-1.946886,0.000000
0.000000,0.042536,0.000000
0.000000,0.202566,0.000000
0.000000,1.360877,0.000000
0.000000,0.606011,0.000000
0.000000,1.116854,0.000000
0.000000,-0.101188,0.000000
0.000000,0.793707,0.000000
0.000000,-0.003975,0.000000
0.000000,-0.233101,0.000000
0.000000,-0.027066,0.000000
0.000000,-2.573251,0.000000
0.000000,0.757721,0.000000
0.000000,-0.293027,0.000000
0.000000,-0.583723,0.000000
0.000000,-0.047263,0.000000
0.000000,-1.148310,0.000000
0.000000,0.048917,0.000000
0.000000,-0.266685,0.000000
0.000000,2.095740,0.000000
0.000000,1.602665,0.000000
0.000000,2.223158,0.000000
0.000000,3.357197,0.000000
0.000000,-0.572054,0.000000
0.000000,3.104298,0.000000
0.000000,0.695968,0.000000
0.000000,0.865986,0.000000
0.000000,2.247042,0.000000
0.000000,3.234298,0.000000
0.000000,2.594122,0.000000
0.000000,2.663293,0.000000
0.000000,3.308545,0.000000
0.000000,2.028965,0.000000
0.000000,0.900484,0.000000
0.000000,5.397885,0.000000
0.000000,2.650042,0.000000
0.000000,2.954519,0.000000
0.000000,2.466172,0.000000
0.000000,2.331485,0.000000
0.000000,0.922909,0.000000
0.000000,3.995380,0.000000
0.000000,3.242666,0.000000
0.000000,4.255987,0.000000
0.000000,1.911790,0.000000
0.000000,1.669688,0.000000
0.000000,0.983703,0.000000
0.000000,0.372219,0.000000
0.000000,0.779652,0.000000
0.000000,1.695195,0.000000
0.000000,1.317132,0.000000
0.000000,-0.349642,0.000000
0.000000,-4.220575,0.000000
0.000000,3.317274,0.000000
0.000000,2.858952,0.000000
0.000000,1.949647,0.000000
0.000000,2.254269,0.000000
0.000000,2.257413,0.000000
0.000000,1.137721,0.000000
0.000000,-0.418069,0.000000
0.000000,-3.321121,0.000000
0.000000,3.142756,0.000000
0.000000,2.545263,0.000000
0.000000,2.747660,0.000000
0.000000,2.251124,0.000000
0.000000,2.696025,0.000000
0.000000,0.605867,0.000000
0.000000,0.969371,0.000000
0.000000,1.822400,0.000000
0.000000,3.056821,0.000000
0.000000,2.268978,0.000000
0.000000,0.991441,0.000000
0.000000,0.986499,0.000000
0.000000,1.661600,0.000000
0.000000,1.142578,0.000000
0.000000,1.388443,0.000000
0.000000,1.691178,0.000000
0.000000,0.097758,0.000000
0.000000,1.440425,0.000000
0.000000,-0.738618,0.000000
0.000000,0.785631,0.000000
0.000000,-0.391228,0.000000
0.000000,0.563562,0.000000
0.000000,-0.184730,0.000000
0.000000,2.576611,0.000000
0.000000,1.787314,0.000000
0.000000,1.407999,0.000000
0.000000,2.814070,0.000000
0.000000,0.983020,0.000000
0.000000,1.689112,0.000000
0.000000,0.659868,0.000000
0.000000,0.856039,0.000000
0.000000,1.148440,0.000000
0.000000,3.135068,0.000000
0.000000,-0.954675,0.000000
0.000000,0.167804,0.000000
0.000000,1.474379,0.000000
0.000000,4.922772,0.000000
0.000000,2.436717,0.000000
0.000000,1.151066,0.000000
0.000000,0.577776,0.000000
0.000000,0.135839,0.000000
0.000000,-0.227161,0.000000
0.000000,-0.437039,0.000000
0.000000,-0.778047,0.000000
0.000000,-0.500587,0.000000
0.000000,0.417202,0.000000
0.000000,0.151485,0.000000
0.000000,-1.805106,0.000000
0.000000,0.462260,0.000000
0.000000,0.185319,0.000000
0.000000,-0.225852,0.000000
0.000000,-0.080580,0.000000
0.000000,1.615073,0.000000
0.000000,0.364050,0.000000
0.000000,-1.415924,0.000000
0.000000,1.840947,0.000000
0.000000,-0.831489,0.000000
0.000000,3.753278,0.000000
0.000000,0.788469,0.000000
0.000000,0.692872,0.000000
0.000000,0.891654,0.000000
0.000000,-0.038888,0.000000
0.000000,0.257535,0.000000
0.000000,-0.442208,0.000000
0.000000,0.935587,0.000000
0.000000,-0.397226,0.000000
0.000000,1.388702,0.000000
0.000000,2.011608,0.000000
0.000000,0.411063,0.000000
0.000000,2.844768,0.000000
0.000000,1.758436,0.000000
0.000000,3.896302,0.000000
0.000000,-0.111752,0.000000
0.000000,0.805942,0.000000
0.000000,2.765572,0.000000
0.000000,-4.347031,0.000000
0.000000,-0.464238,0.000000
0.000000,-0.167467,0.000000
0.000000,1.778862,0.000000
0.000000,0.914346,0.000000
0.000000,-1.475659,0.000000
0.000000,0.973641,0.000000
0.000000,-3.475817,0.000000
0.000000,-2.001948,0.000000
0.000000,-4.556757,0.000000
0.000000,0.693226,0.000000
0.000000,-1.440890,0.000000
0.000000,-2.674648,0.000000
0.000000,-1.557668,0.000000
0.000000,2.012292,0.000000
0.000000,-1.275658,0.000000
0.000000,0.645708,0.000000
0.000000,-0.087224,0.000000
0.000000,-2.224932,0.000000
0.000000,-0.826146,0.000000
0.000000,0.757728,0.000000
0.000000,-0.349480,0.000000
0.000000,0.118595,0.000000
0.000000,-2.114134,0.000000
0.000000,-2.311057,0.000000
0.000000,-1.710918,0.000000
0.000000,-1.069182,0.000000
0.000000,-2.054983,0.000000
0.000000,-2.364197,0.000000
0.000000,-0.320602,0.000000
0.000000,-1.089468,0.000000
0.000000,-1.651299,0.000000
0.000000,-9.881755,0.000000
0.000000,-2.880315,0.000000
0.000000,-5.908433,0.000000
0.000000,-3.061050,0.000000
0.000000,-2.931798,0.000000
0.000000,-2.831857,0.000000
0.000000,-1.955331,0.000000
0.000000,-0.314250,0.000000
0.000000,-2.431666,0.000000
0.000000,-2.042720,0.000000
0.000000,9.296868,0.000000
0.000000,-3.620187,0.000000
0.000000,0.397025,0.000000
0.000000,-0.944350,0.000000
0.000000,-2.187435,0.000000
0.000000,0.140328,0.000000
0.000000,0.138074,0.000000
0.000000,-1.686856,0.000000
0.000000,0.959859,0.000000
0.000000,0.819877,0.000000
0.000000,-0.115176,0.000000
0.000000,-1.914226,0.000000
0.000000,-1.887590,0.000000
0.000000,1.766603,0.000000
0.000000,0.702268,0.000000
0.000000,0.839906,0.000000
0.000000,0.105547,0.000000
0.000000,1.623624,0.000000
0.000000,3.259727,0.000000
0.000000,1.838292,0.000000
0.000000,-2.381103,0.000000
0.000000,1.369707,0.000000
0.000000,1.497191,0.000000
0.000000,-1.299346,0.000000
0.000000,2.145268,0.000000
0.000000,2.215796,0.000000
0.000000,-0.555865,0.000000
0.000000,0.692326,0.000000
0.000000,1.582255,0.000000
0.000000,1.511032,0.000000
0.000000,4.482208,0.000000
0.000000,1.734334,0.000000
0.000000,0.084287,0.000000
0.000000,3.123786,0.000000
0.000000,-1.007461,0.000000
0.000000,1.319825,0.000000
0.000000,3.419413,0.000000
0.000000,1.390350,0.000000
0.000000,1.578781,0.000000
0.000000,-0.123970,0.000000
0.000000,-1.828815,0.000000
0.000000,-1.397930,0.000000
0.000000,-0.504779,0.000000
0.000000,-1.457261,0.000000
0.000000,-1.869577,0.000000
0.000000,-3.678818,0.000000
0.000000,-6.028759,0.000000
0.000000,-10.228078,0.000000
0.000000,-6.583647,0.000000
0.000000,-4.782180,0.000000
0.000000,-5.609788,0.000000
0.000000,-8.898301,0.000000
0.000000,-10.867797,0.000000
0.000000,-7.104172,0.000000
0.000000,-8.943903,0.000000
0.000000,-7.816033,0.000000
0.000000,-8.088103,0.000000
0.000000,-6.192606,0.000000
0.000000,-7.730827,0.000000
0.000000,-4.461310,0.000000
0.000000,-8.997399,0.000000
0.000000,-7.528691,0.000000
0.000000,-11.066606,0.000000
0.000000,-9.565914,0.000000
0.000000,-12.435343,0.000000
0.000000,-13.197556,0.000000
0.000000,-13.555212,0.000000
0.000000,-15.879446,0.000000
0.000000,-17.375935,0.000000
0.000000,-14.370841,0.000000
0.000000,-11.190156,0.000000
0.000000,-11.812014,0.000000
0.000000,-10.743642,0.000000
0.000000,-13.049737,0.000000
0.000000,-11.530023,0.000000
0.000000,-9.312692,0.000000
0.000000,-17.416613,0.000000
0.000000,-12.709031,0.000000
0.000000,-11.402851,0.000000
0.000000,-11.835985,0.000000
0.000000,-10.354993,0.000000
0.000000,-11.144107,0.000000
0.000000,-11.996791,0.000000
0.000000,-11.771989,0.000000
0.000000,-14.774799,0.000000
0.000000,-17.388477,0.000000
0.000000,-12.746299,0.000000
0.000000,-12.059081,0.000000
0.000000,-16.148046,0.000000
0.000000,-19.705458,0.000000
0.000000,-22.153345,0.000000
0.000000,-18.949932,0.000000
0.000000,-15.607959,0.000000
0.000000,-16.258713,0.000000
0.000000,-14.536551,0.000000
0.000000,-14.172869,0.000000
0.000000,-13.953429,0.000000
0.000000,-15.245852,0.000000
0.000000,-15.462037,0.000000
0.000000,-14.138090,0.000000
0.000000,-13.756447,0.000000
0.000000,-14.260048,0.000000
0.000000,-12.874174,0.000000
0.000000,-12.935463,0.000000
0.000000,-10.023421,0.000000
0.000000,-8.472185,0.000000
0.000000,-8.905209,0.000000
0.000000,-9.659186,0.000000
0.000000,-13.256858,0.000000
0.000000,-12.303349,0.000000
0.000000,-11.795713,0.000000
0.000000,0.533657,0.000000
0.000000,-5.468173,0.000000
0.000000,1.350654,0.000000
0.000000,-1.531409,0.000000
0.000000,-0.406559,0.000000
0.000000,-2.694132,0.000000
0.000000,-2.735473,0.000000
0.000000,-4.629413,0.000000
0.000000,-6.472370,0.000000
0.000000,-4.398329,0.000000
0.000000,-7.326341,0.000000
0.000000,-3.263457,0.000000
0.000000,-2.716297,0.000000
0.000000,-4.606069,0.000000
0.000000,-2.308144,0.000000
0.000000,-8.151339,0.000000
0.000000,3.123151,0.000000
0.000000,8.085687,0.000000
0.000000,3.292667,0.000000
0.000000,-1.968299,0.000000
0.000000,1.162431,0.000000
0.000000,7.213683,0.000000
0.000000,17.817959,0.000000
0.000000,27.150806,0.000000
0.000000,28.268824,0.000000
0.000000,23.754805,0.000000
0.000000,24.490210,0.000000
0.000000,28.141003,0.000000
0.000000,29.390009,0.000000
0.000000,32.481970,0.000000
0.000000,40.017920,0.000000
0.000000,35.906590,0.000000
0.000000,37.827927,0.000000
0.000000,39.231080,0.000000
0.000000,46.729890,0.000000
0.000000,32.132328,0.000000
0.000000,51.579030,0.000000
0.000000,50.176280,0.000000
0.000000,54.144230,0.000000
0.000000,52.778767,0.000000
0.000000,52.890755,0.000000
0.000000,52.828796,0.000000
0.000000,46.885990,0.000000
0.000000,18.646880,0.000000
0.000000,56.570175,0.000000
0.000000,55.983150,0.000000
0.000000,52.501880,0.000000
0.000000,50.875572,0.000000
0.000000,50.890300,0.000000
0.000000,50.904434,0.000000
0.000000,47.769993,0.000000
0.000000,41.681007,0.000000
0.000000,16.894793,0.000000
0.000000,34.193170,0.000000
0.000000,37.263230,0.000000
0.000000,38.150830,0.000000
0.000000,20.077860,0.000000
0.000000,9.442695,0.000000
0.000000,8.824832,0.000000
0.000000,7.562844,0.000000
0.000000,11.720177,0.000000
0.000000,10.511595,0.000000
0.000000,14.221505,0.000000
0.000000,13.431612,0.000000
0.000000,7.233880,0.000000
0.000000,-2.222226,0.000000
0.000000,-6.427881,0.000000
0.000000,-3.839088,0.000000
0.000000,-13.528103,0.000000
0.000000,-13.032559,0.000000
0.000000,-11.658985,0.000000
0.000000,-11.709147,0.000000
0.000000,6.603619,0.000000
0.000000,-23.657970,0.000000
0.000000,-39.663277,0.000000
0.000000,-51.196230,0.000000
0.000000,-51.151005,0.000000
0.000000,-52.644627,0.000000
0.000000,-51.612194,0.000000
0.000000,-52.165962,0.000000
0.000000,-56.479740,0.000000
0.000000,-54.614440,0.000000
0.000000,-61.112550,0.000000
0.000000,-63.865505,0.000000
0.000000,-58.308730,0.000000
0.000000,-57.276500,0.000000
0.000000,-54.171610,0.000000
0.000000,-65.041860,0.000000
0.000000,-68.670110,0.000000
0.000000,-61.300700,0.000000
0.000000,-67.988144,0.000000
0.000000,-68.616230,0.000000
0.000000,-72.795870,0.000000
0.000000,-74.637410,0.000000
0.000000,-74.735810,0.000000
0.000000,-73.225230,0.000000
0.000000,-70.954940,0.000000
0.000000,-70.817700,0.000000
0.000000,-77.763780,0.000000
0.000000,-74.930670,0.000000
0.000000,-76.394010,0.000000
0.000000,-76.662500,0.000000
0.000000,-75.180534,0.000000
0.000000,-69.385850,0.000000
0.000000,-61.473793,0.000000
0.000000,-53.723260,0.000000
0.000000,-60.551224,0.000000
0.000000,-38.620144,0.000000
0.000000,-47.234207,0.000000
0.000000,-47.553000,0.000000
0.000000,-46.639755,0.000000
0.000000,-48.524216,0.000000
0.000000,-36.620686,0.000000
0.000000,-19.476416,0.000000
0.000000,-9.502448,0.000000
0.000000,-8.776706,0.000000
0.000000,1.169018,0.000000
0.000000,-7.192904,0.000000
0.000000,3.016253,0.000000
0.000000,0.205482,0.000000
0.000000,-3.636594,0.000000
0.000000,2.881900,0.000000
0.000000,5.352727,0.000000
0.000000,14.598182,0.000000
0.000000,29.285612,0.000000
0.000000,27.695932,0.000000
0.000000,25.643982,0.000000
0.000000,38.191048,0.000000
0.000000,37.445423,0.000000
0.000000,32.358715,0.000000
0.000000,32.002155,0.000000
0.000000,31.604662,0.000000
0.000000,31.721610,0.000000
0.000000,30.964716,0.000000
0.000000,41.717545,0.000000
0.000000,19.054540,0.000000
0.000000,53.597100,0.000000
0.000000,56.238995,0.000000
0.000000,53.999040,0.000000
0.000000,51.791798,0.000000
0.000000,52.061787,0.000000
0.000000,54.398396,0.000000
0.000000,24.752428,0.000000
0.000000,26.949920,0.000000
0.000000,27.235195,0.000000
0.000000,25.299854,0.000000
0.000000,22.577248,0.000000
0.000000,24.454770,0.000000
0.000000,24.035900,0.000000
0.000000,22.900020,0.000000
0.000000,23.318537,0.000000
0.000000,26.429329,0.000000
0.000000,27.188124,0.000000
0.000000,20.645714,0.000000
0.000000,30.265210,0.000000
0.000000,27.855074,0.000000
0.000000,29.191816,0.000000
0.000000,32.112710,0.000000
0.000000,33.131170,0.000000
0.000000,-9.086858,0.000000
0.000000,-2.681469,0.000000
0.000000,2.691387,0.000000
0.000000,1.386480,0.000000
0.000000,12.734418,0.000000
0.000000,24.233603,0.000000
0.000000,28.045020,0.000000
0.000000,27.414051,0.000000
0.000000,23.439838,0.000000
0.000000,22.768143,0.000000
0.000000,14.232376,0.000000
0.000000,19.265142,0.000000
0.000000,4.089543,0.000000
0.000000,0.274369,0.000000
0.000000,-13.877309,0.000000
0.000000,-3.653904,0.000000
0.000000,-1.413798,0.000000
0.000000,-6.260405,0.000000
0.000000,-19.612116,0.000000
0.000000,-4.122187,0.000000
0.000000,-23.855486,0.000000
0.000000,-41.636997,0.000000
0.000000,-35.088974,0.000000
0.000000,-40.333935,0.000000
0.000000,-37.449978,0.000000
0.000000,-31.663637,0.000000
0.000000,-36.183804,0.000000
0.000000,-54.761177,0.000000
0.000000,-50.583805,0.000000
0.000000,-39.009315,0.000000
0.000000,-50.902794,0.000000
0.000000,-52.928620,0.000000
0.000000,-51.313797,0.000000
0.000000,-41.370000,0.000000
0.000000,-50.118090,0.000000
0.000000,-62.867126,0.000000
0.000000,-55.774550,0.000000
0.000000,-55.212307,0.000000
0.000000,-58.963127,0.000000
0.000000,-56.551403,0.000000
0.000000,-55.766663,0.000000
0.000000,-56.641900,0.000000
0.000000,-58.298400,0.000000
0.000000,-59.505420,0.000000
0.000000,-61.058334,0.000000
0.000000,-63.616127,0.000000
0.000000,-67.159645,0.000000
0.000000,-66.528890,0.000000
0.000000,-64.578200,0.000000
0.000000,-65.935715,0.000000
0.000000,-66.039185,0.000000
0.000000,-66.945220,0.000000
0.000000,-65.223090,0.000000
0.000000,-63.907350,0.000000
0.000000,-66.338860,0.000000
0.000000,-68.638530,0.000000
0.000000,-73.001884,0.000000
0.000000,-70.323830,0.000000
0.000000,-71.264015,0.000000
0.000000,-69.335810,0.000000
0.000000,-72.056530,0.000000
0.000000,-66.918304,0.000000
0.000000,-61.043015,0.000000
0.000000,-61.237360,0.000000
0.000000,-65.152920,0.000000
0.000000,-35.685090,0.000000
0.000000,-38.267440,0.000000
0.000000,-31.894140,0.000000
0.000000,-33.125650,0.000000
0.000000,-30.616762,0.000000
0.000000,-0.792394,0.000000
0.000000,-2.196935,0.000000
0.000000,12.394450,0.000000
0.000000,13.478308,0.000000
0.000000,-12.002131,0.000000
0.000000,-5.936851,0.000000
0.000000,-13.106104,0.000000
0.000000,-7.844316,0.000000
0.000000,2.064181,0.000000
0.000000,12.207322,0.000000
0.000000,21.396336,0.000000
0.000000,25.722893,0.000000
0.000000,24.250319,0.000000
0.000000,32.530720,0.000000
0.000000,46.580257,0.000000
0.000000,43.524260,0.000000
0.000000,46.737500,0.000000
0.000000,50.639100,0.000000
0.000000,54.380074,0.000000
0.000000,52.263763,0.000000
0.000000,52.782368,0.000000
0.000000,48.059670,0.000000
0.000000,20.859920,0.000000
0.000000,45.345898,0.000000
0.000000,49.514840,0.000000
0.000000,50.196873,0.000000
0.000000,45.829872,0.000000
0.000000,49.103294,0.000000
0.000000,21.699112,0.000000
0.000000,24.314089,0.000000
0.000000,45.562878,0.000000
0.000000,29.039907,0.000000
0.000000,49.977390,0.000000
0.000000,49.230450,0.000000
0.000000,49.413113,0.000000
0.000000,47.218640,0.000000
0.000000,50.325367,0.000000
0.000000,49.787643,0.000000
0.000000,50.373363,0.000000
0.000000,44.073420,0.000000
0.000000,46.712560,0.000000
0.000000,31.092290,0.000000
0.000000,23.967684,0.000000
0.000000,26.211046,0.000000
0.000000,26.131500,0.000000
0.000000,42.075800,0.000000
0.000000,47.986780,0.000000
0.000000,46.985374,0.000000
0.000000,48.690300,0.000000
0.000000,48.779854,0.000000
0.000000,49.892483,0.000000
0.000000,44.728344,0.000000
0.000000,50.292550,0.000000
0.000000,43.537150,0.000000
0.000000,39.301712,0.000000
0.000000,33.450300,0.000000
0.000000,31.321947,0.000000
0.000000,28.352488,0.000000
0.000000,27.845253,0.000000
0.000000,24.467424,0.000000
0.000000,21.272612,0.000000
0.000000,26.431953,0.000000
0.000000,25.547102,0.000000
0.000000,22.131407,0.000000
0.000000,19.007523,0.000000
0.000000,30.999657,0.000000
0.000000,0.446159,0.000000
0.000000,4.505332,0.000000
0.000000,-2.200731,0.000000
0.000000,-12.617499,0.000000
0.000000,-2.368403,0.000000
0.000000,-2.502010,0.000000
0.000000,-5.207998,0.000000
0.000000,-7.235867,0.000000
0.000000,0.477148,0.000000
0.000000,11.179050,0.000000
0.000000,11.068883,0.000000
0.000000,3.814874,0.000000
0.000000,-0.645100,0.000000
0.000000,-2.476575,0.000000
0.000000,0.200810,0.000000
0.000000,-1.693594,0.000000
0.000000,0.136068,0.000000
0.000000,1.296306,0.000000
0.000000,-4.509647,0.000000
0.000000,4.711275,0.000000
0.000000,-1.364632,0.000000
0.000000,2.923821,0.000000
0.000000,0.875107,0.000000
0.000000,-1.364444,0.000000
0.000000,-1.342035,0.000000
0.000000,-1.444488,0.000000
0.000000,-2.712517,0.000000
0.000000,-4.216528,0.000000
0.000000,-2.325764,0.000000
0.000000,-2.791531,0.000000
0.000000,-2.543210,0.000000
0.000000,-3.547547,0.000000
0.000000,-4.328103,0.000000
0.000000,-18.315008,0.000000
0.000000,-2.268036,0.000000
0.000000,-3.086794,0.000000
0.000000,-2.505044,0.000000
0.000000,-1.988266,0.000000
0.000000,0.288815,0.000000
0.000000,-0.535987,0.000000
0.000000,-2.321920,0.000000
0.000000,-0.615039,0.000000
0.000000,0.533559,0.000000
0.000000,0.000208,0.000000
0.000000,-0.029228,0.000000
0.000000,-0.786076,0.000000
0.000000,-3.716115,0.000000
0.000000,-0.832667,0.000000
0.000000,4.312861,0.000000
0.000000,-6.850578,0.000000
0.000000,-0.217551,0.000000
0.000000,-5.542526,0.000000
0.000000,-3.485489,0.000000
0.000000,-7.581604,0.000000
0.000000,3.142335,0.000000
0.000000,-3.959679,0.000000
0.000000,-3.675997,0.000000
0.000000,-2.267864,0.000000
0.000000,-5.087101,0.000000
0.000000,-0.416664,0.000000
0.000000,-1.134302,0.000000
0.000000,-2.504937,0.000000
0.000000,-4.571583,0.000000
0.000000,-1.419959,0.000000
0.000000,-4.164957,0.000000
0.000000,-0.482132,0.000000
0.000000,-2.550464,0.000000
0.000000,-1.295445,0.000000
0.000000,7.305288,0.000000
0.000000,-3.928085,0.000000
0.000000,-3.261705,0.000000
0.000000,0.234616,0.000000
0.000000,-1.743274,0.000000
0.000000,-2.486835,0.000000
0.000000,-3.049657,0.000000
0.000000,-2.774433,0.000000
0.000000,-1.091140,0.000000
0.000000,-3.945749,0.000000
0.000000,-5.861337,0.000000
0.000000,1.074101,0.000000
0.000000,1.222214,0.000000
0.000000,-0.654660,0.000000
0.000000,2.609002,0.000000
0.000000,9.365910,0.000000
0.000000,2.531346,0.000000
0.000000,-2.501537,0.000000
0.000000,-0.498230,0.000000
0.000000,0.256318,0.000000
0.000000,-1.230622,0.000000
0.000000,2.638779,0.000000
0.000000,2.854857,0.000000
0.000000,1.541878,0.000000
0.000000,3.851204,0.000000
0.000000,-3.610078,0.000000
0.000000,-1.089790,0.000000
0.000000,-11.530407,0.000000
0.000000,-3.162334,0.000000
0.000000,1.216720,0.000000
0.000000,-4.404735,0.000000
0.000000,-3.753936,0.000000
0.000000,-2.697109,0.000000
0.000000,-5.477183,0.000000
0.000000,-5.546417,0.000000
0.000000,-0.717065,0.000000
0.000000,-1.790814,0.000000
0.000000,-7.355702,0.000000
0.000000,-9.014513,0.000000
0.000000,-8.726737,0.000000
0.000000,-6.481238,0.000000
0.000000,-5.188597,0.000000
0.000000,-1.705802,0.000000
0.000000,-5.393154,0.000000
0.000000,-6.752338,0.000000
0.000000,-5.760126,0.000000
0.000000,-7.193486,0.000000
0.000000,-7.141127,0.000000
0.000000,-3.795432,0.000000
0.000000,-4.315958,0.000000
0.000000,-7.904086,0.000000
0.000000,-7.138972,0.000000
0.000000,-7.835399,0.000000
0.000000,-3.726676,0.000000
0.000000,-5.464387,0.000000
0.000000,-17.309465,0.000000
0.000000,-4.033938,0.000000
0.000000,-3.690006,0.000000
0.000000,-7.233911,0.000000
0.000000,-7.694558,0.000000
0.000000,-2.871634,0.000000
0.000000,-9.111558,0.000000
0.000000,-0.611356,0.000000
0.000000,6.978795,0.000000
0.000000,0.935622,0.000000
0.000000,-5.558274,0.000000
0.000000,-5.578407,0.000000
0.000000,-1.153254,0.000000
0.000000,3.754991,0.000000
0.000000,4.137339,0.000000
0.000000,4.355124,0.000000
0.000000,2.978710,0.000000
0.000000,6.163010,0.000000
0.000000,6.076258,0.000000
0.000000,7.117641,0.000000
0.000000,-8.316754,0.000000
0.000000,8.457378,0.000000
0.000000,9.667306,0.000000
0.000000,11.089679,0.000000
0.000000,9.084795,0.000000
0.000000,7.378478,0.000000
0.000000,7.687154,0.000000
0.000000,5.454263,0.000000
0.000000,2.660421,0.000000
0.000000,2.022120,0.000000
0.000000,3.080808,0.000000
0.000000,3.403039,0.000000
0.000000,2.554662,0.000000
0.000000,-0.417733,0.000000
0.000000,-0.322241,0.000000
0.000000,-0.300116,0.000000
0.000000,0.109561,0.000000
0.000000,1.092975,0.000000
0.000000,0.696473,0.000000
0.000000,3.602117,0.000000
0.000000,2.463367,0.000000
0.000000,2.075663,0.000000
0.000000,1.854128,0.000000
0.000000,2.746542,0.000000
0.000000,6.402754,0.000000
0.000000,11.784068,0.000000
0.000000,8.072219,0.000000
0.000000,-2.847745,0.000000
0.000000,1.277161,0.000000
0.000000,-8.714575,0.000000
0.000000,-6.530745,0.000000
0.000000,-6.300971,0.000000
0.000000,-16.487750,0.000000
0.000000,-15.891043,0.000000
0.000000,-19.978281,0.000000
0.000000,-21.295240,0.000000
0.000000,-7.837321,0.000000
0.000000,17.822964,0.000000
0.000000,23.081188,0.000000
0.000000,25.962677,0.000000
0.000000,26.410158,0.000000
0.000000,24.907866,0.000000
0.000000,32.773113,0.000000
0.000000,24.075129,0.000000
0.000000,26.290033,0.000000
0.000000,24.976560,0.000000
0.000000,31.908518,0.000000
0.000000,39.115944,0.000000
0.000000,27.984837,0.000000
0.000000,42.416626,0.000000
0.000000,35.387634,0.000000
0.000000,51.960240,0.000000
0.000000,51.703915,0.000000
0.000000,49.833755,0.000000
0.000000,53.260230,0.000000
0.000000,30.516357,0.000000
0.000000,32.039500,0.000000
0.000000,28.960268,0.000000
0.000000,55.100224,0.000000
0.000000,50.671623,0.000000
0.000000,29.449610,0.000000
0.000000,27.830847,0.000000
0.000000,22.207780,0.000000
0.000000,28.315863,0.000000
0.000000,25.814226,0.000000
0.000000,26.581268,0.000000
0.000000,25.960466,0.000000
0.000000,26.927994,0.000000
0.000000,29.281792,0.000000
0.000000,53.672050,0.000000
0.000000,51.364635,0.000000
0.000000,11.488852,0.000000
0.000000,23.596474,0.000000
0.000000,25.526392,0.000000
0.000000,5.692762,0.000000
0.000000,-1.905772,0.000000
0.000000,-11.688073,0.000000
0.000000,-1.268295,0.000000
0.000000,6.995056,0.000000
0.000000,1.351451,0.000000
0.000000,-0.853391,0.000000
0.000000,4.449449,0.000000
0.000000,-1.622132,0.000000
0.000000,5.686626,0.000000
0.000000,-6.944706,0.000000
0.000000,-8.768067,0.000000
0.000000,-14.664807,0.000000
0.000000,-19.418957,0.000000
0.000000,-9.686136,0.000000
0.000000,-1.049671,0.000000
0.000000,-10.388362,0.000000
0.000000,-11.638418,0.000000
0.000000,-15.919901,0.000000
0.000000,-5.889142,0.000000
0.000000,-17.169680,0.000000
0.000000,-22.104443,0.000000
0.000000,-21.779530,0.000000
0.000000,-7.241797,0.000000
0.000000,-15.710385,0.000000
0.000000,-4.660986,0.000000
0.000000,-43.754005,0.000000
0.000000,-49.126720,0.000000
0.000000,-49.000084,0.000000
0.000000,-48.278194,0.000000
0.000000,-49.334870,0.000000
0.000000,-55.604374,0.000000
0.000000,-57.134617,0.000000
0.000000,-56.711903,0.000000
0.000000,-51.357980,0.000000
0.000000,-43.206196,0.000000
0.000000,-54.637560,0.000000
0.000000,-63.843025,0.000000
0.000000,-67.646645,0.000000
0.000000,-62.257504,0.000000
0.000000,-73.000160,0.000000
0.000000,-76.971080,0.000000
0.000000,-72.308810,0.000000
0.000000,-72.295540,0.000000
0.000000,-72.405170,0.000000
0.000000,-73.077910,0.000000
0.000000,-71.201210,0.000000
0.000000,-71.045845,0.000000
0.000000,-72.644910,0.000000
0.000000,-76.077040,0.000000
0.000000,-79.831960,0.000000
0.000000,-81.848710,0.000000
0.000000,-76.392660,0.000000
0.000000,-78.914140,0.000000
0.000000,-70.690900,0.000000
0.000000,-67.472244,0.000000
0.000000,-70.298386,0.000000
0.000000,-71.006120,0.000000
0.000000,-64.336750,0.000000
0.000000,-58.459380,0.000000
0.000000,-65.051020,0.000000
0.000000,-59.052334,0.000000
0.000000,-54.322247,0.000000
0.000000,-50.492535,0.000000
0.000000,-58.366055,0.000000
0.000000,-48.616962,0.000000
0.000000,-43.587050,0.000000
0.000000,-28.360480,0.000000
0.000000,-27.870330,0.000000
0.000000,-15.474426,0.000000
0.000000,-12.265949,0.000000
0.000000,-10.553951,0.000000
0.000000,-17.540337,0.000000
0.000000,-13.199307,0.000000
0.000000,2.289284,0.000000
0.000000,-5.830864,0.000000
0.000000,-5.169241,0.000000
0.000000,-6.746469,0.000000
0.000000,-4.063707,0.000000
0.000000,4.756509,0.000000
0.000000,3.121006,0.000000
0.000000,18.444633,0.000000
0.000000,22.588194,0.000000
0.000000,19.648994,0.000000
0.000000,23.198927,0.000000
0.000000,31.127167,0.000000
0.000000,38.539497,0.000000
0.000000,39.564350,0.000000
0.000000,25.401360,0.000000
0.000000,25.849174,0.000000
0.000000,45.338990,0.000000
0.000000,49.580467,0.000000
0.000000,54.049328,0.000000
0.000000,52.580334,0.000000
0.000000,53.112328,0.000000
0.000000,27.504631,0.000000
0.000000,33.118343,0.000000
0.000000,28.432915,0.000000
0.000000,29.361357,0.000000
0.000000,29.575367,0.000000
0.000000,28.769005,0.000000
0.000000,28.536861,0.000000
0.000000,29.209988,0.000000
0.000000,30.586187,0.000000
0.000000,29.867590,0.000000
0.000000,29.842648,0.000000
0.000000,32.569798,0.000000
0.000000,30.241040,0.000000
0.000000,33.317017,0.000000
0.000000,36.780937,0.000000
0.000000,27.655954,0.000000
0.000000,32.546947,0.000000
0.000000,28.829405,0.000000
0.000000,32.375930,0.000000
0.000000,35.860523,0.000000
0.000000,32.773940,0.000000
0.000000,33.613823,0.000000
0.000000,30.667835,0.000000
0.000000,30.927425,0.000000
0.000000,35.148853,0.000000
0.000000,35.219913,0.000000
0.000000,36.057800,0.000000
0.000000,34.979350,0.000000
0.000000,35.509120,0.000000
0.000000,36.657270,0.000000
0.000000,40.381130,0.000000
0.000000,39.604810,0.000000
0.000000,39.162550,0.000000
0.000000,39.655200,0.000000
0.000000,38.540405,0.000000
0.000000,39.249382,0.000000
0.000000,40.015514,0.000000
0.000000,40.362480,0.000000
0.000000,38.932858,0.000000
0.000000,39.918133,0.000000
0.000000,39.029250,0.000000
0.000000,32.506706,0.000000
0.000000,38.982025,0.000000
0.000000,38.775740,0.000000
0.000000,38.954407,0.000000
0.000000,37.516315,0.000000
0.000000,38.838234,0.000000
0.000000,38.964920,0.000000
0.000000,39.045555,0.000000
0.000000,38.213720,0.000000
0.000000,38.676110,0.000000
0.000000,38.971840,0.000000
0.000000,38.406230,0.000000
0.000000,37.432137,0.000000
0.000000,38.166023,0.000000
0.000000,38.798850,0.000000
0.000000,28.768782,0.000000
0.000000,37.551823,0.000000
0.000000,37.713367,0.000000
0.000000,38.339157,0.000000
0.000000,37.796524,0.000000
0.000000,34.548490,0.000000
0.000000,50.070835,0.000000
0.000000,46.146523,0.000000
0.000000,33.558580,0.000000
0.000000,36.672990,0.000000
0.000000,27.213392,0.000000
0.000000,32.360756,0.000000
0.000000,27.399925,0.000000
0.000000,26.814222,0.000000
0.000000,24.929580,0.000000
0.000000,23.809164,0.000000
0.000000,28.062567,0.000000
0.000000,19.159998,0.000000
0.000000,22.360956,0.000000
0.000000,9.382931,0.000000
0.000000,4.046608,0.000000
0.000000,2.257932,0.000000
0.000000,3.525019,0.000000
0.000000,4.139129,0.000000
0.000000,2.468203,0.000000
0.000000,-0.162788,0.000000
0.000000,0.994234,0.000000
0.000000,-8.715834,0.000000
0.000000,-6.152609,0.000000
0.000000,-6.950684,0.000000
0.000000,-7.062548,0.000000
0.000000,-5.897593,0.000000
0.000000,-7.183894,0.000000
0.000000,-5.594410,0.000000
0.000000,-8.046777,0.000000
0.000000,-3.114473,0.000000
0.000000,-5.620211,0.000000
0.000000,-9.297437,0.000000
0.000000,-16.105680,0.000000
0.000000,-8.398811,0.000000
0.000000,-20.137167,0.000000
0.000000,-9.384061,0.000000
0.000000,-9.804980,0.000000
0.000000,-6.108557,0.000000
0.000000,-6.768021,0.000000
0.000000,-9.116079,0.000000
0.000000,-2.369020,0.000000
0.000000,1.670034,0.000000
0.000000,-1.667896,0.000000
0.000000,-1.470222,0.000000
0.000000,-2.296812,0.000000
0.000000,-4.016062,0.000000
0.000000,-11.938053,0.000000
0.000000,-20.713991,0.000000
0.000000,-8.425631,0.000000
0.000000,-12.428779,0.000000
0.000000,-20.232546,0.000000
0.000000,-16.366318,0.000000
0.000000,-21.628986,0.000000
0.000000,-31.814522,0.000000
0.000000,-34.462955,0.000000
0.000000,-42.752132,0.000000
0.000000,-44.014465,0.000000
0.000000,-49.566093,0.000000
0.000000,-56.078014,0.000000
0.000000,-54.061703,0.000000
0.000000,-63.381584,0.000000
0.000000,-69.789640,0.000000
0.000000,-74.804620,0.000000
0.000000,-75.494705,0.000000
0.000000,-68.297350,0.000000
0.000000,-72.802510,0.000000
0.000000,-69.684370,0.000000
0.000000,-71.092570,0.000000
0.000000,-74.784700,0.000000
0.000000,-70.394270,0.000000
0.000000,-68.617970,0.000000
0.000000,-71.171140,0.000000
0.000000,-73.518616,0.000000
0.000000,-72.244520,0.000000
0.000000,-72.042750,0.000000
0.000000,-72.744446,0.000000
0.000000,-72.331024,0.000000
0.000000,-72.049980,0.000000
0.000000,-71.588130,0.000000
0.000000,-75.529050,0.000000
0.000000,-73.844680,0.000000
0.000000,-68.593925,0.000000
0.000000,-67.987500,0.000000
0.000000,-67.625496,0.000000
0.000000,-70.703000,0.000000
0.000000,-68.265300,0.000000
0.000000,-73.713066,0.000000
0.000000,-67.767380,0.000000
0.000000,-68.926926,0.000000
0.000000,-71.195170,0.000000
0.000000,-69.055600,0.000000
0.000000,-66.262020,0.000000
0.000000,-63.721390,0.000000
0.000000,-52.782192,0.000000
0.000000,-52.195114,0.000000
0.000000,-52.997578,0.000000
0.000000,-51.594654,0.000000
0.000000,-50.405277,0.000000
0.000000,-35.830307,0.000000
0.000000,-34.526085,0.000000
0.000000,-41.030434,0.000000
0.000000,-48.149390,0.000000
0.000000,-44.403120,0.000000
0.000000,-44.971058,0.000000
0.000000,-28.201225,0.000000
0.000000,-18.324970,0.000000
0.000000,-14.318046,0.000000
0.000000,-21.799223,0.000000
0.000000,-22.487696,0.000000
0.000000,-22.079292,0.000000
0.000000,-17.850790,0.000000
0.000000,-15.413618,0.000000
0.000000,-17.292444,0.000000
0.000000,-15.927858,0.000000
0.000000,-9.386352,0.000000
0.000000,-3.577650,0.000000
0.000000,-2.994279,0.000000
0.000000,-6.713313,0.000000
0.000000,-6.574380,0.000000
0.000000,-8.761229,0.000000
0.000000,-9.207970,0.000000
0.000000,-6.972931,0.000000
0.000000,-1.555992,0.000000
0.000000,-1.792902,0.000000
0.000000,6.858244,0.000000
0.000000,-0.858906,0.000000
0.000000,7.671677,0.000000
0.000000,10.420999,0.000000
0.000000,11.872677,0.000000
0.000000,13.104643,0.000000
0.000000,11.604297,0.000000
0.000000,18.084585,0.000000
0.000000,20.214666,0.000000
0.000000,24.235450,0.000000
0.000000,25.064804,0.000000
0.000000,33.470764,0.000000
0.000000,36.119410,0.000000
0.000000,29.695210,0.000000
0.000000,43.238190,0.000000
0.000000,42.235435,0.000000
0.000000,39.518528,0.000000
0.000000,40.134773,0.000000
0.000000,44.012066,0.000000
0.000000,43.859375,0.000000
0.000000,50.588210,0.000000
0.000000,46.106464,0.000000
0.000000,49.066890,0.000000
0.000000,47.971584,0.000000
0.000000,39.166380,0.000000
0.000000,39.624280,0.000000
0.000000,42.415850,0.000000
0.000000,42.694546,0.000000
0.000000,42.229034,0.000000
0.000000,42.891113,0.000000
0.000000,47.845734,0.000000
0.000000,49.387745,0.000000
0.000000,46.816970,0.000000
0.000000,28.108255,0.000000
0.000000,19.374977,0.000000
0.000000,27.387516,0.000000
0.000000,46.323063,0.000000
0.000000,48.493050,0.000000
0.000000,49.967510,0.000000
0.000000,50.750862,0.000000
0.000000,54.178944,0.000000
0.000000,53.793490,0.000000
0.000000,57.069190,0.000000
0.000000,56.085907,0.000000
0.000000,55.479733,0.000000
0.000000,45.723500,0.000000
0.000000,54.812870,0.000000
0.000000,52.182377,0.000000
0.000000,45.530594,0.000000
0.000000,30.218918,0.000000
0.000000,30.234571,0.000000
0.000000,34.075130,0.000000
0.000000,33.829150,0.000000
0.000000,36.607780,0.000000
0.000000,47.305550,0.000000
0.000000,28.323841,0.000000
0.000000,28.335445,0.000000
0.000000,26.069496,0.000000
0.000000,26.595753,0.000000
0.000000,28.215302,0.000000
0.000000,31.541756,0.000000
0.000000,29.946290,0.000000
0.000000,31.882835,0.000000
0.000000,31.199320,0.000000
0.000000,48.916900,0.000000
0.000000,54.880955,0.000000
0.000000,29.925068,0.000000
0.000000,29.333172,0.000000
0.000000,29.697110,0.000000
0.000000,31.471453,0.000000
0.000000,29.201052,0.000000
0.000000,26.749155,0.000000
0.000000,31.183590,0.000000
0.000000,27.496788,0.000000
0.000000,29.913662,0.000000
0.000000,30.062304,0.000000
0.000000,27.898783,0.000000
0.000000,27.058193,0.000000
0.000000,28.488642,0.000000
0.000000,28.074722,0.000000
0.000000,27.951502,0.000000
0.000000,28.742237,0.000000
0.000000,28.897738,0.000000
0.000000,29.797087,0.000000
0.000000,29.426748,0.000000
0.000000,29.574180,0.000000
0.000000,30.172552,0.000000
0.000000,29.917665,0.000000
0.000000,29.418360,0.000000
0.000000,29.512562,0.000000
0.000000,51.764324,0.000000
0.000000,54.415750,0.000000
0.000000,51.090668,0.000000
0.000000,50.751675,0.000000
0.000000,49.451970,0.000000
0.000000,46.543854,0.000000
0.000000,30.110704,0.000000
0.000000,31.941486,0.000000
0.000000,32.906876,0.000000
0.000000,30.574550,0.000000
0.000000,35.322180,0.000000
0.000000,33.654720,0.000000
0.000000,35.598263,0.000000
0.000000,35.653664,0.000000
0.000000,37.421658,0.000000
0.000000,39.219685,0.000000
0.000000,31.158298,0.000000
0.000000,31.048439,0.000000
0.000000,29.464922,0.000000
0.000000,29.985456,0.000000
0.000000,26.036858,0.000000
0.000000,22.321157,0.000000
0.000000,21.623960,0.000000
0.000000,18.615997,0.000000
0.000000,22.102987,0.000000
0.000000,15.104987,0.000000
0.000000,8.480055,0.000000
0.000000,1.724994,0.000000
0.000000,2.392392,0.000000
0.000000,-3.482261,0.000000
0.000000,6.892214,0.000000
0.000000,-3.053829,0.000000
0.000000,-2.666742,0.000000
0.000000,3.183948,0.000000
0.000000,-0.116933,0.000000
0.000000,-3.273431,0.000000
0.000000,-0.077363,0.000000
0.000000,-1.035201,0.000000
0.000000,-1.975813,0.000000
0.000000,-3.697895,0.000000
0.000000,-6.976290,0.000000
0.000000,-11.427561,0.000000
0.000000,-6.699138,0.000000
0.000000,-4.927720,0.000000
0.000000,-10.974865,0.000000
0.000000,-9.338458,0.000000
0.000000,-11.705694,0.000000
0.000000,-2.765058,0.000000
0.000000,-6.086641,0.000000
0.000000,-4.763258,0.000000
0.000000,-3.077749,0.000000
0.000000,-1.732596,0.000000
0.000000,-4.579636,0.000000
0.000000,-1.224488,0.000000
0.000000,-5.116375,0.000000
0.000000,-4.276286,0.000000
0.000000,-5.915971,0.000000
0.000000,-24.036980,0.000000
0.000000,-19.727497,0.000000
0.000000,-18.393452,0.000000
0.000000,-21.969380,0.000000
0.000000,-18.463210,0.000000
0.000000,-22.292290,0.000000
0.000000,-22.389090,0.000000
0.000000,-24.194784,0.000000
0.000000,-25.498812,0.000000
0.000000,-21.445910,0.000000
0.000000,-21.842194,0.000000
0.000000,-22.749830,0.000000
0.000000,-22.878796,0.000000
0.000000,-20.682364,0.000000
0.000000,-15.638218,0.000000
0.000000,-21.380573,0.000000
0.000000,-20.386220,0.000000
0.000000,-20.344400,0.000000
0.000000,-24.270267,0.000000
0.000000,-22.494030,0.000000
0.000000,-26.340176,0.000000
0.000000,-21.989857,0.000000
0.000000,-16.641365,0.000000
0.000000,-17.505922,0.000000
0.000000,-13.674793,0.000000
0.000000,-20.194046,0.000000
0.000000,-23.355130,0.000000
0.000000,-21.350138,0.000000
0.000000,-22.996601,0.000000
0.000000,-18.506496,0.000000
0.000000,-26.665148,0.000000
0.000000,-20.100860,0.000000
0.000000,-24.904188,0.000000
0.000000,-25.177025,0.000000
0.000000,-20.175447,0.000000
0.000000,-23.718752,0.000000
0.000000,-22.970030,0.000000
0.000000,-26.385532,0.000000
0.000000,-22.918541,0.000000
0.000000,-24.882504,0.000000
0.000000,-26.377214,0.000000
0.000000,-18.614193,0.000000
0.000000,-22.336212,0.000000
0.000000,-23.650944,0.000000
0.000000,-19.992353,0.000000
0.000000,-24.765139,0.000000
0.000000,-24.217981,0.000000
0.000000,-22.714502,0.000000
0.000000,-17.618640,0.000000
0.000000,-20.399864,0.000000
0.000000,-17.793724,0.000000
0.000000,-18.286806,0.000000
0.000000,-21.757120,0.000000
0.000000,-21.312124,0.000000
0.000000,-19.192257,0.000000
0.000000,-18.787664,0.000000
0.000000,-19.847290,0.000000
0.000000,-15.927760,0.000000
0.000000,-18.462446,0.000000
0.000000,-17.014431,0.000000
0.000000,-15.863799,0.000000
0.000000,-15.169561,0.000000
0.000000,-19.507904,0.000000
0.000000,-14.212552,0.000000
0.000000,-18.969000,0.000000
0.000000,-20.076225,0.000000
0.000000,-18.908140,0.000000
0.000000,-22.110909,0.000000
0.000000,-20.106314,0.000000
0.000000,-16.797085,0.000000
0.000000,-20.238080,0.000000
0.000000,-21.011953,0.000000
0.000000,-18.536520,0.000000
0.000000,-22.543846,0.000000
0.000000,-22.235483,0.000000
0.000000,-18.016365,0.000000
0.000000,-17.415339,0.000000
0.000000,-18.494015,0.000000
0.000000,-20.082397,0.000000
0.000000,-23.151981,0.000000
0.000000,-18.712900,0.000000
0.000000,-17.838980,0.000000
0.000000,-19.232110,0.000000
0.000000,-25.332073,0.000000
0.000000,-6.620603,0.000000
0.000000,-21.420095,0.000000
0.000000,-17.127277,0.000000
0.000000,-20.437275,0.000000
0.000000,-20.588858,0.000000
0.000000,-21.418993,0.000000
0.000000,-24.531700,0.000000
0.000000,-19.676287,0.000000
0.000000,-15.780247,0.000000
0.000000,-20.975200,0.000000
0.000000,-18.787907,0.000000
0.000000,-22.583553,0.000000
0.000000,-20.229229,0.000000
0.000000,-19.436977,0.000000
0.000000,-18.911064,0.000000
0.000000,-20.299706,0.000000
0.000000,-19.993195,0.000000
0.000000,-18.696350,0.000000
0.000000,-18.737427,0.000000
0.000000,-19.548412,0.000000
0.000000,-19.480513,0.000000
0.000000,-18.204762,0.000000
0.000000,-15.641770,0.000000
0.000000,-15.275862,0.000000
0.000000,-20.623234,0.000000
0.000000,-14.638691,0.000000
0.000000,-13.812826,0.000000
0.000000,-8.671356,0.000000
0.000000,-17.671432,0.000000
0.000000,-17.927376,0.000000
0.000000,-23.823881,0.000000
0.000000,-16.043207,0.000000
0.000000,-16.696665,0.000000
0.000000,-14.221610,0.000000
0.000000,-8.292843,0.000000
0.000000,-8.817366,0.000000
0.000000,-11.078276,0.000000
0.000000,-12.605783,0.000000
0.000000,-7.801175,0.000000
0.000000,-10.495639,0.000000
0.000000,-11.075995,0.000000
0.000000,-7.971042,0.000000
0.000000,-8.166162,0.000000
0.000000,-3.653825,0.000000
0.000000,-10.158643,0.000000
0.000000,-14.232006,0.000000
0.000000,-12.564188,0.000000
0.000000,-20.472725,0.000000
0.000000,-12.075743,0.000000
0.000000,-8.870007,0.000000
0.000000,-18.725248,0.000000
0.000000,-21.146667,0.000000
0.000000,-13.067236,0.000000
0.000000,-20.901714,0.000000
0.000000,-20.779120,0.000000
0.000000,-23.153803,0.000000
0.000000,-15.843761,0.000000
0.000000,-17.672306,0.000000
0.000000,-17.851292,0.000000
0.000000,-17.538519,0.000000
0.000000,-17.265236,0.000000
0.000000,-18.911993,0.000000
0.000000,-16.111248,0.000000
0.000000,-18.802473,0.000000
0.000000,-16.577246,0.000000
0.000000,-14.818781,0.000000
0.000000,-14.017952,0.000000
0.000000,-20.293741,0.000000
0.000000,-12.959627,0.000000
0.000000,-14.841584,0.000000
0.000000,-11.817363,0.000000
0.000000,-16.592684,0.000000
0.000000,-17.494814,0.000000
0.000000,-16.408100,0.000000
0.000000,-14.635916,0.000000
0.000000,-15.714891,0.000000
0.000000,-15.908049,0.000000
0.000000,-21.799097,0.000000
0.000000,-17.206928,0.000000
0.000000,-15.691139,0.000000
0.000000,-14.293604,0.000000
0.000000,-15.720813,0.000000
0.000000,-16.030956,0.000000
0.000000,-15.884210,0.000000
0.000000,-4.186140,0.000000
0.000000,-13.354886,0.000000
0.000000,-15.208664,0.000000
0.000000,-15.036791,0.000000
0.000000,-14.935597,0.000000
0.000000,-21.736927,0.000000
0.000000,-14.864810,0.000000
0.000000,-18.120245,0.000000
0.000000,-14.489878,0.000000
0.000000,-12.293722,0.000000
0.000000,-19.690240,0.000000
0.000000,-12.660515,0.000000
0.000000,-15.990428,0.000000
0.000000,-12.876923,0.000000
0.000000,-14.680491,0.000000
0.000000,-12.278691,0.000000
0.000000,-9.652668,0.000000
0.000000,-13.438650,0.000000
0.000000,-12.100727,0.000000
0.000000,-14.256436,0.000000
0.000000,-13.256830,0.000000
0.000000,-12.264606,0.000000
0.000000,-3.422750,0.000000
0.000000,-21.939217,0.000000
0.000000,-13.359956,0.000000
0.000000,-13.329862,0.000000
0.000000,-15.467397,0.000000
0.000000,-14.299630,0.000000
0.000000,-15.686606,0.000000
0.000000,-13.927508,0.000000
0.000000,-12.692841,0.000000
0.000000,-13.309060,0.000000
0.000000,-13.406991,0.000000
0.000000,-14.301858,0.000000
0.000000,-18.253563,0.000000
0.000000,-15.410242,0.000000
0.000000,-11.370525,0.000000
0.000000,-22.354208,0.000000
0.000000,-14.521010,0.000000
0.000000,-12.455487,0.000000
0.000000,-12.842696,0.000000
0.000000,-12.692205,0.000000
0.000000,-11.127661,0.000000
0.000000,-10.551324,0.000000
0.000000,-11.410709,0.000000
0.000000,-11.115004,0.000000
0.000000,-11.115940,0.000000
0.000000,-12.486524,0.000000
0.000000,-12.945829,0.000000
0.000000,-14.998885,0.000000
0.000000,-14.719212,0.000000
0.000000,-15.132524,0.000000
0.000000,-14.392053,0.000000
0.000000,-15.640712,0.000000
0.000000,-14.244671,0.000000
0.000000,-12.584674,0.000000
0.000000,-14.134415,0.000000
0.000000,-15.073316,0.000000
0.000000,-14.220292,0.000000
0.000000,-12.910336,0.000000
0.000000,-13.161662,0.000000
0.000000,-12.092673,0.000000
0.000000,-14.902521,0.000000
0.000000,-12.953288,0.000000
0.000000,-12.402354,0.000000
0.000000,-12.735571,0.000000
0.000000,-11.499483,0.000000
0.000000,-10.684904,0.000000
0.000000,-13.546535,0.000000
0.000000,-12.044040,0.000000
0.000000,-13.319742,0.000000
0.000000,-12.637421,0.000000
0.000000,-13.299062,0.000000
0.000000,-13.173504,0.000000
0.000000,-9.809310,0.000000
0.000000,-12.835259,0.000000
0.000000,-10.628268,0.000000
0.000000,-13.654543,0.000000
0.000000,-12.865484,0.000000
0.000000,-14.437350,0.000000
0.000000,-10.492337,0.000000
0.000000,-10.385694,0.000000
0.000000,-12.762252,0.000000
0.000000,-10.737370,0.000000
0.000000,-14.270962,0.000000
0.000000,-9.278640,0.000000
0.000000,-16.687336,0.000000
0.000000,-17.335361,0.000000
0.000000,-20.518257,0.000000
0.000000,-18.903912,0.000000
0.000000,-16.385588,0.000000
0.000000,-16.974249,0.000000
0.000000,-6.437169,0.000000
0.000000,-1.903484,0.000000
0.000000,0.602513,0.000000
0.000000,1.047525,0.000000
0.000000,-10.546942,0.000000
0.000000,-2.865703,0.000000
0.000000,4.910688,0.000000
0.000000,23.330702,0.000000
0.000000,23.201712,0.000000
0.000000,21.680286,0.000000
0.000000,28.591288,0.000000
0.000000,29.794512,0.000000
0.000000,30.389395,0.000000
0.000000,13.960761,0.000000
0.000000,27.255114,0.000000
0.000000,34.979225,0.000000
0.000000,40.454643,0.000000
0.000000,39.199220,0.000000
0.000000,46.653545,0.000000
0.000000,35.505592,0.000000
0.000000,31.231926,0.000000
0.000000,29.282322,0.000000
0.000000,46.598890,0.000000
0.000000,51.201730,0.000000
0.000000,50.722880,0.000000
0.000000,47.993816,0.000000
0.000000,47.387910,0.000000
0.000000,50.020660,0.000000
0.000000,51.678814,0.000000
0.000000,51.148840,0.000000
0.000000,50.207800,0.000000
0.000000,50.222340,0.000000
0.000000,51.477300,0.000000
0.000000,50.619160,0.000000
0.000000,49.675270,0.000000
0.000000,52.032330,0.000000
0.000000,50.208652,0.000000
0.000000,50.587444,0.000000
0.000000,29.026478,0.000000
0.000000,28.130154,0.000000
0.000000,25.196680,0.000000
0.000000,19.810476,0.000000
0.000000,21.433552,0.000000
0.000000,23.270622,0.000000
0.000000,23.560635,0.000000
0.000000,21.166979,0.000000
0.000000,20.967886,0.000000
0.000000,21.314000,0.000000
0.000000,23.144339,0.000000
0.000000,21.293606,0.000000
0.000000,24.995250,0.000000
0.000000,28.950178,0.000000
0.000000,28.993292,0.000000
0.000000,26.212837,0.000000
0.000000,26.132776,0.000000
0.000000,26.754091,0.000000
0.000000,26.623594,0.000000
0.000000,27.070765,0.000000
0.000000,50.794323,0.000000
0.000000,51.223923,0.000000
0.000000,52.524770,0.000000
0.000000,24.637222,0.000000
0.000000,46.990013,0.000000
0.000000,50.248074,0.000000
0.000000,45.291500,0.000000
0.000000,38.005547,0.000000
0.000000,37.984005,0.000000
0.000000,35.279785,0.000000
0.000000,38.401005,0.000000
0.000000,33.024666,0.000000
0.000000,37.193600,0.000000
0.000000,41.969930,0.000000
0.000000,39.603480,0.000000
0.000000,38.761845,0.000000
0.000000,41.783020,0.000000
0.000000,40.761590,0.000000
0.000000,37.319435,0.000000
0.000000,19.599619,0.000000
0.000000,13.245142,0.000000
0.000000,10.142126,0.000000
0.000000,-0.501011,0.000000
0.000000,-6.860223,0.000000
0.000000,12.415909,0.000000
0.000000,0.552418,0.000000
0.000000,16.190004,0.000000
0.000000,12.045228,0.000000
0.000000,12.511987,0.000000
0.000000,12.596489,0.000000
0.000000,8.806163,0.000000
0.000000,9.769846,0.000000
0.000000,9.714219,0.000000
0.000000,8.505558,0.000000
0.000000,7.228944,0.000000
0.000000,7.537632,0.000000
0.000000,6.767347,0.000000
0.000000,5.134635,0.000000
0.000000,6.526039,0.000000
0.000000,5.656084,0.000000
0.000000,2.480421,0.000000
0.000000,0.969062,0.000000
0.000000,6.206544,0.000000
0.000000,1.764032,0.000000
0.000000,-0.150421,0.000000
0.000000,0.636664,0.000000
0.000000,-5.809624,0.000000
0.000000,-3.301353,0.000000
0.000000,-8.272411,0.000000
0.000000,2.174618,0.000000
0.000000,5.009505,0.000000
0.000000,4.204886,0.000000
0.000000,6.221534,0.000000
0.000000,8.080138,0.000000
0.000000,6.579118,0.000000
0.000000,11.767834,0.000000
0.000000,-2.561093,0.000000
0.000000,6.539427,0.000000
0.000000,4.968546,0.000000
0.000000,7.536877,0.000000
0.000000,7.478999,0.000000
0.000000,5.027510,0.000000
0.000000,11.360280,0.000000
0.000000,7.809770,0.000000
0.000000,13.387493,0.000000
0.000000,12.836744,0.000000
0.000000,14.388720,0.000000
0.000000,25.723503,0.000000
0.000000,17.489490,0.000000
0.000000,11.757682,0.000000
0.000000,1.203019,0.000000
0.000000,14.235541,0.000000
0.000000,15.767125,0.000000
0.000000,11.215160,0.000000
0.000000,13.899631,0.000000
0.000000,12.625686,0.000000
0.000000,15.833778,0.000000
0.000000,12.888196,0.000000
0.000000,10.069074,0.000000
0.000000,8.725777,0.000000
0.000000,11.583647,0.000000
0.000000,7.458203,0.000000
0.000000,7.142078,0.000000
0.000000,6.578160,0.000000
0.000000,7.361716,0.000000
0.000000,8.178229,0.000000
0.000000,12.663564,0.000000
0.000000,7.037883,0.000000
0.000000,6.323557,0.000000
0.000000,12.817305,0.000000
0.000000,17.510807,0.000000
0.000000,-8.217512,0.000000
0.000000,9.810663,0.000000
0.000000,7.668676,0.000000
0.000000,12.664469,0.000000
0.000000,10.514510,0.000000
0.000000,8.264880,0.000000
0.000000,9.787270,0.000000
0.000000,9.438597,0.000000
0.000000,10.789988,0.000000
0.000000,9.270375,0.000000
0.000000,8.321830,0.000000
0.000000,5.569166,0.000000
0.000000,5.409380,0.000000
0.000000,7.031407,0.000000
0.000000,6.156081,0.000000
0.000000,5.039145,0.000000
0.000000,-0.349029,0.000000
0.000000,5.807986,0.000000
0.000000,4.959697,0.000000
0.000000,0.210543,0.000000
0.000000,5.614190,0.000000
0.000000,5.619556,0.000000
0.000000,4.085011,0.000000
0.000000,5.013297,0.000000
0.000000,2.520933,0.000000
0.000000,4.130071,0.000000
0.000000,7.952949,0.000000
0.000000,7.618459,0.000000
0.000000,13.823628,0.000000
0.000000,10.632718,0.000000
0.000000,10.776631,0.000000
0.000000,6.881878,0.000000
0.000000,8.254217,0.000000
0.000000,7.887388,0.000000
0.000000,7.526930,0.000000
0.000000,5.922300,0.000000
0.000000,6.060220,0.000000
0.000000,6.009398,0.000000
0.000000,6.562261,0.000000
0.000000,5.336335,0.000000
0.000000,9.700829,0.000000
0.000000,13.349581,0.000000
0.000000,14.438561,0.000000
0.000000,14.360056,0.000000
0.000000,19.197050,0.000000
0.000000,19.135885,0.000000
0.000000,9.366544,0.000000
0.000000,14.711998,0.000000
0.000000,18.936274,0.000000
0.000000,18.054663,0.000000
0.000000,16.394632,0.000000
0.000000,15.365470,0.000000
0.000000,16.213630,0.000000
0.000000,12.668988,0.000000
0.000000,19.810776,0.000000
0.000000,7.091885,0.000000
0.000000,20.937826,0.000000
0.000000,20.965696,0.000000
0.000000,22.887997,0.000000
0.000000,23.674131,0.000000
0.000000,22.797970,0.000000
0.000000,20.902124,0.000000
0.000000,27.058527,0.000000
0.000000,24.369537,0.000000
0.000000,27.702950,0.000000
0.000000,28.084127,0.000000
0.000000,29.204628,0.000000
0.000000,27.617922,0.000000
0.000000,27.458351,0.000000
0.000000,27.525032,0.000000
0.000000,25.214512,0.000000
0.000000,19.113935,0.000000
0.000000,27.131440,0.000000
0.000000,26.988993,0.000000
0.000000,27.408388,0.000000
0.000000,25.204980,0.000000
0.000000,19.063100,0.000000
0.000000,25.850954,0.000000
0.000000,24.329930,0.000000
0.000000,15.331990,0.000000
0.000000,23.819250,0.000000
0.000000,25.254482,0.000000
0.000000,25.241634,0.000000
0.000000,25.746530,0.000000
0.000000,23.572930,0.000000
0.000000,24.259548,0.000000
0.000000,22.791653,0.000000
0.000000,17.166647,0.000000
0.000000,19.622551,0.000000
0.000000,23.345125,0.000000
0.000000,19.361135,0.000000
0.000000,19.647816,0.000000
0.000000,24.088870,0.000000
0.000000,20.906510,0.000000
0.000000,20.740395,0.000000
0.000000,19.195080,0.000000
0.000000,17.247095,0.000000
0.000000,14.830298,0.000000
0.000000,19.559278,0.000000
0.000000,19.938700,0.000000
0.000000,18.490276,0.000000
0.000000,10.850791,0.000000
0.000000,11.767364,0.000000
0.000000,9.200547,0.000000
0.000000,4.159058,0.000000
0.000000,-1.742207,0.000000
0.000000,-12.654699,0.000000
0.000000,-15.304845,0.000000
0.000000,-13.271235,0.000000
0.000000,-20.443380,0.000000
0.000000,-8.979153,0.000000
0.000000,-14.630164,0.000000
0.000000,-20.893170,0.000000
0.000000,-22.808851,0.000000
0.000000,-9.739641,0.000000
0.000000,-23.517090,0.000000
0.000000,-25.801460,0.000000
0.000000,-39.599598,0.000000
0.000000,-45.328240,0.000000
0.000000,-52.630540,0.000000
0.000000,-44.005505,0.000000
0.000000,-49.701510,0.000000
0.000000,-41.364548,0.000000
0.000000,-39.927050,0.000000
0.000000,-46.818863,0.000000
0.000000,-48.018700,0.000000
0.000000,-40.783184,0.000000
0.000000,-49.896175,0.000000
0.000000,-51.211334,0.000000
0.000000,-59.551804,0.000000
0.000000,-63.229107,0.000000
0.000000,-57.711360,0.000000
0.000000,-61.742100,0.000000
0.000000,-62.148468,0.000000
0.000000,-62.530373,0.000000
0.000000,-62.637650,0.000000
0.000000,-68.911060,0.000000
0.000000,-71.532300,0.000000
0.000000,-69.822770,0.000000
0.000000,-72.311840,0.000000
0.000000,-74.776170,0.000000
0.000000,-75.289120,0.000000
0.000000,-75.872086,0.000000
0.000000,-77.395760,0.000000
0.000000,-77.115410,0.000000
0.000000,-76.930020,0.000000
0.000000,-77.773010,0.000000
0.000000,-77.366660,0.000000
0.000000,-77.055620,0.000000
0.000000,-79.043720,0.000000
0.000000,-79.392850,0.000000
0.000000,-80.766660,0.000000
0.000000,-82.939285,0.000000
0.000000,-81.285920,0.000000
0.000000,-82.174540,0.000000
0.000000,-80.434140,0.000000
0.000000,-81.715200,0.000000
0.000000,-77.974846,0.000000
0.000000,-77.713570,0.000000
0.000000,-74.744220,0.000000
0.000000,-69.202230,0.000000
0.000000,-70.652245,0.000000
0.000000,-72.768890,0.000000
0.000000,-69.964290,0.000000
0.000000,-69.270040,0.000000
0.000000,-69.355900,0.000000
0.000000,-61.164158,0.000000
0.000000,-63.400272,0.000000
0.000000,-60.999477,0.000000
0.000000,-60.583992,0.000000
0.000000,-60.600437,0.000000
0.000000,-35.827423,0.000000
0.000000,-49.185184,0.000000
0.000000,-32.381570,0.000000
0.000000,-28.394299,0.000000
0.000000,-24.377495,0.000000
0.000000,-10.968528,0.000000
0.000000,-29.434597,0.000000
0.000000,-39.236730,0.000000
0.000000,-18.355616,0.000000
0.000000,-14.314297,0.000000
0.000000,-24.306725,0.000000
0.000000,-10.909260,0.000000
0.000000,-6.313194,0.000000
0.000000,-7.401951,0.000000
0.000000,-8.243764,0.000000
0.000000,-5.188482,0.000000
0.000000,-6.242394,0.000000
0.000000,-5.307133,0.000000
0.000000,0.845251,0.000000
0.000000,-7.316583,0.000000
0.000000,-6.102844,0.000000
0.000000,-3.199868,0.000000
0.000000,-2.332283,0.000000
0.000000,-2.855613,0.000000
0.000000,-4.380481,0.000000
0.000000,-4.463893,0.000000
0.000000,-3.157074,0.000000
0.000000,-2.633504,0.000000
0.000000,1.540426,0.000000
0.000000,7.209660,0.000000
0.000000,0.599288,0.000000
0.000000,4.715542,0.000000
0.000000,-1.168180,0.000000
0.000000,1.513252,0.000000
0.000000,-1.820562,0.000000
0.000000,3.252192,0.000000
0.000000,1.626857,0.000000
0.000000,0.610833,0.000000
0.000000,0.115390,0.000000
0.000000,1.256495,0.000000
0.000000,2.797482,0.000000
0.000000,0.961650,0.000000
0.000000,4.796996,0.000000
0.000000,7.357682,0.000000
0.000000,3.629680,0.000000
0.000000,3.565921,0.000000
0.000000,6.284882,0.000000
0.000000,2.437838,0.000000
0.000000,6.191395,0.000000
0.000000,6.375454,0.000000
0.000000,6.065894,0.000000
0.000000,7.430901,0.000000
0.000000,4.032512,0.000000
0.000000,5.894461,0.000000
0.000000,9.714433,0.000000
0.000000,14.962276,0.000000
0.000000,11.567335,0.000000
0.000000,22.661386,0.000000
0.000000,21.970701,0.000000
0.000000,19.753056,0.000000
0.000000,22.509823,0.000000
0.000000,24.062214,0.000000
0.000000,31.944075,0.000000
0.000000,29.197569,0.000000
0.000000,25.039907,0.000000
0.000000,31.857038,0.000000
0.000000,22.064460,0.000000
0.000000,32.523575,0.000000
0.000000,39.774070,0.000000
0.000000,13.847288,0.000000
0.000000,20.969230,0.000000
0.000000,50.112747,0.000000
0.000000,49.501923,0.000000
0.000000,58.470330,0.000000
0.000000,53.136665,0.000000
0.000000,53.005966,0.000000
0.000000,47.377193,0.000000
0.000000,24.018139,0.000000
0.000000,22.727587,0.000000
0.000000,24.012547,0.000000
0.000000,24.111973,0.000000
0.000000,22.094421,0.000000
0.000000,22.254017,0.000000
0.000000,24.947100,0.000000
0.000000,25.356640,0.000000
0.000000,30.956804,0.000000
0.000000,30.035048,0.000000
0.000000,32.548424,0.000000
0.000000,31.464537,0.000000
0.000000,51.554955,0.000000
0.000000,48.956184,0.000000
0.000000,47.927647,0.000000
0.000000,30.113102,0.000000
0.000000,38.875492,0.000000
0.000000,37.317825,0.000000
0.000000,37.889797,0.000000
0.000000,40.955936,0.000000
0.000000,32.901787,0.000000
0.000000,31.610146,0.000000
0.000000,31.727295,0.000000
0.000000,25.002735,0.000000
0.000000,19.589844,0.000000
0.000000,14.664615,0.000000
0.000000,13.864717,0.000000
0.000000,13.589129,0.000000
0.000000,11.830951,0.000000
0.000000,9.795419,0.000000
0.000000,11.114369,0.000000
0.000000,11.561610,0.000000
0.000000,10.644840,0.000000
0.000000,12.905973,0.000000
0.000000,10.584289,0.000000
0.000000,7.115246,0.000000
0.000000,9.845019,0.000000
0.000000,10.424271,0.000000
0.000000,11.429240,0.000000
0.000000,12.445305,0.000000
0.000000,2.857650,0.000000
0.000000,1.070034,0.000000
0.000000,2.873153,0.000000
0.000000,12.027962,0.000000
0.000000,-15.981519,0.000000
0.000000,-11.069400,0.000000
0.000000,-12.675410,0.000000
0.000000,-41.752210,0.000000
0.000000,-42.146313,0.000000
0.000000,-47.340485,0.000000
0.000000,-52.402077,0.000000
0.000000,-56.257713,0.000000
0.000000,-48.657284,0.000000
0.000000,-52.508210,0.000000
0.000000,-52.777508,0.000000
0.000000,-52.682335,0.000000
0.000000,-49.692608,0.000000
0.000000,-57.558620,0.000000
0.000000,-59.931700,0.000000
0.000000,-66.066940,0.000000
0.000000,-67.759690,0.000000
0.000000,-73.215416,0.000000
0.000000,-74.566660,0.000000
0.000000,-78.745926,0.000000
0.000000,-79.077710,0.000000
0.000000,-75.890490,0.000000
0.000000,-78.066956,0.000000
0.000000,-77.641570,0.000000
0.000000,-76.909680,0.000000
0.000000,-77.192520,0.000000
0.000000,-75.570660,0.000000
0.000000,-78.462204,0.000000
0.000000,-79.647800,0.000000
0.000000,-79.202560,0.000000
0.000000,-79.640820,0.000000
0.000000,-79.897446,0.000000
0.000000,-79.792960,0.000000
0.000000,-79.837320,0.000000
0.000000,-78.286420,0.000000
0.000000,-72.529270,0.000000
0.000000,-74.280090,0.000000
0.000000,-71.064700,0.000000
0.000000,-70.718590,0.000000
0.000000,-73.907590,0.000000
0.000000,-62.330914,0.000000
0.000000,-65.760544,0.000000
0.000000,-65.565600,0.000000
0.000000,-62.249825,0.000000
0.000000,-64.081700,0.000000
0.000000,-64.824340,0.000000
0.000000,-62.646194,0.000000
0.000000,-64.972180,0.000000
0.000000,-59.329414,0.000000
0.000000,-60.870995,0.000000
0.000000,-43.094550,0.000000
0.000000,-36.819750,0.000000
0.000000,-37.601100,0.000000
0.000000,-36.036285,0.000000
0.000000,-15.131953,0.000000
0.000000,-26.233877,0.000000
0.000000,-21.404852,0.000000
0.000000,-7.089254,0.000000
0.000000,-7.495021,0.000000
0.000000,1.473762,0.000000
0.000000,24.661922,0.000000
0.000000,-0.822729,0.000000
0.000000,-0.788730,0.000000
0.000000,0.576524,0.000000
0.000000,4.634269,0.000000
0.000000,2.332519,0.000000
0.000000,4.391027,0.000000
0.000000,7.309965,0.000000
0.000000,7.697187,0.000000
0.000000,6.678435,0.000000
0.000000,1.460229,0.000000
0.000000,2.324197,0.000000
0.000000,2.674346,0.000000
0.000000,7.407468,0.000000
0.000000,9.887652,0.000000
0.000000,12.499723,0.000000
0.000000,22.607391,0.000000
0.000000,27.295738,0.000000
0.000000,31.843310,0.000000
0.000000,31.673098,0.000000
0.000000,41.921173,0.000000
0.000000,43.675930,0.000000
0.000000,40.733482,0.000000
0.000000,30.683449,0.000000
0.000000,29.690838,0.000000
0.000000,30.474699,0.000000
0.000000,49.577034,0.000000
0.000000,50.489650,0.000000
0.000000,49.938084,0.000000
0.000000,47.640835,0.000000
0.000000,54.587406,0.000000
0.000000,35.989360,0.000000
0.000000,47.824860,0.000000
0.000000,30.143326,0.000000
0.000000,29.642374,0.000000
0.000000,35.330230,0.000000
0.000000,38.958550,0.000000
0.000000,29.521532,0.000000
0.000000,24.987162,0.000000
0.000000,37.708057,0.000000
0.000000,24.606985,0.000000
0.000000,-5.633097,0.000000
0.000000,-17.012865,0.000000
0.000000,-11.102063,0.000000
0.000000,25.965914,0.000000
0.000000,27.084446,0.000000
0.000000,20.127985,0.000000
0.000000,12.682054,0.000000
0.000000,7.986144,0.000000
0.000000,2.377922,0.000000
0.000000,2.335463,0.000000
0.000000,1.542843,0.000000
0.000000,2.229567,0.000000
0.000000,-2.493728,0.000000
0.000000,-3.647487,0.000000
0.000000,-3.552377,0.000000
0.000000,2.099346,0.000000
0.000000,-12.902018,0.000000
0.000000,-12.177367,0.000000
0.000000,-14.988099,0.000000
0.000000,-22.971716,0.000000
0.000000,-22.720960,0.000000
0.000000,-17.106647,0.000000
0.000000,-19.397346,0.000000
0.000000,-19.150284,0.000000
0.000000,-19.627777,0.000000
0.000000,-15.584311,0.000000
0.000000,-19.453830,0.000000
0.000000,-17.257902,0.000000
0.000000,-13.921830,0.000000
0.000000,-16.107353,0.000000
0.000000,-16.693724,0.000000
0.000000,-13.406110,0.000000
0.000000,-19.036032,0.000000
0.000000,-19.274078,0.000000
0.000000,-22.440784,0.000000
0.000000,11.146012,0.000000
0.000000,13.415310,0.000000
0.000000,16.065586,0.000000
0.000000,-27.593626,0.000000
0.000000,-36.381123,0.000000
0.000000,-44.115597,0.000000
0.000000,-56.515465,0.000000
0.000000,-55.361835,0.000000
0.000000,-54.013767,0.000000
0.000000,-56.456947,0.000000
0.000000,-55.326527,0.000000
0.000000,-57.253740,0.000000
0.000000,-62.916695,0.000000
0.000000,-67.898300,0.000000
0.000000,-71.524086,0.000000
0.000000,-74.349490,0.000000
0.000000,-71.722290,0.000000
0.000000,-70.375320,0.000000
0.000000,-72.498720,0.000000
0.000000,-73.511380,0.000000
0.000000,-67.333176,0.000000
0.000000,-72.274870,0.000000
0.000000,-76.686200,0.000000
0.000000,-77.328650,0.000000
0.000000,-60.499920,0.000000
0.000000,-67.035140,0.000000
0.000000,-56.875736,0.000000
0.000000,-44.319263,0.000000
0.000000,-44.464170,0.000000
0.000000,-27.541010,0.000000
0.000000,-12.133468,0.000000
0.000000,16.144777,0.000000
0.000000,9.761980,0.000000
0.000000,19.039423,0.000000
0.000000,11.180724,0.000000
0.000000,17.922280,0.000000
0.000000,24.264326,0.000000
0.000000,14.986926,0.000000
0.000000,6.092691,0.000000
0.000000,8.882923,0.000000
0.000000,7.274921,0.000000
0.000000,-25.796324,0.000000
0.000000,-17.275957,0.000000
0.000000,-3.247581,0.000000
0.000000,12.776243,0.000000
0.000000,6.578654,0.000000
0.000000,3.552639,0.000000
0.000000,1.638841,0.000000
0.000000,11.148329,0.000000
0.000000,2.984386,0.000000
0.000000,-5.193785,0.000000
0.000000,-13.701658,0.000000
0.000000,4.767453,0.000000
0.000000,5.613749,0.000000
0.000000,-22.213037,0.000000
0.000000,-23.791637,0.000000
0.000000,-43.277813,0.000000
0.000000,-48.464650,0.000000
0.000000,-63.695522,0.000000
0.000000,-56.829334,0.000000
0.000000,-35.629530,0.000000
0.000000,-28.731121,0.000000
0.000000,0.955589,0.000000
0.000000,-16.072628,0.000000
0.000000,-18.282448,0.000000
0.000000,-12.010293,0.000000
0.000000,-28.904064,0.000000
0.000000,-37.178660,0.000000
0.000000,-30.670744,0.000000
0.000000,-25.507061,0.000000
0.000000,-25.915691,0.000000
0.000000,-24.720135,0.000000
0.000000,-41.354820,0.000000
0.000000,-44.588814,0.000000
0.000000,-57.379513,0.000000
0.000000,-54.519554,0.000000
0.000000,-39.080753,0.000000
0.000000,-36.918324,0.000000
0.000000,-41.414390,0.000000
0.000000,-36.923540,0.000000
0.000000,-38.758614,0.000000
0.000000,-39.540855,0.000000
0.000000,-39.620926,0.000000
